"database","mature_mirna_acc","mature_mirna_id","target_symbol","target_entrez","target_ensembl","score","type","queried_alias"
"targetscan","","hsa-miR-217","CLCF1","23529","ENSG00000175505","-0.396","predicted","hsa-miR-217"
"targetscan","","hsa-miR-217","ZNF616","90317","ENSG00000204611","-0.396","predicted","hsa-miR-217"
"targetscan","","hsa-miR-217","CDKN2B","1030","ENSG00000147883","-0.396","predicted","hsa-miR-217"
"targetscan","","hsa-miR-217","LINC03042","","ENSG00000196166","-0.398","predicted","hsa-miR-217"
"targetscan","","hsa-miR-217","YTHDC1","91746","ENSG00000083896","-0.398","predicted","hsa-miR-217"
"targetscan","","hsa-miR-217","SDC2","6383","ENSG00000169439","-0.399","predicted","hsa-miR-217"
"targetscan","","hsa-miR-217","EPC1","80314","ENSG00000120616","-0.4","predicted","hsa-miR-217"
"targetscan","","hsa-miR-217","PINK1","65018","ENSG00000158828","-0.4","predicted","hsa-miR-217"
"targetscan","","hsa-miR-217","MRPL33","9553","ENSG00000243147","-0.402","predicted","hsa-miR-217"
"targetscan","","hsa-miR-217","NEXN","91624","ENSG00000162614","-0.405","predicted","hsa-miR-217"
"targetscan","","hsa-miR-217","TOPORS","10210","ENSG00000197579","-0.406","predicted","hsa-miR-217"
"targetscan","","hsa-miR-217","URB2","9816","ENSG00000135763","-0.407","predicted","hsa-miR-217"
"targetscan","","hsa-miR-217","PPM1D","8493","ENSG00000170836","-0.407","predicted","hsa-miR-217"
"targetscan","","hsa-miR-217","ATP1B1","481","ENSG00000143153","-0.408","predicted","hsa-miR-217"
"targetscan","","hsa-miR-217","SLC6A3","6531","ENSG00000142319","-0.408","predicted","hsa-miR-217"
"targetscan","","hsa-miR-217","SELENOP","6414","ENSG00000250722","-0.409","predicted","hsa-miR-217"
"targetscan","","hsa-miR-217","POU3F3","5455","ENSG00000198914","-0.411","predicted","hsa-miR-217"
"targetscan","","hsa-miR-217","TWSG1","57045","ENSG00000128791","-0.414","predicted","hsa-miR-217"
"targetscan","","hsa-miR-217","ATG7","10533","ENSG00000197548","-0.414","predicted","hsa-miR-217"
"targetscan","","hsa-miR-217","CCNYL1","151195","ENSG00000163249","-0.414","predicted","hsa-miR-217"
"targetscan","","hsa-miR-217","MCUB","55013","ENSG00000005059","-0.415","predicted","hsa-miR-217"
"targetscan","","hsa-miR-217","IPO11","51194","ENSG00000086200","-0.417","predicted","hsa-miR-217"
"targetscan","","hsa-miR-217","CARD16","114769","ENSG00000204397","-0.417","predicted","hsa-miR-217"
"targetscan","","hsa-miR-217","WDR77","79084","ENSG00000116455","-0.419","predicted","hsa-miR-217"
"targetscan","","hsa-miR-217","SUB1","10923","ENSG00000113387","-0.419","predicted","hsa-miR-217"
"targetscan","","hsa-miR-217","DPH6","89978","ENSG00000134146","-0.42","predicted","hsa-miR-217"
"targetscan","","hsa-miR-217","ATP13A4","84239","ENSG00000127249","-0.421","predicted","hsa-miR-217"
"targetscan","","hsa-miR-217","ZDHHC5","25921","ENSG00000156599","-0.421","predicted","hsa-miR-217"
"targetscan","","hsa-miR-217","DACT1","51339","ENSG00000165617","-0.423","predicted","hsa-miR-217"
"targetscan","","hsa-miR-217","SCAMP1","9522","ENSG00000085365","-0.426","predicted","hsa-miR-217"
"targetscan","","hsa-miR-217","KRT35","3886","ENSG00000197079","-0.426","predicted","hsa-miR-217"
"targetscan","","hsa-miR-217","GAR1","54433","ENSG00000109534","-0.427","predicted","hsa-miR-217"
"targetscan","","hsa-miR-217","ZNF92","168374","ENSG00000146757","-0.428","predicted","hsa-miR-217"
"targetscan","","hsa-miR-217","ANLN","54443","ENSG00000011426","-0.429","predicted","hsa-miR-217"
"targetscan","","hsa-miR-217","GTF2H2","728340","ENSG00000145736","-0.43","predicted","hsa-miR-217"
"targetscan","","hsa-miR-217","GTF2H2","2966","ENSG00000145736","-0.43","predicted","hsa-miR-217"
"targetscan","","hsa-miR-217","ALDH16A1","126133","ENSG00000161618","-0.431","predicted","hsa-miR-217"
"targetscan","","hsa-miR-217","AC135178.1","","ENSG00000198150","-0.431","predicted","hsa-miR-217"
"targetscan","","hsa-miR-217","ANP32E","81611","ENSG00000143401","-0.431","predicted","hsa-miR-217"
"targetscan","","hsa-miR-217","BAG3","9531","ENSG00000151929","-0.432","predicted","hsa-miR-217"
"targetscan","","hsa-miR-217","MRPL9","65005","ENSG00000143436","-0.433","predicted","hsa-miR-217"
"targetscan","","hsa-miR-217","ZNF354B","117608","ENSG00000178338","-0.436","predicted","hsa-miR-217"
"targetscan","","hsa-miR-217","CCT6B","10693","ENSG00000132141","-0.439","predicted","hsa-miR-217"
"targetscan","","hsa-miR-217","IAPP","3375","ENSG00000121351","-0.439","predicted","hsa-miR-217"
"targetscan","","hsa-miR-217","RABL3","285282","ENSG00000144840","-0.44","predicted","hsa-miR-217"
"targetscan","","hsa-miR-217","SEMA3A","10371","ENSG00000075213","-0.44","predicted","hsa-miR-217"
"targetscan","","hsa-miR-217","FIGLA","344018","ENSG00000183733","-0.44","predicted","hsa-miR-217"
"targetscan","","hsa-miR-217","UBL3","5412","ENSG00000122042","-0.44","predicted","hsa-miR-217"
"targetscan","","hsa-miR-217","BEND6","221336","ENSG00000151917","-0.449","predicted","hsa-miR-217"
"targetscan","","hsa-miR-217","LINC03010","","ENSG00000218672","-0.45","predicted","hsa-miR-217"
"targetscan","","hsa-miR-217","LINC02914","283598","ENSG00000176605","-0.451","predicted","hsa-miR-217"
"targetscan","","hsa-miR-217","ZNF443","10224","ENSG00000180855","-0.454","predicted","hsa-miR-217"
"targetscan","","hsa-miR-217","RTN1","6252","ENSG00000139970","-0.454","predicted","hsa-miR-217"
"targetscan","","hsa-miR-217","DACH2","117154","ENSG00000126733","-0.457","predicted","hsa-miR-217"
"targetscan","","hsa-miR-217","SLC66A3","130814","ENSG00000162976","-0.46","predicted","hsa-miR-217"
"targetscan","","hsa-miR-217","USP27X","","ENSG00000242013","-0.462","predicted","hsa-miR-217"
"targetscan","","hsa-miR-217","CD300LD","100131439","ENSG00000204345","-0.463","predicted","hsa-miR-217"
"targetscan","","hsa-miR-217","SCAMP1","9522","ENSG00000085365","-0.466","predicted","hsa-miR-217"
"targetscan","","hsa-miR-217","KLHL10","317719","ENSG00000161594","-0.474","predicted","hsa-miR-217"
"targetscan","","hsa-miR-217","CES4A","283848","ENSG00000172824","-0.476","predicted","hsa-miR-217"
"targetscan","","hsa-miR-217","GHITM","27069","ENSG00000165678","-0.478","predicted","hsa-miR-217"
"targetscan","","hsa-miR-217","TNFSF11","8600","ENSG00000120659","-0.481","predicted","hsa-miR-217"
"targetscan","","hsa-miR-217","TUBB6","84617","ENSG00000176014","-0.483","predicted","hsa-miR-217"
"targetscan","","hsa-miR-217","KCNMB3","27094","ENSG00000171121","-0.484","predicted","hsa-miR-217"
"targetscan","","hsa-miR-217","MORF4L2","9643","ENSG00000123562","-0.484","predicted","hsa-miR-217"
"targetscan","","hsa-miR-217","SPATA22","84690","ENSG00000141255","-0.485","predicted","hsa-miR-217"
"targetscan","","hsa-miR-217","ST8SIA6","338596","ENSG00000148488","-0.486","predicted","hsa-miR-217"
"targetscan","","hsa-miR-217","HMOX1","3162","ENSG00000100292","-0.489","predicted","hsa-miR-217"
"targetscan","","hsa-miR-217","RAB4A","5867","ENSG00000168118","-0.489","predicted","hsa-miR-217"
"targetscan","","hsa-miR-217","DNA2","1763","ENSG00000138346","-0.489","predicted","hsa-miR-217"
"targetscan","","hsa-miR-217","TMEM126B","55863","ENSG00000171204","-0.491","predicted","hsa-miR-217"
"targetscan","","hsa-miR-217","TMEM68","137695","ENSG00000167904","-0.495","predicted","hsa-miR-217"
"targetscan","","hsa-miR-217","LHPP","64077","ENSG00000107902","-0.496","predicted","hsa-miR-217"
"targetscan","","hsa-miR-217","TMEM178A","130733","ENSG00000152154","-0.501","predicted","hsa-miR-217"
"targetscan","","hsa-miR-217","VSNL1","7447","ENSG00000163032","-0.502","predicted","hsa-miR-217"
"targetscan","","hsa-miR-217","LAMA4","3910","ENSG00000112769","-0.509","predicted","hsa-miR-217"
"targetscan","","hsa-miR-217","EZH2","2146","ENSG00000106462","-0.51","predicted","hsa-miR-217"
"targetscan","","hsa-miR-217","TMA16","55319","ENSG00000198498","-0.51","predicted","hsa-miR-217"
"targetscan","","hsa-miR-217","GBE1","2632","ENSG00000114480","-0.521","predicted","hsa-miR-217"
"targetscan","","hsa-miR-217","LINC01558","26238","ENSG00000146521","-0.522","predicted","hsa-miR-217"
"targetscan","","hsa-miR-217","TMEM67","91147","ENSG00000164953","-0.527","predicted","hsa-miR-217"
"targetscan","","hsa-miR-217","TEX101","83639","ENSG00000131126","-0.527","predicted","hsa-miR-217"
"targetscan","","hsa-miR-217","PTP4A1","7803","ENSG00000112245","-0.527","predicted","hsa-miR-217"
"targetscan","","hsa-miR-217","AGO2","27161","ENSG00000123908","-0.546","predicted","hsa-miR-217"
"targetscan","","hsa-miR-217","LDHAL6B","92483","ENSG00000171989","-0.566","predicted","hsa-miR-217"
"targetscan","","hsa-miR-217","SURF1","6834","ENSG00000148290","-0.568","predicted","hsa-miR-217"
"targetscan","","hsa-miR-217","NSUN3","63899","ENSG00000178694","-0.577","predicted","hsa-miR-217"
"targetscan","","hsa-miR-217","TDO2","6999","ENSG00000151790","-0.577","predicted","hsa-miR-217"
"targetscan","","hsa-miR-217","MYL12A","10627","ENSG00000101608","-0.583","predicted","hsa-miR-217"
"targetscan","","hsa-miR-217","DIO1","1733","ENSG00000211452","-0.583","predicted","hsa-miR-217"
"targetscan","","hsa-miR-217","CAV3","859","ENSG00000182533","-0.585","predicted","hsa-miR-217"
"targetscan","","hsa-miR-217","POGLUT2","79070","ENSG00000134901","-0.59","predicted","hsa-miR-217"
"targetscan","","hsa-miR-217","KATNA1","11104","ENSG00000186625","-0.616","predicted","hsa-miR-217"
"targetscan","","hsa-miR-217","DDX53","168400","ENSG00000184735","-0.634","predicted","hsa-miR-217"
"targetscan","","hsa-miR-217","TMPRSS7","344805","ENSG00000176040","-0.635","predicted","hsa-miR-217"
"targetscan","","hsa-miR-217","MTERF3","51001","ENSG00000156469","-0.647","predicted","hsa-miR-217"
"targetscan","","hsa-miR-217","MYL12B","103910","ENSG00000118680","-0.653","predicted","hsa-miR-217"
"targetscan","","hsa-miR-217","ITPA","3704","ENSG00000125877","-0.674","predicted","hsa-miR-217"
