seed_family_rank,circRNA,seed_2_8,representative_miRNA,family_members,n_mature_miRNAs_in_family,n_8mer,n_7mer_m8,n_7mer_A1,n_canonical_sites,n_junction_spanning_sites,site_density_per_kb,weighted_seed_score
1,hsa_circ_0087640|CDC14B|TransCirc_TC-hsa-CDC14B_0017,ACUGCAU,hsa-miR-217-5p,hsa-miR-217-5p;hsa-miR-6807-3p,2,2,0,1,3,0,2.5359,7
2,hsa_circ_0087640|CDC14B|TransCirc_TC-hsa-CDC14B_0017,AAUGGCA,hsa-miR-5197-5p,hsa-miR-5197-5p,1,0,3,0,3,0,2.5359,6
3,hsa_circ_0087640|CDC14B|TransCirc_TC-hsa-CDC14B_0017,UGCAAUG,hsa-miR-106a-3p,hsa-miR-106a-3p,1,1,1,0,2,0,1.6906,5
4,hsa_circ_0087640|CDC14B|TransCirc_TC-hsa-CDC14B_0017,CUCCAUU,hsa-miR-136-5p,hsa-miR-136-5p,1,1,1,0,2,0,1.6906,5
5,hsa_circ_0087640|CDC14B|TransCirc_TC-hsa-CDC14B_0017,UAACAUU,hsa-miR-3143,hsa-miR-3143,1,1,1,0,2,0,1.6906,5
6,hsa_circ_0087640|CDC14B|TransCirc_TC-hsa-CDC14B_0017,CAAGGCC,hsa-miR-3922-5p,hsa-miR-3922-5p,1,1,1,0,2,0,1.6906,5
7,hsa_circ_0087640|CDC14B|TransCirc_TC-hsa-CDC14B_0017,UGCUUCA,hsa-miR-3977,hsa-miR-3977,1,1,1,0,2,0,1.6906,5
8,hsa_circ_0087640|CDC14B|TransCirc_TC-hsa-CDC14B_0017,CAGCAUU,hsa-miR-4310,hsa-miR-4310;hsa-miR-7157-5p,2,1,1,0,2,0,1.6906,5
9,hsa_circ_0087640|CDC14B|TransCirc_TC-hsa-CDC14B_0017,GGUCUGC,hsa-miR-4527,hsa-miR-4527;hsa-miR-6503-5p,2,1,1,0,2,0,1.6906,5
10,hsa_circ_0087640|CDC14B|TransCirc_TC-hsa-CDC14B_0017,UGGCAUC,hsa-miR-4642,hsa-miR-4642,1,1,1,0,2,0,1.6906,5
11,hsa_circ_0087640|CDC14B|TransCirc_TC-hsa-CDC14B_0017,CUCUGAA,hsa-miR-146a-3p,hsa-miR-146a-3p,1,1,0,1,2,0,1.6906,4
12,hsa_circ_0087640|CDC14B|TransCirc_TC-hsa-CDC14B_0017,UCUGCUG,hsa-miR-6071,hsa-miR-6071,1,0,1,2,3,0,2.5359,4
13,hsa_circ_0087640|CDC14B|TransCirc_TC-hsa-CDC14B_0017,GCAGCAU,hsa-miR-103a-3p,hsa-miR-103a-3p;hsa-miR-107,2,0,2,0,2,0,1.6906,4
14,hsa_circ_0087640|CDC14B|TransCirc_TC-hsa-CDC14B_0017,CAUUUUC,hsa-miR-1250-3p,hsa-miR-1250-3p,1,0,2,0,2,0,1.6906,4
15,hsa_circ_0087640|CDC14B|TransCirc_TC-hsa-CDC14B_0017,CAUUGCC,hsa-miR-4317,hsa-miR-4317,1,0,2,0,2,0,1.6906,4
16,hsa_circ_0087640|CDC14B|TransCirc_TC-hsa-CDC14B_0017,GAAGCCA,hsa-miR-4786-3p,hsa-miR-4786-3p,1,0,2,0,2,0,1.6906,4
17,hsa_circ_0087640|CDC14B|TransCirc_TC-hsa-CDC14B_0017,GAAGGCA,hsa-miR-605-3p,hsa-miR-605-3p,1,0,2,0,2,0,1.6906,4
18,hsa_circ_0087640|CDC14B|TransCirc_TC-hsa-CDC14B_0017,AUAUUCA,hsa-miR-6074,hsa-miR-6074,1,0,2,0,2,0,1.6906,4
19,hsa_circ_0087640|CDC14B|TransCirc_TC-hsa-CDC14B_0017,GGCUGCU,hsa-miR-6762-3p,hsa-miR-6762-3p,1,0,2,0,2,0,1.6906,4
20,hsa_circ_0087640|CDC14B|TransCirc_TC-hsa-CDC14B_0017,UUUGCUU,hsa-miR-6885-3p,hsa-miR-6885-3p,1,0,2,0,2,0,1.6906,4
21,hsa_circ_0087640|CDC14B|TransCirc_TC-hsa-CDC14B_0017,GCUUCUU,hsa-miR-103a-1-5p,hsa-miR-103a-1-5p;hsa-miR-103a-2-5p,2,1,0,0,1,0,0.8453,3
22,hsa_circ_0087640|CDC14B|TransCirc_TC-hsa-CDC14B_0017,GACCCAC,hsa-miR-1180-5p,hsa-miR-1180-5p;hsa-miR-7114-3p,2,1,0,0,1,0,0.8453,3
23,hsa_circ_0087640|CDC14B|TransCirc_TC-hsa-CDC14B_0017,UUGGAGA,hsa-miR-12131,hsa-miR-12131,1,1,0,0,1,0,0.8453,3
24,hsa_circ_0087640|CDC14B|TransCirc_TC-hsa-CDC14B_0017,UGAGUGG,hsa-miR-1238-5p,hsa-miR-1238-5p;hsa-miR-4758-5p,2,1,0,0,1,0,0.8453,3
25,hsa_circ_0087640|CDC14B|TransCirc_TC-hsa-CDC14B_0017,AAAUGAG,hsa-miR-1252-3p,hsa-miR-1252-3p,1,1,0,0,1,0,0.8453,3
26,hsa_circ_0087640|CDC14B|TransCirc_TC-hsa-CDC14B_0017,AGGAUGU,hsa-miR-1265,hsa-miR-1265,1,1,0,0,1,0,0.8453,3
27,hsa_circ_0087640|CDC14B|TransCirc_TC-hsa-CDC14B_0017,CUGGCUC,hsa-miR-149-5p,hsa-miR-149-5p,1,1,0,0,1,0,0.8453,3
28,hsa_circ_0087640|CDC14B|TransCirc_TC-hsa-CDC14B_0017,CUCCUGC,hsa-miR-1976,hsa-miR-1976,1,1,0,0,1,0,0.8453,3
29,hsa_circ_0087640|CDC14B|TransCirc_TC-hsa-CDC14B_0017,GAGUUGA,hsa-miR-219a-1-3p,hsa-miR-219a-1-3p,1,1,0,0,1,0,0.8453,3
30,hsa_circ_0087640|CDC14B|TransCirc_TC-hsa-CDC14B_0017,AGAGAAU,hsa-miR-3123,hsa-miR-3123,1,1,0,0,1,0,0.8453,3
31,hsa_circ_0087640|CDC14B|TransCirc_TC-hsa-CDC14B_0017,CCCCUUC,hsa-miR-3127-3p,hsa-miR-3127-3p;hsa-miR-6756-3p,2,1,0,0,1,0,0.8453,3
32,hsa_circ_0087640|CDC14B|TransCirc_TC-hsa-CDC14B_0017,CUGCAGA,hsa-miR-3158-5p,hsa-miR-3158-5p,1,1,0,0,1,0,0.8453,3
33,hsa_circ_0087640|CDC14B|TransCirc_TC-hsa-CDC14B_0017,AAGUCUC,hsa-miR-3184-3p,hsa-miR-3184-3p,1,1,0,0,1,0,0.8453,3
34,hsa_circ_0087640|CDC14B|TransCirc_TC-hsa-CDC14B_0017,UUUUCAU,hsa-miR-335-3p,hsa-miR-335-3p,1,1,0,0,1,0,0.8453,3
35,hsa_circ_0087640|CDC14B|TransCirc_TC-hsa-CDC14B_0017,AAAAUGA,hsa-miR-3662,hsa-miR-3662,1,1,0,0,1,0,0.8453,3
36,hsa_circ_0087640|CDC14B|TransCirc_TC-hsa-CDC14B_0017,CUCAGGA,hsa-miR-3664-3p,hsa-miR-3664-3p,1,1,0,0,1,0,0.8453,3
37,hsa_circ_0087640|CDC14B|TransCirc_TC-hsa-CDC14B_0017,AUGGAAA,hsa-miR-3688-3p,hsa-miR-3688-3p,1,1,0,0,1,0,0.8453,3
38,hsa_circ_0087640|CDC14B|TransCirc_TC-hsa-CDC14B_0017,GAUCAGA,hsa-miR-383-5p,hsa-miR-383-5p,1,1,0,0,1,0,0.8453,3
39,hsa_circ_0087640|CDC14B|TransCirc_TC-hsa-CDC14B_0017,UGUCCAU,hsa-miR-3912-5p,hsa-miR-3912-5p,1,1,0,0,1,0,0.8453,3
40,hsa_circ_0087640|CDC14B|TransCirc_TC-hsa-CDC14B_0017,AUAUAAC,hsa-miR-410-3p,hsa-miR-410-3p,1,1,0,0,1,0,0.8453,3
41,hsa_circ_0087640|CDC14B|TransCirc_TC-hsa-CDC14B_0017,AGUGUUC,hsa-miR-4255,hsa-miR-4255,1,1,0,0,1,0,0.8453,3
42,hsa_circ_0087640|CDC14B|TransCirc_TC-hsa-CDC14B_0017,UCAUGAU,hsa-miR-433-3p,hsa-miR-433-3p,1,1,0,0,1,0,0.8453,3
43,hsa_circ_0087640|CDC14B|TransCirc_TC-hsa-CDC14B_0017,GGAGAAG,hsa-miR-4434,hsa-miR-4434;hsa-miR-4516;hsa-miR-5703,3,1,0,0,1,0,0.8453,3
44,hsa_circ_0087640|CDC14B|TransCirc_TC-hsa-CDC14B_0017,UGGAGAA,hsa-miR-4531,hsa-miR-4531,1,1,0,0,1,0,0.8453,3
45,hsa_circ_0087640|CDC14B|TransCirc_TC-hsa-CDC14B_0017,CUCGGCU,hsa-miR-4638-5p,hsa-miR-4638-5p,1,1,0,0,1,0,0.8453,3
46,hsa_circ_0087640|CDC14B|TransCirc_TC-hsa-CDC14B_0017,AGCAGGC,hsa-miR-4690-5p,hsa-miR-4690-5p,1,1,0,0,1,0,0.8453,3
47,hsa_circ_0087640|CDC14B|TransCirc_TC-hsa-CDC14B_0017,AUGCUGA,hsa-miR-4728-3p,hsa-miR-4728-3p,1,1,0,0,1,0,0.8453,3
48,hsa_circ_0087640|CDC14B|TransCirc_TC-hsa-CDC14B_0017,CUGAAAG,hsa-miR-4766-5p,hsa-miR-4766-5p,1,1,0,0,1,0,0.8453,3
49,hsa_circ_0087640|CDC14B|TransCirc_TC-hsa-CDC14B_0017,CAGGAGA,hsa-miR-4768-3p,hsa-miR-4768-3p,1,1,0,0,1,0,0.8453,3
50,hsa_circ_0087640|CDC14B|TransCirc_TC-hsa-CDC14B_0017,CUGGUAU,hsa-miR-4774-5p,hsa-miR-4774-5p,1,1,0,0,1,0,0.8453,3
51,hsa_circ_0087640|CDC14B|TransCirc_TC-hsa-CDC14B_0017,CAUCCUG,hsa-miR-4793-5p,hsa-miR-4793-5p,1,1,0,0,1,0,0.8453,3
52,hsa_circ_0087640|CDC14B|TransCirc_TC-hsa-CDC14B_0017,UUGGAUU,hsa-miR-5004-3p,hsa-miR-5004-3p,1,1,0,0,1,0,0.8453,3
53,hsa_circ_0087640|CDC14B|TransCirc_TC-hsa-CDC14B_0017,GAGGCCC,hsa-miR-5008-5p,hsa-miR-5008-5p,1,1,0,0,1,0,0.8453,3
54,hsa_circ_0087640|CDC14B|TransCirc_TC-hsa-CDC14B_0017,GGAAAUG,hsa-miR-5093,hsa-miR-5093,1,1,0,0,1,0,0.8453,3
55,hsa_circ_0087640|CDC14B|TransCirc_TC-hsa-CDC14B_0017,CUCCAAA,hsa-miR-519d-5p,hsa-miR-519d-5p,1,1,0,0,1,0,0.8453,3
56,hsa_circ_0087640|CDC14B|TransCirc_TC-hsa-CDC14B_0017,GAAAACA,hsa-miR-570-3p,hsa-miR-570-3p,1,1,0,0,1,0,0.8453,3
57,hsa_circ_0087640|CDC14B|TransCirc_TC-hsa-CDC14B_0017,UGUGUCA,hsa-miR-592,hsa-miR-592,1,1,0,0,1,0,0.8453,3
58,hsa_circ_0087640|CDC14B|TransCirc_TC-hsa-CDC14B_0017,GUGUCAC,hsa-miR-597-5p,hsa-miR-597-5p,1,1,0,0,1,0,0.8453,3
59,hsa_circ_0087640|CDC14B|TransCirc_TC-hsa-CDC14B_0017,UCCAGCC,hsa-miR-6512-3p,hsa-miR-6512-3p;hsa-miR-6720-5p,2,1,0,0,1,0,0.8453,3
60,hsa_circ_0087640|CDC14B|TransCirc_TC-hsa-CDC14B_0017,GUCACUC,hsa-miR-668-3p,hsa-miR-668-3p,1,1,0,0,1,0,0.8453,3
61,hsa_circ_0087640|CDC14B|TransCirc_TC-hsa-CDC14B_0017,GUCUUCU,hsa-miR-6740-3p,hsa-miR-6740-3p,1,1,0,0,1,0,0.8453,3
62,hsa_circ_0087640|CDC14B|TransCirc_TC-hsa-CDC14B_0017,AGGGGUG,hsa-miR-6782-5p,hsa-miR-6782-5p,1,1,0,0,1,0,0.8453,3
63,hsa_circ_0087640|CDC14B|TransCirc_TC-hsa-CDC14B_0017,GUAGAGA,hsa-miR-6832-5p,hsa-miR-6832-5p,1,1,0,0,1,0,0.8453,3
64,hsa_circ_0087640|CDC14B|TransCirc_TC-hsa-CDC14B_0017,UUCUUCC,hsa-miR-6875-3p,hsa-miR-6875-3p,1,1,0,0,1,0,0.8453,3
65,hsa_circ_0087640|CDC14B|TransCirc_TC-hsa-CDC14B_0017,GUCUCUC,hsa-miR-6895-3p,hsa-miR-6895-3p,1,1,0,0,1,0,0.8453,3
66,hsa_circ_0087640|CDC14B|TransCirc_TC-hsa-CDC14B_0017,CUGGGGU,hsa-miR-7155-5p,hsa-miR-7155-5p,1,1,0,0,1,0,0.8453,3
67,hsa_circ_0087640|CDC14B|TransCirc_TC-hsa-CDC14B_0017,GCUGAGG,hsa-miR-7160-5p,hsa-miR-7160-5p,1,1,0,0,1,0,0.8453,3
68,hsa_circ_0087640|CDC14B|TransCirc_TC-hsa-CDC14B_0017,CAGAGUG,hsa-miR-759,hsa-miR-759,1,1,0,0,1,0,0.8453,3
69,hsa_circ_0087640|CDC14B|TransCirc_TC-hsa-CDC14B_0017,AGUAACA,hsa-miR-802,hsa-miR-802,1,1,0,0,1,0,0.8453,3
70,hsa_circ_0087640|CDC14B|TransCirc_TC-hsa-CDC14B_0017,UGUGAUU,hsa-miR-8070,hsa-miR-8070,1,1,0,0,1,0,0.8453,3
71,hsa_circ_0087640|CDC14B|TransCirc_TC-hsa-CDC14B_0017,GCAACUU,hsa-miR-891b,hsa-miR-891b,1,1,0,0,1,0,0.8453,3
72,hsa_circ_0087640|CDC14B|TransCirc_TC-hsa-CDC14B_0017,AUUCAGA,hsa-miR-892c-5p,hsa-miR-892c-5p,1,1,0,0,1,0,0.8453,3
73,hsa_circ_0087640|CDC14B|TransCirc_TC-hsa-CDC14B_0017,CUUUGGU,hsa-miR-9-5p,hsa-miR-9-5p,1,1,0,0,1,0,0.8453,3
74,hsa_circ_0087640|CDC14B|TransCirc_TC-hsa-CDC14B_0017,ACUGCAG,hsa-miR-4418,hsa-miR-4418;hsa-miR-509-3-5p;hsa-miR-509-5p,3,0,0,3,3,0,2.5359,3
75,hsa_circ_0087640|CDC14B|TransCirc_TC-hsa-CDC14B_0017,UAUUCAU,hsa-miR-12123,hsa-miR-12123,1,0,1,1,2,0,1.6906,3
76,hsa_circ_0087640|CDC14B|TransCirc_TC-hsa-CDC14B_0017,AAAUGAA,hsa-miR-3646,hsa-miR-3646,1,0,1,1,2,0,1.6906,3
77,hsa_circ_0087640|CDC14B|TransCirc_TC-hsa-CDC14B_0017,UUCUUCU,hsa-miR-4659a-3p,hsa-miR-4659a-3p;hsa-miR-4659b-3p,2,0,1,1,2,0,1.6906,3
78,hsa_circ_0087640|CDC14B|TransCirc_TC-hsa-CDC14B_0017,UGGUCUC,hsa-miR-6843-3p,hsa-miR-6843-3p;hsa-miR-6848-3p,2,0,1,1,2,0,1.6906,3
79,hsa_circ_0087640|CDC14B|TransCirc_TC-hsa-CDC14B_0017,GUUCAUU,hsa-miR-6853-3p,hsa-miR-6853-3p,1,0,1,1,2,0,1.6906,3
80,hsa_circ_0087640|CDC14B|TransCirc_TC-hsa-CDC14B_0017,CUGCUGA,hsa-miR-93-3p,hsa-miR-93-3p,1,0,1,1,2,0,1.6906,3
81,hsa_circ_0087640|CDC14B|TransCirc_TC-hsa-CDC14B_0017,CAUAUUG,hsa-miR-1279,hsa-miR-1279,1,0,0,2,2,0,1.6906,2
82,hsa_circ_0087640|CDC14B|TransCirc_TC-hsa-CDC14B_0017,UCAAGUA,hsa-miR-1297,hsa-miR-1297;hsa-miR-26a-5p;hsa-miR-26b-5p;hsa-miR-4465,4,0,0,2,2,0,1.6906,2
83,hsa_circ_0087640|CDC14B|TransCirc_TC-hsa-CDC14B_0017,CUCUGAC,hsa-miR-301a-5p,hsa-miR-301a-5p;hsa-miR-301b-5p,2,0,0,2,2,0,1.6906,2
84,hsa_circ_0087640|CDC14B|TransCirc_TC-hsa-CDC14B_0017,GCUUUUG,hsa-miR-3140-3p,hsa-miR-3140-3p,1,0,0,2,2,0,1.6906,2
85,hsa_circ_0087640|CDC14B|TransCirc_TC-hsa-CDC14B_0017,CUUCUGU,hsa-miR-3182,hsa-miR-3182,1,0,0,2,2,0,1.6906,2
86,hsa_circ_0087640|CDC14B|TransCirc_TC-hsa-CDC14B_0017,CUCUGAG,hsa-miR-3921,hsa-miR-3921;hsa-miR-4653-5p,2,0,0,2,2,0,1.6906,2
87,hsa_circ_0087640|CDC14B|TransCirc_TC-hsa-CDC14B_0017,UUCAAGC,hsa-miR-498-5p,hsa-miR-498-5p,1,0,0,2,2,0,1.6906,2
88,hsa_circ_0087640|CDC14B|TransCirc_TC-hsa-CDC14B_0017,AACAUUC,hsa-miR-543,hsa-miR-543,1,0,0,2,2,0,1.6906,2
89,hsa_circ_0087640|CDC14B|TransCirc_TC-hsa-CDC14B_0017,UCUGCUC,hsa-miR-6828-3p,hsa-miR-6828-3p,1,0,0,2,2,0,1.6906,2
90,hsa_circ_0087640|CDC14B|TransCirc_TC-hsa-CDC14B_0017,GAAUUCU,hsa-miR-10393-5p,hsa-miR-10393-5p,1,0,1,0,1,0,0.8453,2
91,hsa_circ_0087640|CDC14B|TransCirc_TC-hsa-CDC14B_0017,AGAGGUU,hsa-miR-12127,hsa-miR-12127,1,0,1,0,1,0,0.8453,2
92,hsa_circ_0087640|CDC14B|TransCirc_TC-hsa-CDC14B_0017,AUGUACU,hsa-miR-12129,hsa-miR-12129,1,0,1,0,1,0,0.8453,2
93,hsa_circ_0087640|CDC14B|TransCirc_TC-hsa-CDC14B_0017,GUGUUCA,hsa-miR-124-5p,hsa-miR-124-5p,1,0,1,0,1,0,0.8453,2
94,hsa_circ_0087640|CDC14B|TransCirc_TC-hsa-CDC14B_0017,CCUUCUU,hsa-miR-1248,hsa-miR-1248,1,0,1,0,1,0,0.8453,2
95,hsa_circ_0087640|CDC14B|TransCirc_TC-hsa-CDC14B_0017,GCUUUGC,hsa-miR-1251-3p,hsa-miR-1251-3p,1,0,1,0,1,0,0.8453,2
96,hsa_circ_0087640|CDC14B|TransCirc_TC-hsa-CDC14B_0017,ACCACUU,hsa-miR-1255b-2-3p,hsa-miR-1255b-2-3p,1,0,1,0,1,0,0.8453,2
97,hsa_circ_0087640|CDC14B|TransCirc_TC-hsa-CDC14B_0017,AAUAUAU,hsa-miR-1277-5p,hsa-miR-1277-5p,1,0,1,0,1,0,0.8453,2
98,hsa_circ_0087640|CDC14B|TransCirc_TC-hsa-CDC14B_0017,AACAGUC,hsa-miR-132-3p,hsa-miR-132-3p;hsa-miR-212-3p,2,0,1,0,1,0,0.8453,2
99,hsa_circ_0087640|CDC14B|TransCirc_TC-hsa-CDC14B_0017,AAGUUCU,hsa-miR-148a-5p,hsa-miR-148a-5p,1,0,1,0,1,0,0.8453,2
100,hsa_circ_0087640|CDC14B|TransCirc_TC-hsa-CDC14B_0017,AUCAUAC,hsa-miR-154-3p,hsa-miR-154-3p;hsa-miR-487a-3p,2,0,1,0,1,0,0.8453,2
101,hsa_circ_0087640|CDC14B|TransCirc_TC-hsa-CDC14B_0017,UAAUGCU,hsa-miR-155-5p,hsa-miR-155-5p,1,0,1,0,1,0,0.8453,2
102,hsa_circ_0087640|CDC14B|TransCirc_TC-hsa-CDC14B_0017,AUGGCAC,hsa-miR-183-5p,hsa-miR-183-5p,1,0,1,0,1,0,0.8453,2
103,hsa_circ_0087640|CDC14B|TransCirc_TC-hsa-CDC14B_0017,GAGUGCC,hsa-miR-1909-5p,hsa-miR-1909-5p,1,0,1,0,1,0,0.8453,2
104,hsa_circ_0087640|CDC14B|TransCirc_TC-hsa-CDC14B_0017,CUGCCCC,hsa-miR-1913,hsa-miR-1913,1,0,1,0,1,0,0.8453,2
105,hsa_circ_0087640|CDC14B|TransCirc_TC-hsa-CDC14B_0017,AGUGGUC,hsa-miR-203b-5p,hsa-miR-203b-5p;hsa-miR-6718-5p,2,0,1,0,1,0,0.8453,2
106,hsa_circ_0087640|CDC14B|TransCirc_TC-hsa-CDC14B_0017,CUGCAUU,hsa-miR-20a-3p,hsa-miR-20a-3p,1,0,1,0,1,0,0.8453,2
107,hsa_circ_0087640|CDC14B|TransCirc_TC-hsa-CDC14B_0017,CUGUCAU,hsa-miR-215-3p,hsa-miR-215-3p,1,0,1,0,1,0,0.8453,2
108,hsa_circ_0087640|CDC14B|TransCirc_TC-hsa-CDC14B_0017,GAUUGUC,hsa-miR-219a-5p,hsa-miR-219a-5p;hsa-miR-4782-3p;hsa-miR-6766-3p,3,0,1,0,1,0,0.8453,2
109,hsa_circ_0087640|CDC14B|TransCirc_TC-hsa-CDC14B_0017,UCAGUAG,hsa-miR-222-5p,hsa-miR-222-5p,1,0,1,0,1,0,0.8453,2
110,hsa_circ_0087640|CDC14B|TransCirc_TC-hsa-CDC14B_0017,AUCAUGG,hsa-miR-2681-3p,hsa-miR-2681-3p,1,0,1,0,1,0,0.8453,2
111,hsa_circ_0087640|CDC14B|TransCirc_TC-hsa-CDC14B_0017,CUUUAAC,hsa-miR-302b-5p,hsa-miR-302b-5p;hsa-miR-302d-5p,2,0,1,0,1,0,0.8453,2
112,hsa_circ_0087640|CDC14B|TransCirc_TC-hsa-CDC14B_0017,UUAACAU,hsa-miR-302c-5p,hsa-miR-302c-5p,1,0,1,0,1,0,0.8453,2
113,hsa_circ_0087640|CDC14B|TransCirc_TC-hsa-CDC14B_0017,AGAGGAA,hsa-miR-3125,hsa-miR-3125;hsa-miR-3916;hsa-miR-6859-5p,3,0,1,0,1,0,0.8453,2
114,hsa_circ_0087640|CDC14B|TransCirc_TC-hsa-CDC14B_0017,GGCCCAA,hsa-miR-3136-3p,hsa-miR-3136-3p;hsa-miR-7155-3p,2,0,1,0,1,0,0.8453,2
115,hsa_circ_0087640|CDC14B|TransCirc_TC-hsa-CDC14B_0017,UGGGGUU,hsa-miR-3170,hsa-miR-3170;hsa-miR-6855-5p,2,0,1,0,1,0,0.8453,2
116,hsa_circ_0087640|CDC14B|TransCirc_TC-hsa-CDC14B_0017,UCUGAUC,hsa-miR-3192-3p,hsa-miR-3192-3p,1,0,1,0,1,0,0.8453,2
117,hsa_circ_0087640|CDC14B|TransCirc_TC-hsa-CDC14B_0017,CCAGCAU,hsa-miR-338-3p,hsa-miR-338-3p,1,0,1,0,1,0,0.8453,2
118,hsa_circ_0087640|CDC14B|TransCirc_TC-hsa-CDC14B_0017,ACAAUAU,hsa-miR-338-5p,hsa-miR-338-5p,1,0,1,0,1,0,0.8453,2
119,hsa_circ_0087640|CDC14B|TransCirc_TC-hsa-CDC14B_0017,UGCAUUG,hsa-miR-33a-5p,hsa-miR-33a-5p;hsa-miR-33b-5p,2,0,1,0,1,0,0.8453,2
120,hsa_circ_0087640|CDC14B|TransCirc_TC-hsa-CDC14B_0017,GGGGUGC,hsa-miR-342-5p,hsa-miR-342-5p;hsa-miR-4664-5p,2,0,1,0,1,0,0.8453,2
121,hsa_circ_0087640|CDC14B|TransCirc_TC-hsa-CDC14B_0017,UAUCAGA,hsa-miR-361-5p,hsa-miR-361-5p,1,0,1,0,1,0,0.8453,2
122,hsa_circ_0087640|CDC14B|TransCirc_TC-hsa-CDC14B_0017,AUGUAGA,hsa-miR-3668,hsa-miR-3668,1,0,1,0,1,0,0.8453,2
123,hsa_circ_0087640|CDC14B|TransCirc_TC-hsa-CDC14B_0017,UCUGUAA,hsa-miR-3686,hsa-miR-3686,1,0,1,0,1,0,0.8453,2
124,hsa_circ_0087640|CDC14B|TransCirc_TC-hsa-CDC14B_0017,AAGGCAG,hsa-miR-3714,hsa-miR-3714,1,0,1,0,1,0,0.8453,2
125,hsa_circ_0087640|CDC14B|TransCirc_TC-hsa-CDC14B_0017,AGUGCCC,hsa-miR-371b-3p,hsa-miR-371b-3p,1,0,1,0,1,0,0.8453,2
126,hsa_circ_0087640|CDC14B|TransCirc_TC-hsa-CDC14B_0017,GAGGUUG,hsa-miR-377-5p,hsa-miR-377-5p;hsa-miR-6086,2,0,1,0,1,0,0.8453,2
127,hsa_circ_0087640|CDC14B|TransCirc_TC-hsa-CDC14B_0017,UCCUGAC,hsa-miR-378a-5p,hsa-miR-378a-5p,1,0,1,0,1,0,0.8453,2
128,hsa_circ_0087640|CDC14B|TransCirc_TC-hsa-CDC14B_0017,AAUGUUG,hsa-miR-409-3p,hsa-miR-409-3p,1,0,1,0,1,0,0.8453,2
129,hsa_circ_0087640|CDC14B|TransCirc_TC-hsa-CDC14B_0017,CAGAGGU,hsa-miR-4257,hsa-miR-4257,1,0,1,0,1,0,0.8453,2
130,hsa_circ_0087640|CDC14B|TransCirc_TC-hsa-CDC14B_0017,CAUUGUG,hsa-miR-4289,hsa-miR-4289,1,0,1,0,1,0,0.8453,2
131,hsa_circ_0087640|CDC14B|TransCirc_TC-hsa-CDC14B_0017,AGGAAGG,hsa-miR-4476,hsa-miR-4476;hsa-miR-6876-5p,2,0,1,0,1,0,0.8453,2
132,hsa_circ_0087640|CDC14B|TransCirc_TC-hsa-CDC14B_0017,UUAAGGA,hsa-miR-4477b,hsa-miR-4477b,1,0,1,0,1,0,0.8453,2
133,hsa_circ_0087640|CDC14B|TransCirc_TC-hsa-CDC14B_0017,AAAGGCG,hsa-miR-4484,hsa-miR-4484,1,0,1,0,1,0,0.8453,2
134,hsa_circ_0087640|CDC14B|TransCirc_TC-hsa-CDC14B_0017,UUUGCAA,hsa-miR-450b-5p,hsa-miR-450b-5p,1,0,1,0,1,0,0.8453,2
135,hsa_circ_0087640|CDC14B|TransCirc_TC-hsa-CDC14B_0017,CUGAGGC,hsa-miR-4649-3p,hsa-miR-4649-3p,1,0,1,0,1,0,0.8453,2
136,hsa_circ_0087640|CDC14B|TransCirc_TC-hsa-CDC14B_0017,AGCCAGU,hsa-miR-4676-5p,hsa-miR-4676-5p;hsa-miR-575,2,0,1,0,1,0,0.8453,2
137,hsa_circ_0087640|CDC14B|TransCirc_TC-hsa-CDC14B_0017,CAAUCAC,hsa-miR-4705,hsa-miR-4705,1,0,1,0,1,0,0.8453,2
138,hsa_circ_0087640|CDC14B|TransCirc_TC-hsa-CDC14B_0017,GCAUCAG,hsa-miR-4711-5p,hsa-miR-4711-5p,1,0,1,0,1,0,0.8453,2
139,hsa_circ_0087640|CDC14B|TransCirc_TC-hsa-CDC14B_0017,CAUUUAU,hsa-miR-4729,hsa-miR-4729,1,0,1,0,1,0,0.8453,2
140,hsa_circ_0087640|CDC14B|TransCirc_TC-hsa-CDC14B_0017,AGGCCCG,hsa-miR-4747-3p,hsa-miR-4747-3p,1,0,1,0,1,0,0.8453,2
141,hsa_circ_0087640|CDC14B|TransCirc_TC-hsa-CDC14B_0017,CUGACCC,hsa-miR-4750-3p,hsa-miR-4750-3p,1,0,1,0,1,0,0.8453,2
142,hsa_circ_0087640|CDC14B|TransCirc_TC-hsa-CDC14B_0017,AAGGCCA,hsa-miR-4753-5p,hsa-miR-4753-5p,1,0,1,0,1,0,0.8453,2
143,hsa_circ_0087640|CDC14B|TransCirc_TC-hsa-CDC14B_0017,CUGCCAU,hsa-miR-4769-3p,hsa-miR-4769-3p;hsa-miR-6817-5p,2,0,1,0,1,0,0.8453,2
144,hsa_circ_0087640|CDC14B|TransCirc_TC-hsa-CDC14B_0017,CUUCUUC,hsa-miR-4778-3p,hsa-miR-4778-3p,1,0,1,0,1,0,0.8453,2
145,hsa_circ_0087640|CDC14B|TransCirc_TC-hsa-CDC14B_0017,AUGUUGG,hsa-miR-4781-3p,hsa-miR-4781-3p,1,0,1,0,1,0,0.8453,2
146,hsa_circ_0087640|CDC14B|TransCirc_TC-hsa-CDC14B_0017,UCAUACA,hsa-miR-485-3p,hsa-miR-485-3p;hsa-miR-539-3p,2,0,1,0,1,0,0.8453,2
147,hsa_circ_0087640|CDC14B|TransCirc_TC-hsa-CDC14B_0017,UGAAAGG,hsa-miR-488-3p,hsa-miR-488-3p,1,0,1,0,1,0,0.8453,2
148,hsa_circ_0087640|CDC14B|TransCirc_TC-hsa-CDC14B_0017,UGUACAU,hsa-miR-493-5p,hsa-miR-493-5p,1,0,1,0,1,0,0.8453,2
149,hsa_circ_0087640|CDC14B|TransCirc_TC-hsa-CDC14B_0017,UGGACUU,hsa-miR-5009-5p,hsa-miR-5009-5p;hsa-miR-8058,2,0,1,0,1,0,0.8453,2
150,hsa_circ_0087640|CDC14B|TransCirc_TC-hsa-CDC14B_0017,AUCCUUU,hsa-miR-501-5p,hsa-miR-501-5p,1,0,1,0,1,0,0.8453,2
151,hsa_circ_0087640|CDC14B|TransCirc_TC-hsa-CDC14B_0017,AUAUAUA,hsa-miR-5011-5p,hsa-miR-5011-5p,1,0,1,0,1,0,0.8453,2
152,hsa_circ_0087640|CDC14B|TransCirc_TC-hsa-CDC14B_0017,AAUGUCA,hsa-miR-513b-3p,hsa-miR-513b-3p,1,0,1,0,1,0,0.8453,2
153,hsa_circ_0087640|CDC14B|TransCirc_TC-hsa-CDC14B_0017,UCUCCAA,hsa-miR-515-5p,hsa-miR-515-5p;hsa-miR-519e-5p,2,0,1,0,1,0,0.8453,2
154,hsa_circ_0087640|CDC14B|TransCirc_TC-hsa-CDC14B_0017,CAGUAAA,hsa-miR-545-5p,hsa-miR-545-5p,1,0,1,0,1,0,0.8453,2
155,hsa_circ_0087640|CDC14B|TransCirc_TC-hsa-CDC14B_0017,AAAACUG,hsa-miR-548a-3p,hsa-miR-548a-3p;hsa-miR-548ar-3p;hsa-miR-548az-3p;hsa-miR-548bc;hsa-miR-548e-3p;hsa-miR-548f-3p,6,0,1,0,1,0,0.8453,2
156,hsa_circ_0087640|CDC14B|TransCirc_TC-hsa-CDC14B_0017,AAAAACU,hsa-miR-548ae-3p,hsa-miR-548ae-3p;hsa-miR-548ah-3p;hsa-miR-548aj-3p;hsa-miR-548am-3p;hsa-miR-548aq-3p;hsa-miR-548j-3p;hsa-miR-548x-3p,7,0,1,0,1,0,0.8453,2
157,hsa_circ_0087640|CDC14B|TransCirc_TC-hsa-CDC14B_0017,AAACUGC,hsa-miR-548av-3p,hsa-miR-548av-3p,1,0,1,0,1,0,0.8453,2
158,hsa_circ_0087640|CDC14B|TransCirc_TC-hsa-CDC14B_0017,UGCUCUG,hsa-miR-5691,hsa-miR-5691;hsa-miR-6805-3p,2,0,1,0,1,0,0.8453,2
159,hsa_circ_0087640|CDC14B|TransCirc_TC-hsa-CDC14B_0017,AAAUAAU,hsa-miR-5692a,hsa-miR-5692a,1,0,1,0,1,0,0.8453,2
160,hsa_circ_0087640|CDC14B|TransCirc_TC-hsa-CDC14B_0017,AGAUCAU,hsa-miR-5694,hsa-miR-5694,1,0,1,0,1,0,0.8453,2
161,hsa_circ_0087640|CDC14B|TransCirc_TC-hsa-CDC14B_0017,CUUGUGU,hsa-miR-581,hsa-miR-581,1,0,1,0,1,0,0.8453,2
162,hsa_circ_0087640|CDC14B|TransCirc_TC-hsa-CDC14B_0017,UUCCAUA,hsa-miR-587,hsa-miR-587,1,0,1,0,1,0,0.8453,2
163,hsa_circ_0087640|CDC14B|TransCirc_TC-hsa-CDC14B_0017,GGUUCUC,hsa-miR-597-3p,hsa-miR-597-3p,1,0,1,0,1,0,0.8453,2
164,hsa_circ_0087640|CDC14B|TransCirc_TC-hsa-CDC14B_0017,UUGUGUC,hsa-miR-599,hsa-miR-599,1,0,1,0,1,0,0.8453,2
165,hsa_circ_0087640|CDC14B|TransCirc_TC-hsa-CDC14B_0017,CCGAGCC,hsa-miR-615-3p,hsa-miR-615-3p,1,0,1,0,1,0,0.8453,2
166,hsa_circ_0087640|CDC14B|TransCirc_TC-hsa-CDC14B_0017,UUCUCCC,hsa-miR-629-3p,hsa-miR-629-3p,1,0,1,0,1,0,0.8453,2
167,hsa_circ_0087640|CDC14B|TransCirc_TC-hsa-CDC14B_0017,GGAAGCC,hsa-miR-671-5p,hsa-miR-671-5p,1,0,1,0,1,0,0.8453,2
168,hsa_circ_0087640|CDC14B|TransCirc_TC-hsa-CDC14B_0017,GGCGAUG,hsa-miR-6717-5p,hsa-miR-6717-5p,1,0,1,0,1,1,0.8453,2
169,hsa_circ_0087640|CDC14B|TransCirc_TC-hsa-CDC14B_0017,GAGAAGG,hsa-miR-6770-5p,hsa-miR-6770-5p,1,0,1,0,1,0,0.8453,2
170,hsa_circ_0087640|CDC14B|TransCirc_TC-hsa-CDC14B_0017,UGUCUCU,hsa-miR-6818-3p,hsa-miR-6818-3p,1,0,1,0,1,0,0.8453,2
171,hsa_circ_0087640|CDC14B|TransCirc_TC-hsa-CDC14B_0017,CAAGGAA,hsa-miR-6830-5p,hsa-miR-6830-5p,1,0,1,0,1,0,0.8453,2
172,hsa_circ_0087640|CDC14B|TransCirc_TC-hsa-CDC14B_0017,AGCCAGC,hsa-miR-6858-3p,hsa-miR-6858-3p,1,0,1,0,1,0,0.8453,2
173,hsa_circ_0087640|CDC14B|TransCirc_TC-hsa-CDC14B_0017,CACCCUC,hsa-miR-6865-3p,hsa-miR-6865-3p,1,0,1,0,1,0,0.8453,2
174,hsa_circ_0087640|CDC14B|TransCirc_TC-hsa-CDC14B_0017,UGCACUC,hsa-miR-7703,hsa-miR-7703,1,0,1,0,1,0,0.8453,2
175,hsa_circ_0087640|CDC14B|TransCirc_TC-hsa-CDC14B_0017,UGGCUCU,hsa-miR-8057,hsa-miR-8057,1,0,1,0,1,0,0.8453,2
176,hsa_circ_0087640|CDC14B|TransCirc_TC-hsa-CDC14B_0017,CAAAAUC,hsa-miR-8063,hsa-miR-8063,1,0,1,0,1,0,0.8453,2
177,hsa_circ_0087640|CDC14B|TransCirc_TC-hsa-CDC14B_0017,GUUUGUU,hsa-miR-8068,hsa-miR-8068,1,0,1,0,1,0,0.8453,2
178,hsa_circ_0087640|CDC14B|TransCirc_TC-hsa-CDC14B_0017,CAAUAAA,hsa-miR-95-5p,hsa-miR-95-5p,1,0,1,0,1,0,0.8453,2
179,hsa_circ_0087640|CDC14B|TransCirc_TC-hsa-CDC14B_0017,CUGCAGG,hsa-miR-10394-5p,hsa-miR-10394-5p;hsa-miR-1205,2,0,0,1,1,0,0.8453,1
180,hsa_circ_0087640|CDC14B|TransCirc_TC-hsa-CDC14B_0017,AGGAUGC,hsa-miR-10524-5p,hsa-miR-10524-5p,1,0,0,1,1,0,0.8453,1
181,hsa_circ_0087640|CDC14B|TransCirc_TC-hsa-CDC14B_0017,UCUGACC,hsa-miR-11181-5p,hsa-miR-11181-5p;hsa-miR-4256,2,0,0,1,1,0,0.8453,1
182,hsa_circ_0087640|CDC14B|TransCirc_TC-hsa-CDC14B_0017,CGGCUGU,hsa-miR-11400,hsa-miR-11400,1,0,0,1,1,0,0.8453,1
183,hsa_circ_0087640|CDC14B|TransCirc_TC-hsa-CDC14B_0017,CUGCAGC,hsa-miR-1184,hsa-miR-1184,1,0,0,1,1,0,0.8453,1
184,hsa_circ_0087640|CDC14B|TransCirc_TC-hsa-CDC14B_0017,UGCCAGC,hsa-miR-1202,hsa-miR-1202;hsa-miR-3972,2,0,0,1,1,0,0.8453,1
185,hsa_circ_0087640|CDC14B|TransCirc_TC-hsa-CDC14B_0017,GUUCAUG,hsa-miR-1206,hsa-miR-1206,1,0,0,1,1,0,0.8453,1
186,hsa_circ_0087640|CDC14B|TransCirc_TC-hsa-CDC14B_0017,CACUGUU,hsa-miR-1208,hsa-miR-1208,1,0,0,1,1,0,0.8453,1
187,hsa_circ_0087640|CDC14B|TransCirc_TC-hsa-CDC14B_0017,AAGGAAC,hsa-miR-12120,hsa-miR-12120,1,0,0,1,1,0,0.8453,1
188,hsa_circ_0087640|CDC14B|TransCirc_TC-hsa-CDC14B_0017,UUGGCAC,hsa-miR-12133,hsa-miR-12133;hsa-miR-1271-5p;hsa-miR-96-5p,3,0,0,1,1,0,0.8453,1
189,hsa_circ_0087640|CDC14B|TransCirc_TC-hsa-CDC14B_0017,CGGGUUA,hsa-miR-125b-1-3p,hsa-miR-125b-1-3p,1,0,0,1,1,0,0.8453,1
190,hsa_circ_0087640|CDC14B|TransCirc_TC-hsa-CDC14B_0017,AAGUCUU,hsa-miR-1264,hsa-miR-1264,1,0,0,1,1,0,0.8453,1
191,hsa_circ_0087640|CDC14B|TransCirc_TC-hsa-CDC14B_0017,CUCAGGG,hsa-miR-1266-5p,hsa-miR-1266-5p;hsa-miR-4518,2,0,0,1,1,0,0.8453,1
192,hsa_circ_0087640|CDC14B|TransCirc_TC-hsa-CDC14B_0017,UGGAGAU,hsa-miR-1270,hsa-miR-1270;hsa-miR-620,2,0,0,1,1,0,0.8453,1
193,hsa_circ_0087640|CDC14B|TransCirc_TC-hsa-CDC14B_0017,UUUCAAC,hsa-miR-1305,hsa-miR-1305,1,0,0,1,1,0,0.8453,1
194,hsa_circ_0087640|CDC14B|TransCirc_TC-hsa-CDC14B_0017,CUCGGCG,hsa-miR-1307-3p,hsa-miR-1307-3p,1,0,0,1,1,0,0.8453,1
195,hsa_circ_0087640|CDC14B|TransCirc_TC-hsa-CDC14B_0017,UUGGUCC,hsa-miR-133a-3p,hsa-miR-133a-3p;hsa-miR-133b,2,0,0,1,1,0,0.8453,1
196,hsa_circ_0087640|CDC14B|TransCirc_TC-hsa-CDC14B_0017,GCUGUAA,hsa-miR-1537-5p,hsa-miR-1537-5p,1,0,0,1,1,0,0.8453,1
197,hsa_circ_0087640|CDC14B|TransCirc_TC-hsa-CDC14B_0017,CUGCAGU,hsa-miR-17-3p,hsa-miR-17-3p,1,0,0,1,1,0,0.8453,1
198,hsa_circ_0087640|CDC14B|TransCirc_TC-hsa-CDC14B_0017,UUGGCAA,hsa-miR-182-5p,hsa-miR-182-5p,1,0,0,1,1,0,0.8453,1
199,hsa_circ_0087640|CDC14B|TransCirc_TC-hsa-CDC14B_0017,AGGCAGA,hsa-miR-1910-3p,hsa-miR-1910-3p;hsa-miR-6511a-5p,2,0,0,1,1,0,0.8453,1
200,hsa_circ_0087640|CDC14B|TransCirc_TC-hsa-CDC14B_0017,GGGGUUU,hsa-miR-193b-5p,hsa-miR-193b-5p,1,0,0,1,1,0,0.8453,1
201,hsa_circ_0087640|CDC14B|TransCirc_TC-hsa-CDC14B_0017,CAGUAGU,hsa-miR-199a-3p,hsa-miR-199a-3p;hsa-miR-199b-3p;hsa-miR-3129-5p,3,0,0,1,1,0,0.8453,1
202,hsa_circ_0087640|CDC14B|TransCirc_TC-hsa-CDC14B_0017,GUUUUGC,hsa-miR-19a-5p,hsa-miR-19a-5p;hsa-miR-19b-1-5p;hsa-miR-19b-2-5p,3,0,0,1,1,0,0.8453,1
203,hsa_circ_0087640|CDC14B|TransCirc_TC-hsa-CDC14B_0017,UGAAAUG,hsa-miR-203a-3p,hsa-miR-203a-3p,1,0,0,1,1,0,0.8453,1
204,hsa_circ_0087640|CDC14B|TransCirc_TC-hsa-CDC14B_0017,GUUUUGA,hsa-miR-2052,hsa-miR-2052,1,0,0,1,1,0,0.8453,1
205,hsa_circ_0087640|CDC14B|TransCirc_TC-hsa-CDC14B_0017,UGUAAUA,hsa-miR-2054,hsa-miR-2054,1,0,0,1,1,0,0.8453,1
206,hsa_circ_0087640|CDC14B|TransCirc_TC-hsa-CDC14B_0017,GCCCCUG,hsa-miR-210-5p,hsa-miR-210-5p,1,0,0,1,1,0,0.8453,1
207,hsa_circ_0087640|CDC14B|TransCirc_TC-hsa-CDC14B_0017,AGUCCCU,hsa-miR-2114-5p,hsa-miR-2114-5p,1,0,0,1,1,0,0.8453,1
208,hsa_circ_0087640|CDC14B|TransCirc_TC-hsa-CDC14B_0017,AUCAGAA,hsa-miR-2115-3p,hsa-miR-2115-3p,1,0,0,1,1,0,0.8453,1
209,hsa_circ_0087640|CDC14B|TransCirc_TC-hsa-CDC14B_0017,CAAGUCA,hsa-miR-224-5p,hsa-miR-224-5p,1,0,0,1,1,0,0.8453,1
210,hsa_circ_0087640|CDC14B|TransCirc_TC-hsa-CDC14B_0017,AGGAUGG,hsa-miR-2392,hsa-miR-2392,1,0,0,1,1,0,0.8453,1
211,hsa_circ_0087640|CDC14B|TransCirc_TC-hsa-CDC14B_0017,AGGCAGU,hsa-miR-2682-5p,hsa-miR-2682-5p;hsa-miR-34b-5p;hsa-miR-449c-5p,3,0,0,1,1,0,0.8453,1
212,hsa_circ_0087640|CDC14B|TransCirc_TC-hsa-CDC14B_0017,UCACAGU,hsa-miR-27a-3p,hsa-miR-27a-3p;hsa-miR-27b-3p;hsa-miR-9985,3,0,0,1,1,0,0.8453,1
213,hsa_circ_0087640|CDC14B|TransCirc_TC-hsa-CDC14B_0017,UGGUUUC,hsa-miR-29b-2-5p,hsa-miR-29b-2-5p,1,0,0,1,1,0,0.8453,1
214,hsa_circ_0087640|CDC14B|TransCirc_TC-hsa-CDC14B_0017,CUUAAAC,hsa-miR-302a-5p,hsa-miR-302a-5p,1,0,0,1,1,0,0.8453,1
215,hsa_circ_0087640|CDC14B|TransCirc_TC-hsa-CDC14B_0017,CUGGCUG,hsa-miR-3064-5p,hsa-miR-3064-5p;hsa-miR-3085-3p;hsa-miR-6504-5p,3,0,0,1,1,0,0.8453,1
216,hsa_circ_0087640|CDC14B|TransCirc_TC-hsa-CDC14B_0017,GUAAACA,hsa-miR-30a-5p,hsa-miR-30a-5p;hsa-miR-30b-5p;hsa-miR-30c-5p;hsa-miR-30d-5p;hsa-miR-30e-5p,5,0,0,1,1,0,0.8453,1
217,hsa_circ_0087640|CDC14B|TransCirc_TC-hsa-CDC14B_0017,CUGAUCC,hsa-miR-3151-3p,hsa-miR-3151-3p,1,0,0,1,1,0,0.8453,1
218,hsa_circ_0087640|CDC14B|TransCirc_TC-hsa-CDC14B_0017,GAUGUAU,hsa-miR-3171,hsa-miR-3171,1,0,0,1,1,0,0.8453,1
219,hsa_circ_0087640|CDC14B|TransCirc_TC-hsa-CDC14B_0017,UCUCUGG,hsa-miR-3191-5p,hsa-miR-3191-5p,1,0,0,1,1,0,0.8453,1
220,hsa_circ_0087640|CDC14B|TransCirc_TC-hsa-CDC14B_0017,GCUCUGC,hsa-miR-3194-3p,hsa-miR-3194-3p,1,0,0,1,1,0,0.8453,1
221,hsa_circ_0087640|CDC14B|TransCirc_TC-hsa-CDC14B_0017,GGUGGUC,hsa-miR-323a-5p,hsa-miR-323a-5p,1,0,0,1,1,0,0.8453,1
222,hsa_circ_0087640|CDC14B|TransCirc_TC-hsa-CDC14B_0017,GAUCGAC,hsa-miR-369-5p,hsa-miR-369-5p,1,0,0,1,1,0,0.8453,1
223,hsa_circ_0087640|CDC14B|TransCirc_TC-hsa-CDC14B_0017,CUGCUGG,hsa-miR-3692-5p,hsa-miR-3692-5p,1,0,0,1,1,0,0.8453,1
224,hsa_circ_0087640|CDC14B|TransCirc_TC-hsa-CDC14B_0017,UCAUAGA,hsa-miR-376a-3p,hsa-miR-376a-3p;hsa-miR-376b-3p,2,0,0,1,1,0,0.8453,1
225,hsa_circ_0087640|CDC14B|TransCirc_TC-hsa-CDC14B_0017,AGAGAAC,hsa-miR-3925-5p,hsa-miR-3925-5p,1,0,0,1,1,0,0.8453,1
226,hsa_circ_0087640|CDC14B|TransCirc_TC-hsa-CDC14B_0017,AUUCAAC,hsa-miR-4272,hsa-miR-4272,1,0,0,1,1,0,0.8453,1
227,hsa_circ_0087640|CDC14B|TransCirc_TC-hsa-CDC14B_0017,UCUCCUC,hsa-miR-4279,hsa-miR-4279,1,0,0,1,1,0,0.8453,1
228,hsa_circ_0087640|CDC14B|TransCirc_TC-hsa-CDC14B_0017,GCCUUCC,hsa-miR-4297,hsa-miR-4297;hsa-miR-5581-5p,2,0,0,1,1,0,0.8453,1
229,hsa_circ_0087640|CDC14B|TransCirc_TC-hsa-CDC14B_0017,UCUGGGA,hsa-miR-4314,hsa-miR-4314,1,0,0,1,1,0,0.8453,1
230,hsa_circ_0087640|CDC14B|TransCirc_TC-hsa-CDC14B_0017,CAGGAGU,hsa-miR-4433a-3p,hsa-miR-4433a-3p,1,0,0,1,1,0,0.8453,1
231,hsa_circ_0087640|CDC14B|TransCirc_TC-hsa-CDC14B_0017,GGCAAAC,hsa-miR-4470,hsa-miR-4470,1,0,0,1,1,0,0.8453,1
232,hsa_circ_0087640|CDC14B|TransCirc_TC-hsa-CDC14B_0017,GAGUGGG,hsa-miR-4481,hsa-miR-4481;hsa-miR-4745-5p,2,0,0,1,1,0,0.8453,1
233,hsa_circ_0087640|CDC14B|TransCirc_TC-hsa-CDC14B_0017,CUGGUAA,hsa-miR-4490,hsa-miR-4490,1,0,0,1,1,0,0.8453,1
234,hsa_circ_0087640|CDC14B|TransCirc_TC-hsa-CDC14B_0017,CUGCGUG,hsa-miR-4520-5p,hsa-miR-4520-5p,1,0,0,1,1,0,0.8453,1
235,hsa_circ_0087640|CDC14B|TransCirc_TC-hsa-CDC14B_0017,CAUUAUA,hsa-miR-4528,hsa-miR-4528,1,0,0,1,1,0,0.8453,1
236,hsa_circ_0087640|CDC14B|TransCirc_TC-hsa-CDC14B_0017,CUUGAAG,hsa-miR-4635,hsa-miR-4635,1,0,0,1,1,0,0.8453,1
237,hsa_circ_0087640|CDC14B|TransCirc_TC-hsa-CDC14B_0017,UGAGUGU,hsa-miR-4658,hsa-miR-4658;hsa-miR-6790-5p,2,0,0,1,1,0,0.8453,1
238,hsa_circ_0087640|CDC14B|TransCirc_TC-hsa-CDC14B_0017,GCUGAGC,hsa-miR-4663,hsa-miR-4663,1,0,0,1,1,0,0.8453,1
239,hsa_circ_0087640|CDC14B|TransCirc_TC-hsa-CDC14B_0017,CUGGGGA,hsa-miR-4667-5p,hsa-miR-4667-5p;hsa-miR-4700-5p;hsa-miR-8089,3,0,0,1,1,0,0.8453,1
240,hsa_circ_0087640|CDC14B|TransCirc_TC-hsa-CDC14B_0017,UCUCCCA,hsa-miR-4713-5p,hsa-miR-4713-5p,1,0,0,1,1,0,0.8453,1
241,hsa_circ_0087640|CDC14B|TransCirc_TC-hsa-CDC14B_0017,GCUGUAC,hsa-miR-4718,hsa-miR-4718,1,0,0,1,1,0,0.8453,1
242,hsa_circ_0087640|CDC14B|TransCirc_TC-hsa-CDC14B_0017,CCUGCCA,hsa-miR-4722-3p,hsa-miR-4722-3p;hsa-miR-6727-3p,2,0,0,1,1,0,0.8453,1
243,hsa_circ_0087640|CDC14B|TransCirc_TC-hsa-CDC14B_0017,GUAGAGC,hsa-miR-4732-5p,hsa-miR-4732-5p,1,0,0,1,1,0,0.8453,1
244,hsa_circ_0087640|CDC14B|TransCirc_TC-hsa-CDC14B_0017,GCCCCUC,hsa-miR-4749-3p,hsa-miR-4749-3p,1,0,0,1,1,0,0.8453,1
245,hsa_circ_0087640|CDC14B|TransCirc_TC-hsa-CDC14B_0017,CAAGGUG,hsa-miR-4761-5p,hsa-miR-4761-5p,1,0,0,1,1,0,0.8453,1
246,hsa_circ_0087640|CDC14B|TransCirc_TC-hsa-CDC14B_0017,UUCUCUC,hsa-miR-4768-5p,hsa-miR-4768-5p;hsa-miR-6833-3p,2,0,0,1,1,0,0.8453,1
247,hsa_circ_0087640|CDC14B|TransCirc_TC-hsa-CDC14B_0017,GAUCAGG,hsa-miR-4772-5p,hsa-miR-4772-5p,1,0,0,1,1,0,0.8453,1
248,hsa_circ_0087640|CDC14B|TransCirc_TC-hsa-CDC14B_0017,UAAUUUU,hsa-miR-4775,hsa-miR-4775,1,0,0,1,1,0,0.8453,1
249,hsa_circ_0087640|CDC14B|TransCirc_TC-hsa-CDC14B_0017,CUGGCUA,hsa-miR-4794,hsa-miR-4794;hsa-miR-664a-5p,2,0,0,1,1,0,0.8453,1
250,hsa_circ_0087640|CDC14B|TransCirc_TC-hsa-CDC14B_0017,CACUCCU,hsa-miR-483-3p,hsa-miR-483-3p,1,0,0,1,1,0,0.8453,1
251,hsa_circ_0087640|CDC14B|TransCirc_TC-hsa-CDC14B_0017,CCUGUAC,hsa-miR-486-5p,hsa-miR-486-5p,1,0,0,1,1,0,0.8453,1
252,hsa_circ_0087640|CDC14B|TransCirc_TC-hsa-CDC14B_0017,AAACCAC,hsa-miR-497-3p,hsa-miR-497-3p,1,0,0,1,1,0,0.8453,1
253,hsa_circ_0087640|CDC14B|TransCirc_TC-hsa-CDC14B_0017,GCUGUAU,hsa-miR-4999-5p,hsa-miR-4999-5p,1,0,0,1,1,0,0.8453,1
254,hsa_circ_0087640|CDC14B|TransCirc_TC-hsa-CDC14B_0017,UGCCAGG,hsa-miR-5006-5p,hsa-miR-5006-5p,1,0,0,1,1,0,0.8453,1
255,hsa_circ_0087640|CDC14B|TransCirc_TC-hsa-CDC14B_0017,UCAUAUG,hsa-miR-5007-3p,hsa-miR-5007-3p,1,0,0,1,1,0,0.8453,1
256,hsa_circ_0087640|CDC14B|TransCirc_TC-hsa-CDC14B_0017,AUUCAGG,hsa-miR-506-5p,hsa-miR-506-5p,1,0,0,1,1,0,0.8453,1
257,hsa_circ_0087640|CDC14B|TransCirc_TC-hsa-CDC14B_0017,GGUUUGU,hsa-miR-5087,hsa-miR-5087,1,0,0,1,1,0,0.8453,1
258,hsa_circ_0087640|CDC14B|TransCirc_TC-hsa-CDC14B_0017,UGUCUUU,hsa-miR-511-5p,hsa-miR-511-5p,1,0,0,1,1,0,0.8453,1
259,hsa_circ_0087640|CDC14B|TransCirc_TC-hsa-CDC14B_0017,UCACAGG,hsa-miR-513a-5p,hsa-miR-513a-5p,1,0,0,1,1,0,0.8453,1
260,hsa_circ_0087640|CDC14B|TransCirc_TC-hsa-CDC14B_0017,UUGACAC,hsa-miR-514a-3p,hsa-miR-514a-3p;hsa-miR-514b-3p,2,0,0,1,1,0,0.8453,1
261,hsa_circ_0087640|CDC14B|TransCirc_TC-hsa-CDC14B_0017,UCUCGAG,hsa-miR-516a-5p,hsa-miR-516a-5p,1,0,0,1,1,0,0.8453,1
262,hsa_circ_0087640|CDC14B|TransCirc_TC-hsa-CDC14B_0017,AAAGCGC,hsa-miR-518a-3p,hsa-miR-518a-3p;hsa-miR-518b;hsa-miR-518c-3p;hsa-miR-518d-3p;hsa-miR-518f-3p;hsa-miR-526a-3p,6,0,0,1,1,0,0.8453,1
263,hsa_circ_0087640|CDC14B|TransCirc_TC-hsa-CDC14B_0017,CAUCCUC,hsa-miR-5196-3p,hsa-miR-5196-3p,1,0,0,1,1,0,0.8453,1
264,hsa_circ_0087640|CDC14B|TransCirc_TC-hsa-CDC14B_0017,UUCUGCA,hsa-miR-544a,hsa-miR-544a,1,0,0,1,1,0,0.8453,1
265,hsa_circ_0087640|CDC14B|TransCirc_TC-hsa-CDC14B_0017,CGACCCA,hsa-miR-551a,hsa-miR-551a;hsa-miR-551b-3p,2,0,0,1,1,0,0.8453,1
266,hsa_circ_0087640|CDC14B|TransCirc_TC-hsa-CDC14B_0017,UGAAUAG,hsa-miR-5585-3p,hsa-miR-5585-3p,1,0,0,1,1,0,0.8453,1
267,hsa_circ_0087640|CDC14B|TransCirc_TC-hsa-CDC14B_0017,AGUCCCA,hsa-miR-5588-3p,hsa-miR-5588-3p,1,0,0,1,1,0,0.8453,1
268,hsa_circ_0087640|CDC14B|TransCirc_TC-hsa-CDC14B_0017,UCAAGGA,hsa-miR-561-5p,hsa-miR-561-5p,1,0,0,1,1,0,0.8453,1
269,hsa_circ_0087640|CDC14B|TransCirc_TC-hsa-CDC14B_0017,AGAAAUG,hsa-miR-5680,hsa-miR-5680,1,0,0,1,1,0,0.8453,1
270,hsa_circ_0087640|CDC14B|TransCirc_TC-hsa-CDC14B_0017,GAAAGGG,hsa-miR-5681a,hsa-miR-5681a,1,0,0,1,1,0,0.8453,1
271,hsa_circ_0087640|CDC14B|TransCirc_TC-hsa-CDC14B_0017,GGUAUUG,hsa-miR-5681b,hsa-miR-5681b,1,0,0,1,1,0,0.8453,1
272,hsa_circ_0087640|CDC14B|TransCirc_TC-hsa-CDC14B_0017,CUCCAAG,hsa-miR-5695,hsa-miR-5695,1,0,0,1,1,0,0.8453,1
273,hsa_circ_0087640|CDC14B|TransCirc_TC-hsa-CDC14B_0017,GAGUUGG,hsa-miR-571,hsa-miR-571,1,0,0,1,1,0,0.8453,1
274,hsa_circ_0087640|CDC14B|TransCirc_TC-hsa-CDC14B_0017,GUCUCUG,hsa-miR-593-3p,hsa-miR-593-3p,1,0,0,1,1,0,0.8453,1
275,hsa_circ_0087640|CDC14B|TransCirc_TC-hsa-CDC14B_0017,GGCACCA,hsa-miR-593-5p,hsa-miR-593-5p;hsa-miR-9851-3p,2,0,0,1,1,0,0.8453,1
276,hsa_circ_0087640|CDC14B|TransCirc_TC-hsa-CDC14B_0017,GCAUGAC,hsa-miR-6076,hsa-miR-6076;hsa-miR-6797-3p,2,0,0,1,1,0,0.8453,1
277,hsa_circ_0087640|CDC14B|TransCirc_TC-hsa-CDC14B_0017,GAGGCCG,hsa-miR-6089,hsa-miR-6089,1,0,0,1,1,0,0.8453,1
278,hsa_circ_0087640|CDC14B|TransCirc_TC-hsa-CDC14B_0017,AGCAGGA,hsa-miR-6165,hsa-miR-6165,1,0,0,1,1,0,0.8453,1
279,hsa_circ_0087640|CDC14B|TransCirc_TC-hsa-CDC14B_0017,GCUGUCU,hsa-miR-626,hsa-miR-626;hsa-miR-6876-3p,2,0,0,1,1,0,0.8453,1
280,hsa_circ_0087640|CDC14B|TransCirc_TC-hsa-CDC14B_0017,UGCUGAC,hsa-miR-628-5p,hsa-miR-628-5p;hsa-miR-9718,2,0,0,1,1,0,0.8453,1
281,hsa_circ_0087640|CDC14B|TransCirc_TC-hsa-CDC14B_0017,CUGGGGG,hsa-miR-637,hsa-miR-637,1,0,0,1,1,0,0.8453,1
282,hsa_circ_0087640|CDC14B|TransCirc_TC-hsa-CDC14B_0017,CAGAGCA,hsa-miR-6501-3p,hsa-miR-6501-3p,1,0,0,1,1,0,0.8453,1
283,hsa_circ_0087640|CDC14B|TransCirc_TC-hsa-CDC14B_0017,AAGGAAA,hsa-miR-651-3p,hsa-miR-651-3p,1,0,0,1,1,0,0.8453,1
284,hsa_circ_0087640|CDC14B|TransCirc_TC-hsa-CDC14B_0017,AGCAGGG,hsa-miR-6510-5p,hsa-miR-6510-5p,1,0,0,1,1,0,0.8453,1
285,hsa_circ_0087640|CDC14B|TransCirc_TC-hsa-CDC14B_0017,AUUCAUU,hsa-miR-664a-3p,hsa-miR-664a-3p,1,0,0,1,1,0,0.8453,1
286,hsa_circ_0087640|CDC14B|TransCirc_TC-hsa-CDC14B_0017,GAAAGGU,hsa-miR-6730-5p,hsa-miR-6730-5p,1,0,0,1,1,0,0.8453,1
287,hsa_circ_0087640|CDC14B|TransCirc_TC-hsa-CDC14B_0017,UUCUGCC,hsa-miR-6738-3p,hsa-miR-6738-3p,1,0,0,1,1,0,0.8453,1
288,hsa_circ_0087640|CDC14B|TransCirc_TC-hsa-CDC14B_0017,CCUGCCU,hsa-miR-6747-3p,hsa-miR-6747-3p,1,0,0,1,1,0,0.8453,1
289,hsa_circ_0087640|CDC14B|TransCirc_TC-hsa-CDC14B_0017,GGUCUGU,hsa-miR-6753-3p,hsa-miR-6753-3p;hsa-miR-7107-3p,2,0,0,1,1,0,0.8453,1
290,hsa_circ_0087640|CDC14B|TransCirc_TC-hsa-CDC14B_0017,GUUGUCA,hsa-miR-6755-3p,hsa-miR-6755-3p,1,0,0,1,1,0,0.8453,1
291,hsa_circ_0087640|CDC14B|TransCirc_TC-hsa-CDC14B_0017,CACUGUC,hsa-miR-6760-3p,hsa-miR-6760-3p,1,0,0,1,1,0,0.8453,1
292,hsa_circ_0087640|CDC14B|TransCirc_TC-hsa-CDC14B_0017,AACCACC,hsa-miR-6776-3p,hsa-miR-6776-3p,1,0,0,1,1,0,0.8453,1
293,hsa_circ_0087640|CDC14B|TransCirc_TC-hsa-CDC14B_0017,CCCCAAC,hsa-miR-6793-3p,hsa-miR-6793-3p,1,0,0,1,1,0,0.8453,1
294,hsa_circ_0087640|CDC14B|TransCirc_TC-hsa-CDC14B_0017,AGGCAGG,hsa-miR-6808-5p,hsa-miR-6808-5p;hsa-miR-6893-5p;hsa-miR-940,3,0,0,1,1,0,0.8453,1
295,hsa_circ_0087640|CDC14B|TransCirc_TC-hsa-CDC14B_0017,UUCUCUU,hsa-miR-6809-3p,hsa-miR-6809-3p,1,0,0,1,1,0,0.8453,1
296,hsa_circ_0087640|CDC14B|TransCirc_TC-hsa-CDC14B_0017,GGCUCUA,hsa-miR-6822-3p,hsa-miR-6822-3p,1,0,0,1,1,0,0.8453,1
297,hsa_circ_0087640|CDC14B|TransCirc_TC-hsa-CDC14B_0017,UCUUUGU,hsa-miR-6844,hsa-miR-6844,1,0,0,1,1,0,0.8453,1
298,hsa_circ_0087640|CDC14B|TransCirc_TC-hsa-CDC14B_0017,CUCUCCU,hsa-miR-6845-3p,hsa-miR-6845-3p,1,0,0,1,1,0,0.8453,1
299,hsa_circ_0087640|CDC14B|TransCirc_TC-hsa-CDC14B_0017,CCAGCCU,hsa-miR-6849-3p,hsa-miR-6849-3p,1,0,0,1,1,0,0.8453,1
300,hsa_circ_0087640|CDC14B|TransCirc_TC-hsa-CDC14B_0017,UCUCCCU,hsa-miR-6867-3p,hsa-miR-6867-3p,1,0,0,1,1,0,0.8453,1
301,hsa_circ_0087640|CDC14B|TransCirc_TC-hsa-CDC14B_0017,GCUGCCU,hsa-miR-6882-3p,hsa-miR-6882-3p,1,0,0,1,1,0,0.8453,1
302,hsa_circ_0087640|CDC14B|TransCirc_TC-hsa-CDC14B_0017,UCAUGAA,hsa-miR-7154-5p,hsa-miR-7154-5p,1,0,0,1,1,0,0.8453,1
303,hsa_circ_0087640|CDC14B|TransCirc_TC-hsa-CDC14B_0017,GGCUCUG,hsa-miR-760,hsa-miR-760,1,0,0,1,1,0,0.8453,1
304,hsa_circ_0087640|CDC14B|TransCirc_TC-hsa-CDC14B_0017,UUUGGAC,hsa-miR-7850-5p,hsa-miR-7850-5p,1,0,0,1,1,0,0.8453,1
305,hsa_circ_0087640|CDC14B|TransCirc_TC-hsa-CDC14B_0017,GCUGAUG,hsa-miR-8075,hsa-miR-8075,1,0,0,1,1,0,0.8453,1
306,hsa_circ_0087640|CDC14B|TransCirc_TC-hsa-CDC14B_0017,GCUGAGU,hsa-miR-8077,hsa-miR-8077,1,0,0,1,1,0,0.8453,1
307,hsa_circ_0087640|CDC14B|TransCirc_TC-hsa-CDC14B_0017,GGUGGUU,hsa-miR-876-3p,hsa-miR-876-3p,1,0,0,1,1,0,0.8453,1
308,hsa_circ_0087640|CDC14B|TransCirc_TC-hsa-CDC14B_0017,UAAUAUC,hsa-miR-889-3p,hsa-miR-889-3p,1,0,0,1,1,0,0.8453,1
309,hsa_circ_0087640|CDC14B|TransCirc_TC-hsa-CDC14B_0017,CAGUAGA,hsa-miR-936,hsa-miR-936,1,0,0,1,1,0,0.8453,1
