circRNA,circRNA_length_nt,miRNA,miRNA_sequence,seed_2_8,site_type,site_start_1based,site_end_1based_circular,crosses_backsplice_junction,target_site_5to3
hsa_circ_0087640|CDC14B|TransCirc_TC-hsa-CDC14B_0017,1183,hsa-miR-17-3p,ACUGCAGUGAAGGCACUUGUAG,CUGCAGU,7mer-A1,878,884,False,CTGCAGA
hsa_circ_0087640|CDC14B|TransCirc_TC-hsa-CDC14B_0017,1183,hsa-miR-19a-5p,AGUUUUGCAUAGUUGCACUACA,GUUUUGC,7mer-A1,1160,1166,False,CAAAACA
hsa_circ_0087640|CDC14B|TransCirc_TC-hsa-CDC14B_0017,1183,hsa-miR-19b-1-5p,AGUUUUGCAGGUUUGCAUCCAGC,GUUUUGC,7mer-A1,1160,1166,False,CAAAACA
hsa_circ_0087640|CDC14B|TransCirc_TC-hsa-CDC14B_0017,1183,hsa-miR-19b-2-5p,AGUUUUGCAGGUUUGCAUUUCA,GUUUUGC,7mer-A1,1160,1166,False,CAAAACA
hsa_circ_0087640|CDC14B|TransCirc_TC-hsa-CDC14B_0017,1183,hsa-miR-20a-3p,ACUGCAUUAUGAGCACUUAAAG,CUGCAUU,7mer-m8,407,413,False,AATGCAG
hsa_circ_0087640|CDC14B|TransCirc_TC-hsa-CDC14B_0017,1183,hsa-miR-26a-5p,UUCAAGUAAUCCAGGAUAGGCU,UCAAGUA,7mer-A1,77,83,False,ACTTGAA
hsa_circ_0087640|CDC14B|TransCirc_TC-hsa-CDC14B_0017,1183,hsa-miR-26a-5p,UUCAAGUAAUCCAGGAUAGGCU,UCAAGUA,7mer-A1,545,551,False,ACTTGAA
hsa_circ_0087640|CDC14B|TransCirc_TC-hsa-CDC14B_0017,1183,hsa-miR-26b-5p,UUCAAGUAAUUCAGGAUAGGU,UCAAGUA,7mer-A1,77,83,False,ACTTGAA
hsa_circ_0087640|CDC14B|TransCirc_TC-hsa-CDC14B_0017,1183,hsa-miR-26b-5p,UUCAAGUAAUUCAGGAUAGGU,UCAAGUA,7mer-A1,545,551,False,ACTTGAA
hsa_circ_0087640|CDC14B|TransCirc_TC-hsa-CDC14B_0017,1183,hsa-miR-27a-3p,UUCACAGUGGCUAAGUUCCGC,UCACAGU,7mer-A1,746,752,False,CTGTGAA
hsa_circ_0087640|CDC14B|TransCirc_TC-hsa-CDC14B_0017,1183,hsa-miR-30a-5p,UGUAAACAUCCUCGACUGGAAG,GUAAACA,7mer-A1,129,135,False,GTTTACA
hsa_circ_0087640|CDC14B|TransCirc_TC-hsa-CDC14B_0017,1183,hsa-miR-33a-5p,GUGCAUUGUAGUUGCAUUGCA,UGCAUUG,7mer-m8,406,412,False,CAATGCA
hsa_circ_0087640|CDC14B|TransCirc_TC-hsa-CDC14B_0017,1183,hsa-miR-93-3p,ACUGCUGAGCUAGCACUUCCCG,CUGCUGA,7mer-m8,905,911,False,TCAGCAG
hsa_circ_0087640|CDC14B|TransCirc_TC-hsa-CDC14B_0017,1183,hsa-miR-93-3p,ACUGCUGAGCUAGCACUUCCCG,CUGCUGA,7mer-A1,26,32,False,CAGCAGA
hsa_circ_0087640|CDC14B|TransCirc_TC-hsa-CDC14B_0017,1183,hsa-miR-95-5p,UCAAUAAAUGUCUGUUGAAUU,CAAUAAA,7mer-m8,510,516,False,TTTATTG
hsa_circ_0087640|CDC14B|TransCirc_TC-hsa-CDC14B_0017,1183,hsa-miR-96-5p,UUUGGCACUAGCACAUUUUUGCU,UUGGCAC,7mer-A1,647,653,False,TGCCAAA
hsa_circ_0087640|CDC14B|TransCirc_TC-hsa-CDC14B_0017,1183,hsa-miR-29b-2-5p,CUGGUUUCACAUGGUGGCUUAG,UGGUUUC,7mer-A1,931,937,False,AAACCAA
hsa_circ_0087640|CDC14B|TransCirc_TC-hsa-CDC14B_0017,1183,hsa-miR-103a-2-5p,AGCUUCUUUACAGUGCUGCCUUG,GCUUCUU,8mer,286,293,False,AAGAAGCA
hsa_circ_0087640|CDC14B|TransCirc_TC-hsa-CDC14B_0017,1183,hsa-miR-103a-3p,AGCAGCAUUGUACAGGGCUAUGA,GCAGCAU,7mer-m8,232,238,False,ATGCTGC
hsa_circ_0087640|CDC14B|TransCirc_TC-hsa-CDC14B_0017,1183,hsa-miR-103a-3p,AGCAGCAUUGUACAGGGCUAUGA,GCAGCAU,7mer-m8,340,346,False,ATGCTGC
hsa_circ_0087640|CDC14B|TransCirc_TC-hsa-CDC14B_0017,1183,hsa-miR-103a-1-5p,GGCUUCUUUACAGUGCUGCCUUG,GCUUCUU,8mer,286,293,False,AAGAAGCA
hsa_circ_0087640|CDC14B|TransCirc_TC-hsa-CDC14B_0017,1183,hsa-miR-106a-3p,CUGCAAUGUAAGCACUUCUUAC,UGCAAUG,8mer,777,784,False,CATTGCAA
hsa_circ_0087640|CDC14B|TransCirc_TC-hsa-CDC14B_0017,1183,hsa-miR-106a-3p,CUGCAAUGUAAGCACUUCUUAC,UGCAAUG,7mer-m8,767,773,False,CATTGCA
hsa_circ_0087640|CDC14B|TransCirc_TC-hsa-CDC14B_0017,1183,hsa-miR-107,AGCAGCAUUGUACAGGGCUAUCA,GCAGCAU,7mer-m8,232,238,False,ATGCTGC
hsa_circ_0087640|CDC14B|TransCirc_TC-hsa-CDC14B_0017,1183,hsa-miR-107,AGCAGCAUUGUACAGGGCUAUCA,GCAGCAU,7mer-m8,340,346,False,ATGCTGC
hsa_circ_0087640|CDC14B|TransCirc_TC-hsa-CDC14B_0017,1183,hsa-miR-199a-3p,ACAGUAGUCUGCACAUUGGUUA,CAGUAGU,7mer-A1,712,718,False,CTACTGA
hsa_circ_0087640|CDC14B|TransCirc_TC-hsa-CDC14B_0017,1183,hsa-miR-148a-5p,AAAGUUCUGAGACACUCCGACU,AAGUUCU,7mer-m8,88,94,False,AGAACTT
hsa_circ_0087640|CDC14B|TransCirc_TC-hsa-CDC14B_0017,1183,hsa-miR-30c-5p,UGUAAACAUCCUACACUCUCAGC,GUAAACA,7mer-A1,129,135,False,GTTTACA
hsa_circ_0087640|CDC14B|TransCirc_TC-hsa-CDC14B_0017,1183,hsa-miR-30d-5p,UGUAAACAUCCCCGACUGGAAG,GUAAACA,7mer-A1,129,135,False,GTTTACA
hsa_circ_0087640|CDC14B|TransCirc_TC-hsa-CDC14B_0017,1183,hsa-miR-182-5p,UUUGGCAAUGGUAGAACUCACACU,UUGGCAA,7mer-A1,647,653,False,TGCCAAA
hsa_circ_0087640|CDC14B|TransCirc_TC-hsa-CDC14B_0017,1183,hsa-miR-183-5p,UAUGGCACUGGUAGAAUUCACU,AUGGCAC,7mer-m8,763,769,False,GTGCCAT
hsa_circ_0087640|CDC14B|TransCirc_TC-hsa-CDC14B_0017,1183,hsa-miR-199b-3p,ACAGUAGUCUGCACAUUGGUUA,CAGUAGU,7mer-A1,712,718,False,CTACTGA
hsa_circ_0087640|CDC14B|TransCirc_TC-hsa-CDC14B_0017,1183,hsa-miR-203a-3p,GUGAAAUGUUUAGGACCACUAG,UGAAAUG,7mer-A1,427,433,False,ATTTCAA
hsa_circ_0087640|CDC14B|TransCirc_TC-hsa-CDC14B_0017,1183,hsa-miR-210-5p,AGCCCCUGCCCACCGCACACUG,GCCCCUG,7mer-A1,976,982,False,AGGGGCA
hsa_circ_0087640|CDC14B|TransCirc_TC-hsa-CDC14B_0017,1183,hsa-miR-212-3p,UAACAGUCUCCAGUCACGGCC,AACAGUC,7mer-m8,381,387,False,GACTGTT
hsa_circ_0087640|CDC14B|TransCirc_TC-hsa-CDC14B_0017,1183,hsa-miR-215-3p,UCUGUCAUUUCUUUAGGCCAAUA,CUGUCAU,7mer-m8,843,849,False,ATGACAG
hsa_circ_0087640|CDC14B|TransCirc_TC-hsa-CDC14B_0017,1183,hsa-miR-217-5p,UACUGCAUCAGGAACUGAUUGGA,ACUGCAU,8mer,391,398,False,ATGCAGTA
hsa_circ_0087640|CDC14B|TransCirc_TC-hsa-CDC14B_0017,1183,hsa-miR-217-5p,UACUGCAUCAGGAACUGAUUGGA,ACUGCAU,8mer,408,415,False,ATGCAGTA
hsa_circ_0087640|CDC14B|TransCirc_TC-hsa-CDC14B_0017,1183,hsa-miR-217-5p,UACUGCAUCAGGAACUGAUUGGA,ACUGCAU,7mer-A1,770,776,False,TGCAGTA
hsa_circ_0087640|CDC14B|TransCirc_TC-hsa-CDC14B_0017,1183,hsa-miR-219a-5p,UGAUUGUCCAAACGCAAUUCU,GAUUGUC,7mer-m8,1153,1159,False,GACAATC
hsa_circ_0087640|CDC14B|TransCirc_TC-hsa-CDC14B_0017,1183,hsa-miR-219a-1-3p,AGAGUUGAGUCUGGACGUCCCG,GAGUUGA,8mer,430,437,False,TCAACTCA
hsa_circ_0087640|CDC14B|TransCirc_TC-hsa-CDC14B_0017,1183,hsa-miR-222-5p,CUCAGUAGCCAGUGUAGAUCCU,UCAGUAG,7mer-m8,712,718,False,CTACTGA
hsa_circ_0087640|CDC14B|TransCirc_TC-hsa-CDC14B_0017,1183,hsa-miR-224-5p,UCAAGUCACUAGUGGUUCCGUUUAG,CAAGUCA,7mer-A1,544,550,False,GACTTGA
hsa_circ_0087640|CDC14B|TransCirc_TC-hsa-CDC14B_0017,1183,hsa-miR-27b-3p,UUCACAGUGGCUAAGUUCUGC,UCACAGU,7mer-A1,746,752,False,CTGTGAA
hsa_circ_0087640|CDC14B|TransCirc_TC-hsa-CDC14B_0017,1183,hsa-miR-30b-5p,UGUAAACAUCCUACACUCAGCU,GUAAACA,7mer-A1,129,135,False,GTTTACA
hsa_circ_0087640|CDC14B|TransCirc_TC-hsa-CDC14B_0017,1183,hsa-miR-124-5p,CGUGUUCACAGCGGACCUUGAU,GUGUUCA,7mer-m8,455,461,False,TGAACAC
hsa_circ_0087640|CDC14B|TransCirc_TC-hsa-CDC14B_0017,1183,hsa-miR-125b-1-3p,ACGGGUUAGGCUCUUGGGAGCU,CGGGUUA,7mer-A1,1075,1081,False,AACCCGA
hsa_circ_0087640|CDC14B|TransCirc_TC-hsa-CDC14B_0017,1183,hsa-miR-132-3p,UAACAGUCUACAGCCAUGGUCG,AACAGUC,7mer-m8,381,387,False,GACTGTT
hsa_circ_0087640|CDC14B|TransCirc_TC-hsa-CDC14B_0017,1183,hsa-miR-133a-3p,UUUGGUCCCCUUCAACCAGCUG,UUGGUCC,7mer-A1,31,37,False,GACCAAA
hsa_circ_0087640|CDC14B|TransCirc_TC-hsa-CDC14B_0017,1183,hsa-miR-9-5p,UCUUUGGUUAUCUAGCUGUAUGA,CUUUGGU,8mer,32,39,False,ACCAAAGA
hsa_circ_0087640|CDC14B|TransCirc_TC-hsa-CDC14B_0017,1183,hsa-miR-136-5p,ACUCCAUUUGUUUUGAUGAUGGA,CUCCAUU,8mer,477,484,False,AATGGAGA
hsa_circ_0087640|CDC14B|TransCirc_TC-hsa-CDC14B_0017,1183,hsa-miR-136-5p,ACUCCAUUUGUUUUGAUGAUGGA,CUCCAUU,7mer-m8,1107,1113,False,AATGGAG
hsa_circ_0087640|CDC14B|TransCirc_TC-hsa-CDC14B_0017,1183,hsa-miR-146a-3p,CCUCUGAAAUUCAGUUCUUCAG,CUCUGAA,8mer,333,340,False,TTCAGAGA
hsa_circ_0087640|CDC14B|TransCirc_TC-hsa-CDC14B_0017,1183,hsa-miR-146a-3p,CCUCUGAAAUUCAGUUCUUCAG,CUCUGAA,7mer-A1,215,221,False,TCAGAGA
hsa_circ_0087640|CDC14B|TransCirc_TC-hsa-CDC14B_0017,1183,hsa-miR-149-5p,UCUGGCUCCGUGUCUUCACUCCC,CUGGCUC,8mer,538,545,False,GAGCCAGA
hsa_circ_0087640|CDC14B|TransCirc_TC-hsa-CDC14B_0017,1183,hsa-miR-154-3p,AAUCAUACACGGUUGACCUAUU,AUCAUAC,7mer-m8,641,647,False,GTATGAT
hsa_circ_0087640|CDC14B|TransCirc_TC-hsa-CDC14B_0017,1183,hsa-miR-155-5p,UUAAUGCUAAUCGUGAUAGGGGUU,UAAUGCU,7mer-m8,832,838,False,AGCATTA
hsa_circ_0087640|CDC14B|TransCirc_TC-hsa-CDC14B_0017,1183,hsa-miR-302a-5p,ACUUAAACGUGGAUGUACUUGCU,CUUAAAC,7mer-A1,594,600,False,TTTAAGA
hsa_circ_0087640|CDC14B|TransCirc_TC-hsa-CDC14B_0017,1183,hsa-miR-34b-5p,UAGGCAGUGUCAUUAGCUGAUUG,AGGCAGU,7mer-A1,343,349,False,CTGCCTA
hsa_circ_0087640|CDC14B|TransCirc_TC-hsa-CDC14B_0017,1183,hsa-miR-301a-5p,GCUCUGACUUUAUUGCACUACU,CUCUGAC,7mer-A1,215,221,False,TCAGAGA
hsa_circ_0087640|CDC14B|TransCirc_TC-hsa-CDC14B_0017,1183,hsa-miR-301a-5p,GCUCUGACUUUAUUGCACUACU,CUCUGAC,7mer-A1,334,340,False,TCAGAGA
hsa_circ_0087640|CDC14B|TransCirc_TC-hsa-CDC14B_0017,1183,hsa-miR-30e-5p,UGUAAACAUCCUUGACUGGAAG,GUAAACA,7mer-A1,129,135,False,GTTTACA
hsa_circ_0087640|CDC14B|TransCirc_TC-hsa-CDC14B_0017,1183,hsa-miR-361-5p,UUAUCAGAAUCUCCAGGGGUAC,UAUCAGA,7mer-m8,809,815,False,TCTGATA
hsa_circ_0087640|CDC14B|TransCirc_TC-hsa-CDC14B_0017,1183,hsa-miR-302b-5p,ACUUUAACAUGGAAGUGCUUUC,CUUUAAC,7mer-m8,971,977,False,GTTAAAG
hsa_circ_0087640|CDC14B|TransCirc_TC-hsa-CDC14B_0017,1183,hsa-miR-302c-5p,UUUAACAUGGGGGUACCUGCUG,UUAACAU,7mer-m8,177,183,False,ATGTTAA
hsa_circ_0087640|CDC14B|TransCirc_TC-hsa-CDC14B_0017,1183,hsa-miR-302d-5p,ACUUUAACAUGGAGGCACUUGC,CUUUAAC,7mer-m8,971,977,False,GTTAAAG
hsa_circ_0087640|CDC14B|TransCirc_TC-hsa-CDC14B_0017,1183,hsa-miR-369-5p,AGAUCGACCGUGUUAUAUUCGC,GAUCGAC,7mer-A1,673,679,False,TCGATCA
hsa_circ_0087640|CDC14B|TransCirc_TC-hsa-CDC14B_0017,1183,hsa-miR-376a-3p,AUCAUAGAGGAAAAUCCACGU,UCAUAGA,7mer-A1,461,467,False,CTATGAA
hsa_circ_0087640|CDC14B|TransCirc_TC-hsa-CDC14B_0017,1183,hsa-miR-377-5p,AGAGGUUGCCCUUGGUGAAUUC,GAGGUUG,7mer-m8,935,941,False,CAACCTC
hsa_circ_0087640|CDC14B|TransCirc_TC-hsa-CDC14B_0017,1183,hsa-miR-378a-5p,CUCCUGACUCCAGGUCCUGUGU,UCCUGAC,7mer-m8,870,876,False,GTCAGGA
hsa_circ_0087640|CDC14B|TransCirc_TC-hsa-CDC14B_0017,1183,hsa-miR-383-5p,AGAUCAGAAGGUGAUUGUGGCU,GAUCAGA,8mer,210,217,False,TCTGATCA
hsa_circ_0087640|CDC14B|TransCirc_TC-hsa-CDC14B_0017,1183,hsa-miR-342-5p,AGGGGUGCUAUCUGUGAUUGA,GGGGUGC,7mer-m8,706,712,False,GCACCCC
hsa_circ_0087640|CDC14B|TransCirc_TC-hsa-CDC14B_0017,1183,hsa-miR-323a-5p,AGGUGGUCCGUGGCGCGUUCGC,GGUGGUC,7mer-A1,559,565,False,ACCACCA
hsa_circ_0087640|CDC14B|TransCirc_TC-hsa-CDC14B_0017,1183,hsa-miR-338-5p,AACAAUAUCCUGGUGCUGAGUG,ACAAUAU,7mer-m8,137,143,False,ATATTGT
hsa_circ_0087640|CDC14B|TransCirc_TC-hsa-CDC14B_0017,1183,hsa-miR-338-3p,UCCAGCAUCAGUGAUUUUGUUG,CCAGCAU,7mer-m8,664,670,False,ATGCTGG
hsa_circ_0087640|CDC14B|TransCirc_TC-hsa-CDC14B_0017,1183,hsa-miR-335-3p,UUUUUCAUUAUUGCUCCUGACC,UUUUCAU,8mer,463,470,False,ATGAAAAA
hsa_circ_0087640|CDC14B|TransCirc_TC-hsa-CDC14B_0017,1183,hsa-miR-133b,UUUGGUCCCCUUCAACCAGCUA,UUGGUCC,7mer-A1,31,37,False,GACCAAA
hsa_circ_0087640|CDC14B|TransCirc_TC-hsa-CDC14B_0017,1183,hsa-miR-433-3p,AUCAUGAUGGGCUCCUCGGUGU,UCAUGAU,8mer,825,832,False,ATCATGAA
hsa_circ_0087640|CDC14B|TransCirc_TC-hsa-CDC14B_0017,1183,hsa-miR-409-3p,GAAUGUUGCUCGGUGAACCCCU,AAUGUUG,7mer-m8,564,570,False,CAACATT
hsa_circ_0087640|CDC14B|TransCirc_TC-hsa-CDC14B_0017,1183,hsa-miR-410-3p,AAUAUAACACAGAUGGCCUGU,AUAUAAC,8mer,261,268,False,GTTATATA
hsa_circ_0087640|CDC14B|TransCirc_TC-hsa-CDC14B_0017,1183,hsa-miR-376b-3p,AUCAUAGAGGAAAAUCCAUGUU,UCAUAGA,7mer-A1,461,467,False,CTATGAA
hsa_circ_0087640|CDC14B|TransCirc_TC-hsa-CDC14B_0017,1183,hsa-miR-483-3p,UCACUCCUCUCCUCCCGUCUU,CACUCCU,7mer-A1,1110,1116,False,GGAGTGA
hsa_circ_0087640|CDC14B|TransCirc_TC-hsa-CDC14B_0017,1183,hsa-miR-485-3p,GUCAUACACGGCUCUCCUCUCU,UCAUACA,7mer-m8,640,646,False,TGTATGA
hsa_circ_0087640|CDC14B|TransCirc_TC-hsa-CDC14B_0017,1183,hsa-miR-486-5p,UCCUGUACUGAGCUGCCCCGAG,CCUGUAC,7mer-A1,837,843,False,TACAGGA
hsa_circ_0087640|CDC14B|TransCirc_TC-hsa-CDC14B_0017,1183,hsa-miR-487a-3p,AAUCAUACAGGGACAUCCAGUU,AUCAUAC,7mer-m8,641,647,False,GTATGAT
hsa_circ_0087640|CDC14B|TransCirc_TC-hsa-CDC14B_0017,1183,hsa-miR-488-3p,UUGAAAGGCUAUUUCUUGGUC,UGAAAGG,7mer-m8,330,336,False,CCTTTCA
hsa_circ_0087640|CDC14B|TransCirc_TC-hsa-CDC14B_0017,1183,hsa-miR-511-5p,GUGUCUUUUGCUCUGCAGUCA,UGUCUUU,7mer-A1,1151,1157,False,AAGACAA
hsa_circ_0087640|CDC14B|TransCirc_TC-hsa-CDC14B_0017,1183,hsa-miR-493-5p,UUGUACAUGGUAGGCUUUCAUU,UGUACAU,7mer-m8,49,55,False,ATGTACA
hsa_circ_0087640|CDC14B|TransCirc_TC-hsa-CDC14B_0017,1183,hsa-miR-193b-5p,CGGGGUUUUGAGGGCGAGAUGA,GGGGUUU,7mer-A1,278,284,False,AACCCCA
hsa_circ_0087640|CDC14B|TransCirc_TC-hsa-CDC14B_0017,1183,hsa-miR-497-3p,CAAACCACACUGUGGUGUUAGA,AAACCAC,7mer-A1,127,133,False,TGGTTTA
hsa_circ_0087640|CDC14B|TransCirc_TC-hsa-CDC14B_0017,1183,hsa-miR-498-5p,UUUCAAGCCAGGGGGCGUUUUUC,UUCAAGC,7mer-A1,546,552,False,CTTGAAA
hsa_circ_0087640|CDC14B|TransCirc_TC-hsa-CDC14B_0017,1183,hsa-miR-498-5p,UUUCAAGCCAGGGGGCGUUUUUC,UUCAAGC,7mer-A1,1139,1145,False,CTTGAAA
hsa_circ_0087640|CDC14B|TransCirc_TC-hsa-CDC14B_0017,1183,hsa-miR-515-5p,UUCUCCAAAAGAAAGCACUUUCUG,UCUCCAA,7mer-m8,310,316,False,TTGGAGA
hsa_circ_0087640|CDC14B|TransCirc_TC-hsa-CDC14B_0017,1183,hsa-miR-519e-5p,UUCUCCAAAAGGGAGCACUUUC,UCUCCAA,7mer-m8,310,316,False,TTGGAGA
hsa_circ_0087640|CDC14B|TransCirc_TC-hsa-CDC14B_0017,1183,hsa-miR-518f-3p,GAAAGCGCUUCUCUUUAGAGG,AAAGCGC,7mer-A1,654,660,False,CGCTTTA
hsa_circ_0087640|CDC14B|TransCirc_TC-hsa-CDC14B_0017,1183,hsa-miR-518b,CAAAGCGCUCCCCUUUAGAGGU,AAAGCGC,7mer-A1,654,660,False,CGCTTTA
hsa_circ_0087640|CDC14B|TransCirc_TC-hsa-CDC14B_0017,1183,hsa-miR-526a-3p,GAAAGCGCUUCCUUUUAGAGGA,AAAGCGC,7mer-A1,654,660,False,CGCTTTA
hsa_circ_0087640|CDC14B|TransCirc_TC-hsa-CDC14B_0017,1183,hsa-miR-518c-3p,CAAAGCGCUUCUCUUUAGAGUGU,AAAGCGC,7mer-A1,654,660,False,CGCTTTA
hsa_circ_0087640|CDC14B|TransCirc_TC-hsa-CDC14B_0017,1183,hsa-miR-519d-5p,CCUCCAAAGGGAAGCGCUUUCUGUU,CUCCAAA,8mer,309,316,False,TTTGGAGA
hsa_circ_0087640|CDC14B|TransCirc_TC-hsa-CDC14B_0017,1183,hsa-miR-518a-3p,GAAAGCGCUUCCCUUUGCUGGA,AAAGCGC,7mer-A1,654,660,False,CGCTTTA
hsa_circ_0087640|CDC14B|TransCirc_TC-hsa-CDC14B_0017,1183,hsa-miR-518d-3p,CAAAGCGCUUCCCUUUGGAGC,AAAGCGC,7mer-A1,654,660,False,CGCTTTA
hsa_circ_0087640|CDC14B|TransCirc_TC-hsa-CDC14B_0017,1183,hsa-miR-516a-5p,UUCUCGAGGAAAGAAGCACUUUC,UCUCGAG,7mer-A1,1054,1060,False,TCGAGAA
hsa_circ_0087640|CDC14B|TransCirc_TC-hsa-CDC14B_0017,1183,hsa-miR-501-5p,AAUCCUUUGUCCCUGGGUGAGA,AUCCUUU,7mer-m8,634,640,False,AAAGGAT
hsa_circ_0087640|CDC14B|TransCirc_TC-hsa-CDC14B_0017,1183,hsa-miR-513a-5p,UUCACAGGGAGGUGUCAU,UCACAGG,7mer-A1,746,752,False,CTGTGAA
hsa_circ_0087640|CDC14B|TransCirc_TC-hsa-CDC14B_0017,1183,hsa-miR-506-5p,UAUUCAGGAAGGUGUUACUUAA,AUUCAGG,7mer-A1,627,633,False,CTGAATA
hsa_circ_0087640|CDC14B|TransCirc_TC-hsa-CDC14B_0017,1183,hsa-miR-509-5p,UACUGCAGACAGUGGCAAUCA,ACUGCAG,7mer-A1,392,398,False,TGCAGTA
hsa_circ_0087640|CDC14B|TransCirc_TC-hsa-CDC14B_0017,1183,hsa-miR-509-5p,UACUGCAGACAGUGGCAAUCA,ACUGCAG,7mer-A1,409,415,False,TGCAGTA
hsa_circ_0087640|CDC14B|TransCirc_TC-hsa-CDC14B_0017,1183,hsa-miR-509-5p,UACUGCAGACAGUGGCAAUCA,ACUGCAG,7mer-A1,770,776,False,TGCAGTA
hsa_circ_0087640|CDC14B|TransCirc_TC-hsa-CDC14B_0017,1183,hsa-miR-514a-3p,AUUGACACUUCUGUGAGUAGA,UUGACAC,7mer-A1,725,731,False,TGTCAAA
hsa_circ_0087640|CDC14B|TransCirc_TC-hsa-CDC14B_0017,1183,hsa-miR-539-3p,AUCAUACAAGGACAAUUUCUUU,UCAUACA,7mer-m8,640,646,False,TGTATGA
hsa_circ_0087640|CDC14B|TransCirc_TC-hsa-CDC14B_0017,1183,hsa-miR-544a,AUUCUGCAUUUUUAGCAAGUUC,UUCUGCA,7mer-A1,471,477,False,GCAGAAA
hsa_circ_0087640|CDC14B|TransCirc_TC-hsa-CDC14B_0017,1183,hsa-miR-545-5p,UCAGUAAAUGUUUAUUAGAUGA,CAGUAAA,7mer-m8,201,207,False,TTTACTG
hsa_circ_0087640|CDC14B|TransCirc_TC-hsa-CDC14B_0017,1183,hsa-miR-551a,GCGACCCACUCUUGGUUUCCA,CGACCCA,7mer-A1,1051,1057,False,GGGTCGA
hsa_circ_0087640|CDC14B|TransCirc_TC-hsa-CDC14B_0017,1183,hsa-miR-561-5p,AUCAAGGAUCUUAAACUUUGCC,UCAAGGA,7mer-A1,1138,1144,False,CCTTGAA
hsa_circ_0087640|CDC14B|TransCirc_TC-hsa-CDC14B_0017,1183,hsa-miR-551b-3p,GCGACCCAUACUUGGUUUCAG,CGACCCA,7mer-A1,1051,1057,False,GGGTCGA
hsa_circ_0087640|CDC14B|TransCirc_TC-hsa-CDC14B_0017,1183,hsa-miR-570-3p,CGAAAACAGCAAUUACCUUUGC,GAAAACA,8mer,384,391,False,TGTTTTCA
hsa_circ_0087640|CDC14B|TransCirc_TC-hsa-CDC14B_0017,1183,hsa-miR-571,UGAGUUGGCCAUCUGAGUGAG,GAGUUGG,7mer-A1,431,437,False,CAACTCA
hsa_circ_0087640|CDC14B|TransCirc_TC-hsa-CDC14B_0017,1183,hsa-miR-575,GAGCCAGUUGGACAGGAGC,AGCCAGU,7mer-m8,204,210,False,ACTGGCT
hsa_circ_0087640|CDC14B|TransCirc_TC-hsa-CDC14B_0017,1183,hsa-miR-581,UCUUGUGUUCUCUAGAUCAGU,CUUGUGU,7mer-m8,1116,1122,False,ACACAAG
hsa_circ_0087640|CDC14B|TransCirc_TC-hsa-CDC14B_0017,1183,hsa-miR-548a-3p,CAAAACUGGCAAUUACUUUUGC,AAAACUG,7mer-m8,912,918,False,CAGTTTT
hsa_circ_0087640|CDC14B|TransCirc_TC-hsa-CDC14B_0017,1183,hsa-miR-587,UUUCCAUAGGUGAUGAGUCAC,UUCCAUA,7mer-m8,348,354,False,TATGGAA
hsa_circ_0087640|CDC14B|TransCirc_TC-hsa-CDC14B_0017,1183,hsa-miR-592,UUGUGUCAAUAUGCGAUGAUGU,UGUGUCA,8mer,1114,1121,False,TGACACAA
hsa_circ_0087640|CDC14B|TransCirc_TC-hsa-CDC14B_0017,1183,hsa-miR-593-5p,AGGCACCAGCCAGGCAUUGCUCAGC,GGCACCA,7mer-A1,762,768,False,GGTGCCA
hsa_circ_0087640|CDC14B|TransCirc_TC-hsa-CDC14B_0017,1183,hsa-miR-593-3p,UGUCUCUGCUGGGGUUUCU,GUCUCUG,7mer-A1,314,320,False,AGAGACA
hsa_circ_0087640|CDC14B|TransCirc_TC-hsa-CDC14B_0017,1183,hsa-miR-597-5p,UGUGUCACUCGAUGACCACUGU,GUGUCAC,8mer,1113,1120,False,GTGACACA
hsa_circ_0087640|CDC14B|TransCirc_TC-hsa-CDC14B_0017,1183,hsa-miR-597-3p,UGGUUCUCUUGUGGCUCAAGCGU,GGUUCUC,7mer-m8,275,281,False,GAGAACC
hsa_circ_0087640|CDC14B|TransCirc_TC-hsa-CDC14B_0017,1183,hsa-miR-599,GUUGUGUCAGUUUAUCAAAC,UUGUGUC,7mer-m8,1115,1121,False,GACACAA
hsa_circ_0087640|CDC14B|TransCirc_TC-hsa-CDC14B_0017,1183,hsa-miR-605-3p,AGAAGGCACUAUGAGAUUUAGA,GAAGGCA,7mer-m8,236,242,False,TGCCTTC
hsa_circ_0087640|CDC14B|TransCirc_TC-hsa-CDC14B_0017,1183,hsa-miR-605-3p,AGAAGGCACUAUGAGAUUUAGA,GAAGGCA,7mer-m8,515,521,False,TGCCTTC
hsa_circ_0087640|CDC14B|TransCirc_TC-hsa-CDC14B_0017,1183,hsa-miR-615-3p,UCCGAGCCUGGGUCUCCCUCUU,CCGAGCC,7mer-m8,888,894,False,GGCTCGG
hsa_circ_0087640|CDC14B|TransCirc_TC-hsa-CDC14B_0017,1183,hsa-miR-620,AUGGAGAUAGAUAUAGAAAU,UGGAGAU,7mer-A1,1009,1015,False,TCTCCAA
hsa_circ_0087640|CDC14B|TransCirc_TC-hsa-CDC14B_0017,1183,hsa-miR-626,AGCUGUCUGAAAAUGUCUU,GCUGUCU,7mer-A1,845,851,False,GACAGCA
hsa_circ_0087640|CDC14B|TransCirc_TC-hsa-CDC14B_0017,1183,hsa-miR-628-5p,AUGCUGACAUAUUUACUAGAGG,UGCUGAC,7mer-A1,1067,1073,False,TCAGCAA
hsa_circ_0087640|CDC14B|TransCirc_TC-hsa-CDC14B_0017,1183,hsa-miR-629-3p,GUUCUCCCAACGUAAGCCCAGC,UUCUCCC,7mer-m8,273,279,False,GGGAGAA
hsa_circ_0087640|CDC14B|TransCirc_TC-hsa-CDC14B_0017,1183,hsa-miR-33b-5p,GUGCAUUGCUGUUGCAUUGC,UGCAUUG,7mer-m8,406,412,False,CAATGCA
hsa_circ_0087640|CDC14B|TransCirc_TC-hsa-CDC14B_0017,1183,hsa-miR-637,ACUGGGGGCUUUCGGGCUCUGCGU,CUGGGGG,7mer-A1,280,286,False,CCCCAGA
hsa_circ_0087640|CDC14B|TransCirc_TC-hsa-CDC14B_0017,1183,hsa-miR-651-3p,AAAGGAAAGUGUAUCCUAAAAG,AAGGAAA,7mer-A1,420,426,False,TTCCTTA
hsa_circ_0087640|CDC14B|TransCirc_TC-hsa-CDC14B_0017,1183,hsa-miR-1264,CAAGUCUUAUUUGAGCACCUGUU,AAGUCUU,7mer-A1,577,583,False,AGACTTA
hsa_circ_0087640|CDC14B|TransCirc_TC-hsa-CDC14B_0017,1183,hsa-miR-671-5p,AGGAAGCCCUGGAGGGGCUGGAG,GGAAGCC,7mer-m8,417,423,False,GGCTTCC
hsa_circ_0087640|CDC14B|TransCirc_TC-hsa-CDC14B_0017,1183,hsa-miR-668-3p,UGUCACUCGGCUCGGCCCACUAC,GUCACUC,8mer,1111,1118,False,GAGTGACA
hsa_circ_0087640|CDC14B|TransCirc_TC-hsa-CDC14B_0017,1183,hsa-miR-1271-5p,CUUGGCACCUAGCAAGCACUCA,UUGGCAC,7mer-A1,647,653,False,TGCCAAA
hsa_circ_0087640|CDC14B|TransCirc_TC-hsa-CDC14B_0017,1183,hsa-miR-449c-5p,UAGGCAGUGUAUUGCUAGCGGCUGU,AGGCAGU,7mer-A1,343,349,False,CTGCCTA
hsa_circ_0087640|CDC14B|TransCirc_TC-hsa-CDC14B_0017,1183,hsa-miR-802,CAGUAACAAAGAUUCAUCCUUGU,AGUAACA,8mer,608,615,False,TGTTACTA
hsa_circ_0087640|CDC14B|TransCirc_TC-hsa-CDC14B_0017,1183,hsa-miR-759,GCAGAGUGCAAACAAUUUUGAC,CAGAGUG,8mer,806,813,False,CACTCTGA
hsa_circ_0087640|CDC14B|TransCirc_TC-hsa-CDC14B_0017,1183,hsa-miR-450b-5p,UUUUGCAAUAUGUUCCUGAAUA,UUUGCAA,7mer-m8,779,785,False,TTGCAAA
hsa_circ_0087640|CDC14B|TransCirc_TC-hsa-CDC14B_0017,1183,hsa-miR-891b,UGCAACUUACCUGAGUCAUUGA,GCAACUU,8mer,353,360,False,AAGTTGCA
hsa_circ_0087640|CDC14B|TransCirc_TC-hsa-CDC14B_0017,1183,hsa-miR-889-3p,UUAAUAUCGGACAACCAUUGU,UAAUAUC,7mer-A1,300,306,False,ATATTAA
hsa_circ_0087640|CDC14B|TransCirc_TC-hsa-CDC14B_0017,1183,hsa-miR-876-3p,UGGUGGUUUACAAAGUAAUUCA,GGUGGUU,7mer-A1,559,565,False,ACCACCA
hsa_circ_0087640|CDC14B|TransCirc_TC-hsa-CDC14B_0017,1183,hsa-miR-543,AAACAUUCGCGGUGCACUUCUU,AACAUUC,7mer-A1,176,182,False,AATGTTA
hsa_circ_0087640|CDC14B|TransCirc_TC-hsa-CDC14B_0017,1183,hsa-miR-543,AAACAUUCGCGGUGCACUUCUU,AACAUUC,7mer-A1,606,612,False,AATGTTA
hsa_circ_0087640|CDC14B|TransCirc_TC-hsa-CDC14B_0017,1183,hsa-miR-760,CGGCUCUGGGUCUGUGGGGA,GGCUCUG,7mer-A1,537,543,False,AGAGCCA
hsa_circ_0087640|CDC14B|TransCirc_TC-hsa-CDC14B_0017,1183,hsa-miR-301b-5p,GCUCUGACGAGGUUGCACUACU,CUCUGAC,7mer-A1,215,221,False,TCAGAGA
hsa_circ_0087640|CDC14B|TransCirc_TC-hsa-CDC14B_0017,1183,hsa-miR-301b-5p,GCUCUGACGAGGUUGCACUACU,CUCUGAC,7mer-A1,334,340,False,TCAGAGA
hsa_circ_0087640|CDC14B|TransCirc_TC-hsa-CDC14B_0017,1183,hsa-miR-509-3-5p,UACUGCAGACGUGGCAAUCAUG,ACUGCAG,7mer-A1,392,398,False,TGCAGTA
hsa_circ_0087640|CDC14B|TransCirc_TC-hsa-CDC14B_0017,1183,hsa-miR-509-3-5p,UACUGCAGACGUGGCAAUCAUG,ACUGCAG,7mer-A1,409,415,False,TGCAGTA
hsa_circ_0087640|CDC14B|TransCirc_TC-hsa-CDC14B_0017,1183,hsa-miR-509-3-5p,UACUGCAGACGUGGCAAUCAUG,ACUGCAG,7mer-A1,770,776,False,TGCAGTA
hsa_circ_0087640|CDC14B|TransCirc_TC-hsa-CDC14B_0017,1183,hsa-miR-936,ACAGUAGAGGGAGGAAUCGCAG,CAGUAGA,7mer-A1,712,718,False,CTACTGA
hsa_circ_0087640|CDC14B|TransCirc_TC-hsa-CDC14B_0017,1183,hsa-miR-940,AAGGCAGGGCCCCCGCUCCCC,AGGCAGG,7mer-A1,343,349,False,CTGCCTA
hsa_circ_0087640|CDC14B|TransCirc_TC-hsa-CDC14B_0017,1183,hsa-miR-1180-5p,GGACCCACCCGGCCGGGAAUA,GACCCAC,8mer,866,873,False,GTGGGTCA
hsa_circ_0087640|CDC14B|TransCirc_TC-hsa-CDC14B_0017,1183,hsa-miR-1184,CCUGCAGCGACUUGAUGGCUUCC,CUGCAGC,7mer-A1,878,884,False,CTGCAGA
hsa_circ_0087640|CDC14B|TransCirc_TC-hsa-CDC14B_0017,1183,hsa-miR-1238-5p,GUGAGUGGGAGCCCCAGUGUGUG,UGAGUGG,8mer,111,118,False,CCACTCAA
hsa_circ_0087640|CDC14B|TransCirc_TC-hsa-CDC14B_0017,1183,hsa-miR-1202,GUGCCAGCUGCAGUGGGGGAG,UGCCAGC,7mer-A1,120,126,False,CTGGCAA
hsa_circ_0087640|CDC14B|TransCirc_TC-hsa-CDC14B_0017,1183,hsa-miR-1205,UCUGCAGGGUUUGCUUUGAG,CUGCAGG,7mer-A1,878,884,False,CTGCAGA
hsa_circ_0087640|CDC14B|TransCirc_TC-hsa-CDC14B_0017,1183,hsa-miR-1206,UGUUCAUGUAGAUGUUUAAGC,GUUCAUG,7mer-A1,454,460,False,ATGAACA
hsa_circ_0087640|CDC14B|TransCirc_TC-hsa-CDC14B_0017,1183,hsa-miR-1208,UCACUGUUCAGACAGGCGGA,CACUGUU,7mer-A1,1087,1093,False,ACAGTGA
hsa_circ_0087640|CDC14B|TransCirc_TC-hsa-CDC14B_0017,1183,hsa-miR-548e-3p,AAAAACUGAGACUACUUUUGCA,AAAACUG,7mer-m8,912,918,False,CAGTTTT
hsa_circ_0087640|CDC14B|TransCirc_TC-hsa-CDC14B_0017,1183,hsa-miR-548j-3p,CAAAAACUGCAUUACUUUUGC,AAAAACU,7mer-m8,913,919,False,AGTTTTT
hsa_circ_0087640|CDC14B|TransCirc_TC-hsa-CDC14B_0017,1183,hsa-miR-1297,UUCAAGUAAUUCAGGUG,UCAAGUA,7mer-A1,77,83,False,ACTTGAA
hsa_circ_0087640|CDC14B|TransCirc_TC-hsa-CDC14B_0017,1183,hsa-miR-1297,UUCAAGUAAUUCAGGUG,UCAAGUA,7mer-A1,545,551,False,ACTTGAA
hsa_circ_0087640|CDC14B|TransCirc_TC-hsa-CDC14B_0017,1183,hsa-miR-1305,UUUUCAACUCUAAUGGGAGAGA,UUUCAAC,7mer-A1,1140,1146,False,TTGAAAA
hsa_circ_0087640|CDC14B|TransCirc_TC-hsa-CDC14B_0017,1183,hsa-miR-548f-3p,AAAAACUGUAAUUACUUUU,AAAACUG,7mer-m8,912,918,False,CAGTTTT
hsa_circ_0087640|CDC14B|TransCirc_TC-hsa-CDC14B_0017,1183,hsa-miR-1248,ACCUUCUUGUAUAAGCACUGUGCUAAA,CCUUCUU,7mer-m8,399,405,False,AAGAAGG
hsa_circ_0087640|CDC14B|TransCirc_TC-hsa-CDC14B_0017,1183,hsa-miR-1250-3p,ACAUUUUCCAGCCCAUUCA,CAUUUUC,7mer-m8,474,480,False,GAAAATG
hsa_circ_0087640|CDC14B|TransCirc_TC-hsa-CDC14B_0017,1183,hsa-miR-1250-3p,ACAUUUUCCAGCCCAUUCA,CAUUUUC,7mer-m8,750,756,False,GAAAATG
hsa_circ_0087640|CDC14B|TransCirc_TC-hsa-CDC14B_0017,1183,hsa-miR-1251-3p,CGCUUUGCUCAGCCAGUGUAG,GCUUUGC,7mer-m8,781,787,False,GCAAAGC
hsa_circ_0087640|CDC14B|TransCirc_TC-hsa-CDC14B_0017,1183,hsa-miR-1265,CAGGAUGUGGUCAAGUGUUGUU,AGGAUGU,8mer,318,325,False,ACATCCTA
hsa_circ_0087640|CDC14B|TransCirc_TC-hsa-CDC14B_0017,1183,hsa-miR-1266-5p,CCUCAGGGCUGUAGAACAGGGCU,CUCAGGG,7mer-A1,573,579,False,CCTGAGA
hsa_circ_0087640|CDC14B|TransCirc_TC-hsa-CDC14B_0017,1183,hsa-miR-1270,CUGGAGAUAUGGAAGAGCUGUGU,UGGAGAU,7mer-A1,1009,1015,False,TCTCCAA
hsa_circ_0087640|CDC14B|TransCirc_TC-hsa-CDC14B_0017,1183,hsa-miR-1277-5p,AAAUAUAUAUAUAUAUGUACGUAU,AAUAUAU,7mer-m8,264,270,False,ATATATT
hsa_circ_0087640|CDC14B|TransCirc_TC-hsa-CDC14B_0017,1183,hsa-miR-1279,UCAUAUUGCUUCUUUCU,CAUAUUG,7mer-A1,82,88,False,AATATGA
hsa_circ_0087640|CDC14B|TransCirc_TC-hsa-CDC14B_0017,1183,hsa-miR-1279,UCAUAUUGCUUCUUUCU,CAUAUUG,7mer-A1,451,457,False,AATATGA
hsa_circ_0087640|CDC14B|TransCirc_TC-hsa-CDC14B_0017,1183,hsa-miR-1252-3p,CAAAUGAGCUUAAUUUCCUUUU,AAAUGAG,8mer,434,441,False,CTCATTTA
hsa_circ_0087640|CDC14B|TransCirc_TC-hsa-CDC14B_0017,1183,hsa-miR-1255b-2-3p,AACCACUUUCUUUGCUCAUCCA,ACCACUU,7mer-m8,551,557,False,AAGTGGT
hsa_circ_0087640|CDC14B|TransCirc_TC-hsa-CDC14B_0017,1183,hsa-miR-664a-5p,ACUGGCUAGGGAAAAUGAUUGGAU,CUGGCUA,7mer-A1,539,545,False,AGCCAGA
hsa_circ_0087640|CDC14B|TransCirc_TC-hsa-CDC14B_0017,1183,hsa-miR-664a-3p,UAUUCAUUUAUCCCCAGCCUACA,AUUCAUU,7mer-A1,448,454,False,ATGAATA
hsa_circ_0087640|CDC14B|TransCirc_TC-hsa-CDC14B_0017,1183,hsa-miR-1307-3p,ACUCGGCGUGGCGUCGGUCGUG,CUCGGCG,7mer-A1,852,858,False,GCCGAGA
hsa_circ_0087640|CDC14B|TransCirc_TC-hsa-CDC14B_0017,1183,hsa-miR-513b-3p,AAAUGUCACCUUUUUGAGAGGA,AAUGUCA,7mer-m8,1034,1040,False,TGACATT
hsa_circ_0087640|CDC14B|TransCirc_TC-hsa-CDC14B_0017,1183,hsa-miR-1537-5p,AGCUGUAAUUAGUCAGUUUUCU,GCUGUAA,7mer-A1,24,30,False,TACAGCA
hsa_circ_0087640|CDC14B|TransCirc_TC-hsa-CDC14B_0017,1183,hsa-miR-1909-5p,UGAGUGCCGGUGCCUGCCCUG,GAGUGCC,7mer-m8,804,810,False,GGCACTC
hsa_circ_0087640|CDC14B|TransCirc_TC-hsa-CDC14B_0017,1183,hsa-miR-1910-3p,GAGGCAGAAGCAGGAUGACA,AGGCAGA,7mer-A1,343,349,False,CTGCCTA
hsa_circ_0087640|CDC14B|TransCirc_TC-hsa-CDC14B_0017,1183,hsa-miR-1913,UCUGCCCCCUCCGCUGCUGCCA,CUGCCCC,7mer-m8,977,983,False,GGGGCAG
hsa_circ_0087640|CDC14B|TransCirc_TC-hsa-CDC14B_0017,1183,hsa-miR-1976,CCUCCUGCCCUCCUUGCUGU,CUCCUGC,8mer,980,987,False,GCAGGAGA
hsa_circ_0087640|CDC14B|TransCirc_TC-hsa-CDC14B_0017,1183,hsa-miR-2052,UGUUUUGAUAACAGUAAUGU,GUUUUGA,7mer-A1,1160,1166,False,CAAAACA
hsa_circ_0087640|CDC14B|TransCirc_TC-hsa-CDC14B_0017,1183,hsa-miR-2054,CUGUAAUAUAAAUUUAAUUUAUU,UGUAAUA,7mer-A1,171,177,False,ATTACAA
hsa_circ_0087640|CDC14B|TransCirc_TC-hsa-CDC14B_0017,1183,hsa-miR-2114-5p,UAGUCCCUUCCUUGAAGCGGUC,AGUCCCU,7mer-A1,952,958,False,GGGACTA
hsa_circ_0087640|CDC14B|TransCirc_TC-hsa-CDC14B_0017,1183,hsa-miR-2115-3p,CAUCAGAAUUCAUGGAGGCUAG,AUCAGAA,7mer-A1,809,815,False,TCTGATA
hsa_circ_0087640|CDC14B|TransCirc_TC-hsa-CDC14B_0017,1183,hsa-miR-2681-3p,UAUCAUGGAGUUGGUAAAGCAC,AUCAUGG,7mer-m8,680,686,False,CCATGAT
hsa_circ_0087640|CDC14B|TransCirc_TC-hsa-CDC14B_0017,1183,hsa-miR-2682-5p,CAGGCAGUGACUGUUCAGACGUC,AGGCAGU,7mer-A1,343,349,False,CTGCCTA
hsa_circ_0087640|CDC14B|TransCirc_TC-hsa-CDC14B_0017,1183,hsa-miR-3123,CAGAGAAUUGUUUAAUC,AGAGAAU,8mer,18,25,False,ATTCTCTA
hsa_circ_0087640|CDC14B|TransCirc_TC-hsa-CDC14B_0017,1183,hsa-miR-3125,UAGAGGAAGCUGUGGAGAGA,AGAGGAA,7mer-m8,1174,1180,False,TTCCTCT
hsa_circ_0087640|CDC14B|TransCirc_TC-hsa-CDC14B_0017,1183,hsa-miR-3127-3p,UCCCCUUCUGCAGGCCUGCUGG,CCCCUUC,8mer,948,955,False,GAAGGGGA
hsa_circ_0087640|CDC14B|TransCirc_TC-hsa-CDC14B_0017,1183,hsa-miR-3129-5p,GCAGUAGUGUAGAGAUUGGUUU,CAGUAGU,7mer-A1,712,718,False,CTACTGA
hsa_circ_0087640|CDC14B|TransCirc_TC-hsa-CDC14B_0017,1183,hsa-miR-3136-3p,UGGCCCAACCUAUUCAGUUAGU,GGCCCAA,7mer-m8,898,904,False,TTGGGCC
hsa_circ_0087640|CDC14B|TransCirc_TC-hsa-CDC14B_0017,1183,hsa-miR-3140-3p,AGCUUUUGGGAAUUCAGGUAGU,GCUUUUG,7mer-A1,467,473,False,AAAAGCA
hsa_circ_0087640|CDC14B|TransCirc_TC-hsa-CDC14B_0017,1183,hsa-miR-3140-3p,AGCUUUUGGGAAUUCAGGUAGU,GCUUUUG,7mer-A1,1143,1149,False,AAAAGCA
hsa_circ_0087640|CDC14B|TransCirc_TC-hsa-CDC14B_0017,1183,hsa-miR-3143,AUAACAUUGUAAAGCGCUUCUUUCG,UAACAUU,8mer,176,183,False,AATGTTAA
hsa_circ_0087640|CDC14B|TransCirc_TC-hsa-CDC14B_0017,1183,hsa-miR-3143,AUAACAUUGUAAAGCGCUUCUUUCG,UAACAUU,7mer-m8,606,612,False,AATGTTA
hsa_circ_0087640|CDC14B|TransCirc_TC-hsa-CDC14B_0017,1183,hsa-miR-3151-3p,CCUGAUCCCACAGCCCACCU,CUGAUCC,7mer-A1,213,219,False,GATCAGA
hsa_circ_0087640|CDC14B|TransCirc_TC-hsa-CDC14B_0017,1183,hsa-miR-3158-5p,CCUGCAGAGAGGAAGCCCUUC,CUGCAGA,8mer,877,884,False,TCTGCAGA
hsa_circ_0087640|CDC14B|TransCirc_TC-hsa-CDC14B_0017,1183,hsa-miR-3170,CUGGGGUUCUGAGACAGACAGU,UGGGGUU,7mer-m8,278,284,False,AACCCCA
hsa_circ_0087640|CDC14B|TransCirc_TC-hsa-CDC14B_0017,1183,hsa-miR-3171,AGAUGUAUGGAAUCUGUAUAUAUC,GAUGUAU,7mer-A1,822,828,False,TACATCA
hsa_circ_0087640|CDC14B|TransCirc_TC-hsa-CDC14B_0017,1183,hsa-miR-3182,GCUUCUGUAGUGUAGUC,CUUCUGU,7mer-A1,283,289,False,CAGAAGA
hsa_circ_0087640|CDC14B|TransCirc_TC-hsa-CDC14B_0017,1183,hsa-miR-3182,GCUUCUGUAGUGUAGUC,CUUCUGU,7mer-A1,1148,1154,False,CAGAAGA
hsa_circ_0087640|CDC14B|TransCirc_TC-hsa-CDC14B_0017,1183,hsa-miR-3184-3p,AAAGUCUCGCUCUCUGCCCCUCA,AAGUCUC,8mer,576,583,False,GAGACTTA
hsa_circ_0087640|CDC14B|TransCirc_TC-hsa-CDC14B_0017,1183,hsa-miR-3191-5p,CUCUCUGGCCGUCUACCUUCCA,UCUCUGG,7mer-A1,216,222,False,CAGAGAA
hsa_circ_0087640|CDC14B|TransCirc_TC-hsa-CDC14B_0017,1183,hsa-miR-3192-3p,CUCUGAUCGCCCUCUCAGCUC,UCUGAUC,7mer-m8,213,219,False,GATCAGA
hsa_circ_0087640|CDC14B|TransCirc_TC-hsa-CDC14B_0017,1183,hsa-miR-3194-3p,AGCUCUGCUGCUCACUGGCAGU,GCUCUGC,7mer-A1,998,1004,False,CAGAGCA
hsa_circ_0087640|CDC14B|TransCirc_TC-hsa-CDC14B_0017,1183,hsa-miR-548x-3p,UAAAAACUGCAAUUACUUUC,AAAAACU,7mer-m8,913,919,False,AGTTTTT
hsa_circ_0087640|CDC14B|TransCirc_TC-hsa-CDC14B_0017,1183,hsa-miR-514b-3p,AUUGACACCUCUGUGAGUGGA,UUGACAC,7mer-A1,725,731,False,TGTCAAA
hsa_circ_0087640|CDC14B|TransCirc_TC-hsa-CDC14B_0017,1183,hsa-miR-4297,UGCCUUCCUGUCUGUG,GCCUUCC,7mer-A1,401,407,False,GAAGGCA
hsa_circ_0087640|CDC14B|TransCirc_TC-hsa-CDC14B_0017,1183,hsa-miR-4310,GCAGCAUUCAUGUCCC,CAGCAUU,8mer,753,760,False,AATGCTGA
hsa_circ_0087640|CDC14B|TransCirc_TC-hsa-CDC14B_0017,1183,hsa-miR-4310,GCAGCAUUCAUGUCCC,CAGCAUU,7mer-m8,231,237,False,AATGCTG
hsa_circ_0087640|CDC14B|TransCirc_TC-hsa-CDC14B_0017,1183,hsa-miR-4314,CUCUGGGAAAUGGGACAG,UCUGGGA,7mer-A1,281,287,False,CCCAGAA
hsa_circ_0087640|CDC14B|TransCirc_TC-hsa-CDC14B_0017,1183,hsa-miR-4317,ACAUUGCCAGGGAGUUU,CAUUGCC,7mer-m8,122,128,False,GGCAATG
hsa_circ_0087640|CDC14B|TransCirc_TC-hsa-CDC14B_0017,1183,hsa-miR-4317,ACAUUGCCAGGGAGUUU,CAUUGCC,7mer-m8,404,410,False,GGCAATG
hsa_circ_0087640|CDC14B|TransCirc_TC-hsa-CDC14B_0017,1183,hsa-miR-4256,AUCUGACCUGAUGAAGGU,UCUGACC,7mer-A1,964,970,False,GTCAGAA
hsa_circ_0087640|CDC14B|TransCirc_TC-hsa-CDC14B_0017,1183,hsa-miR-4257,CCAGAGGUGGGGACUGAG,CAGAGGU,7mer-m8,937,943,False,ACCTCTG
hsa_circ_0087640|CDC14B|TransCirc_TC-hsa-CDC14B_0017,1183,hsa-miR-4255,CAGUGUUCAGAGAUGGA,AGUGUUC,8mer,456,463,False,GAACACTA
hsa_circ_0087640|CDC14B|TransCirc_TC-hsa-CDC14B_0017,1183,hsa-miR-4272,CAUUCAACUAGUGAUUGU,AUUCAAC,7mer-A1,79,85,False,TTGAATA
hsa_circ_0087640|CDC14B|TransCirc_TC-hsa-CDC14B_0017,1183,hsa-miR-4279,CUCUCCUCCCGGCUUC,UCUCCUC,7mer-A1,982,988,False,AGGAGAA
hsa_circ_0087640|CDC14B|TransCirc_TC-hsa-CDC14B_0017,1183,hsa-miR-4289,GCAUUGUGCAGGGCUAUCA,CAUUGUG,7mer-m8,603,609,False,CACAATG
hsa_circ_0087640|CDC14B|TransCirc_TC-hsa-CDC14B_0017,1183,hsa-miR-3646,AAAAUGAAAUGAGCCCAGCCCA,AAAUGAA,7mer-m8,196,202,False,TTCATTT
hsa_circ_0087640|CDC14B|TransCirc_TC-hsa-CDC14B_0017,1183,hsa-miR-3646,AAAAUGAAAUGAGCCCAGCCCA,AAAUGAA,7mer-A1,435,441,False,TCATTTA
hsa_circ_0087640|CDC14B|TransCirc_TC-hsa-CDC14B_0017,1183,hsa-miR-3662,GAAAAUGAUGAGUAGUGACUGAUG,AAAAUGA,8mer,197,204,False,TCATTTTA
hsa_circ_0087640|CDC14B|TransCirc_TC-hsa-CDC14B_0017,1183,hsa-miR-3664-3p,UCUCAGGAGUAAAGACAGAGUU,CUCAGGA,8mer,572,579,False,TCCTGAGA
hsa_circ_0087640|CDC14B|TransCirc_TC-hsa-CDC14B_0017,1183,hsa-miR-3668,AAUGUAGAGAUUGAUCAAAAU,AUGUAGA,7mer-m8,364,370,False,TCTACAT
hsa_circ_0087640|CDC14B|TransCirc_TC-hsa-CDC14B_0017,1183,hsa-miR-3686,AUCUGUAAGAGAAAGUAAAUGA,UCUGUAA,7mer-m8,131,137,False,TTACAGA
hsa_circ_0087640|CDC14B|TransCirc_TC-hsa-CDC14B_0017,1183,hsa-miR-3688-3p,UAUGGAAAGACUUUGCCACUCU,AUGGAAA,8mer,1039,1046,False,TTTCCATA
hsa_circ_0087640|CDC14B|TransCirc_TC-hsa-CDC14B_0017,1183,hsa-miR-3692-5p,CCUGCUGGUCAGGAGUGGAUACUG,CUGCUGG,7mer-A1,26,32,False,CAGCAGA
hsa_circ_0087640|CDC14B|TransCirc_TC-hsa-CDC14B_0017,1183,hsa-miR-3714,GAAGGCAGCAGUGCUCCCCUGU,AAGGCAG,7mer-m8,235,241,False,CTGCCTT
hsa_circ_0087640|CDC14B|TransCirc_TC-hsa-CDC14B_0017,1183,hsa-miR-3912-5p,AUGUCCAUAUUAUGGGUUAGU,UGUCCAU,8mer,988,995,False,ATGGACAA
hsa_circ_0087640|CDC14B|TransCirc_TC-hsa-CDC14B_0017,1183,hsa-miR-3916,AAGAGGAAGAAAUGGCUGGUUCUCAG,AGAGGAA,7mer-m8,1174,1180,False,TTCCTCT
hsa_circ_0087640|CDC14B|TransCirc_TC-hsa-CDC14B_0017,1183,hsa-miR-3921,UCUCUGAGUACCAUAUGCCUUGU,CUCUGAG,7mer-A1,215,221,False,TCAGAGA
hsa_circ_0087640|CDC14B|TransCirc_TC-hsa-CDC14B_0017,1183,hsa-miR-3921,UCUCUGAGUACCAUAUGCCUUGU,CUCUGAG,7mer-A1,334,340,False,TCAGAGA
hsa_circ_0087640|CDC14B|TransCirc_TC-hsa-CDC14B_0017,1183,hsa-miR-3922-5p,UCAAGGCCAGAGGUCCCACAGCA,CAAGGCC,8mer,1136,1143,False,GGCCTTGA
hsa_circ_0087640|CDC14B|TransCirc_TC-hsa-CDC14B_0017,1183,hsa-miR-3922-5p,UCAAGGCCAGAGGUCCCACAGCA,CAAGGCC,7mer-m8,789,795,False,GGCCTTG
hsa_circ_0087640|CDC14B|TransCirc_TC-hsa-CDC14B_0017,1183,hsa-miR-3925-5p,AAGAGAACUGAAAGUGGAGCCU,AGAGAAC,7mer-A1,19,25,False,TTCTCTA
hsa_circ_0087640|CDC14B|TransCirc_TC-hsa-CDC14B_0017,1183,hsa-miR-4418,CACUGCAGGACUCAGCAG,ACUGCAG,7mer-A1,392,398,False,TGCAGTA
hsa_circ_0087640|CDC14B|TransCirc_TC-hsa-CDC14B_0017,1183,hsa-miR-4418,CACUGCAGGACUCAGCAG,ACUGCAG,7mer-A1,409,415,False,TGCAGTA
hsa_circ_0087640|CDC14B|TransCirc_TC-hsa-CDC14B_0017,1183,hsa-miR-4418,CACUGCAGGACUCAGCAG,ACUGCAG,7mer-A1,770,776,False,TGCAGTA
hsa_circ_0087640|CDC14B|TransCirc_TC-hsa-CDC14B_0017,1183,hsa-miR-4433a-3p,ACAGGAGUGGGGGUGGGACAU,CAGGAGU,7mer-A1,571,577,False,CTCCTGA
hsa_circ_0087640|CDC14B|TransCirc_TC-hsa-CDC14B_0017,1183,hsa-miR-4434,AGGAGAAGUAAAGUAGAA,GGAGAAG,8mer,1007,1014,False,CTTCTCCA
hsa_circ_0087640|CDC14B|TransCirc_TC-hsa-CDC14B_0017,1183,hsa-miR-548ae-3p,CAAAAACUGCAAUUACUUUCA,AAAAACU,7mer-m8,913,919,False,AGTTTTT
hsa_circ_0087640|CDC14B|TransCirc_TC-hsa-CDC14B_0017,1183,hsa-miR-548ah-3p,CAAAAACUGCAGUUACUUUUGC,AAAAACU,7mer-m8,913,919,False,AGTTTTT
hsa_circ_0087640|CDC14B|TransCirc_TC-hsa-CDC14B_0017,1183,hsa-miR-548aj-3p,UAAAAACUGCAAUUACUUUUA,AAAAACU,7mer-m8,913,919,False,AGTTTTT
hsa_circ_0087640|CDC14B|TransCirc_TC-hsa-CDC14B_0017,1183,hsa-miR-4465,CUCAAGUAGUCUGACCAGGGGA,UCAAGUA,7mer-A1,77,83,False,ACTTGAA
hsa_circ_0087640|CDC14B|TransCirc_TC-hsa-CDC14B_0017,1183,hsa-miR-4465,CUCAAGUAGUCUGACCAGGGGA,UCAAGUA,7mer-A1,545,551,False,ACTTGAA
hsa_circ_0087640|CDC14B|TransCirc_TC-hsa-CDC14B_0017,1183,hsa-miR-4470,UGGCAAACGUGGAAGCCGAGA,GGCAAAC,7mer-A1,12,18,False,TTTGCCA
hsa_circ_0087640|CDC14B|TransCirc_TC-hsa-CDC14B_0017,1183,hsa-miR-4476,CAGGAAGGAUUUAGGGACAGGC,AGGAAGG,7mer-m8,238,244,False,CCTTCCT
hsa_circ_0087640|CDC14B|TransCirc_TC-hsa-CDC14B_0017,1183,hsa-miR-4477b,AUUAAGGACAUUUGUGAUUGAU,UUAAGGA,7mer-m8,421,427,False,TCCTTAA
hsa_circ_0087640|CDC14B|TransCirc_TC-hsa-CDC14B_0017,1183,hsa-miR-4481,GGAGUGGGCUGGUGGUU,GAGUGGG,7mer-A1,111,117,False,CCACTCA
hsa_circ_0087640|CDC14B|TransCirc_TC-hsa-CDC14B_0017,1183,hsa-miR-4484,AAAAGGCGGGAGAAGCCCCA,AAAGGCG,7mer-m8,3,9,False,CGCCTTT
hsa_circ_0087640|CDC14B|TransCirc_TC-hsa-CDC14B_0017,1183,hsa-miR-4490,UCUGGUAAGAGAUUUGGGCAUA,CUGGUAA,7mer-A1,499,505,False,TACCAGA
hsa_circ_0087640|CDC14B|TransCirc_TC-hsa-CDC14B_0017,1183,hsa-miR-2392,UAGGAUGGGGGUGAGAGGUG,AGGAUGG,7mer-A1,319,325,False,CATCCTA
hsa_circ_0087640|CDC14B|TransCirc_TC-hsa-CDC14B_0017,1183,hsa-miR-4516,GGGAGAAGGGUCGGGGC,GGAGAAG,8mer,1007,1014,False,CTTCTCCA
hsa_circ_0087640|CDC14B|TransCirc_TC-hsa-CDC14B_0017,1183,hsa-miR-4518,GCUCAGGGAUGAUAACUGUGCUGAGA,CUCAGGG,7mer-A1,573,579,False,CCTGAGA
hsa_circ_0087640|CDC14B|TransCirc_TC-hsa-CDC14B_0017,1183,hsa-miR-4520-5p,CCUGCGUGUUUUCUGUCCAA,CUGCGUG,7mer-A1,97,103,False,ACGCAGA
hsa_circ_0087640|CDC14B|TransCirc_TC-hsa-CDC14B_0017,1183,hsa-miR-4527,UGGUCUGCAAAGAGAUGACUGU,GGUCUGC,8mer,28,35,False,GCAGACCA
hsa_circ_0087640|CDC14B|TransCirc_TC-hsa-CDC14B_0017,1183,hsa-miR-4527,UGGUCUGCAAAGAGAUGACUGU,GGUCUGC,7mer-m8,880,886,False,GCAGACC
hsa_circ_0087640|CDC14B|TransCirc_TC-hsa-CDC14B_0017,1183,hsa-miR-4528,UCAUUAUAUGUAUGAUCUGGAC,CAUUAUA,7mer-A1,70,76,False,ATAATGA
hsa_circ_0087640|CDC14B|TransCirc_TC-hsa-CDC14B_0017,1183,hsa-miR-4531,AUGGAGAAGGCUUCUGA,UGGAGAA,8mer,1008,1015,False,TTCTCCAA
hsa_circ_0087640|CDC14B|TransCirc_TC-hsa-CDC14B_0017,1183,hsa-miR-548am-3p,CAAAAACUGCAGUUACUUUUGU,AAAAACU,7mer-m8,913,919,False,AGTTTTT
hsa_circ_0087640|CDC14B|TransCirc_TC-hsa-CDC14B_0017,1183,hsa-miR-3972,CUGCCAGCCCCGUUCCAGGGCA,UGCCAGC,7mer-A1,120,126,False,CTGGCAA
hsa_circ_0087640|CDC14B|TransCirc_TC-hsa-CDC14B_0017,1183,hsa-miR-3977,GUGCUUCAUCGUAAUUAACCUUA,UGCUUCA,8mer,925,932,False,TGAAGCAA
hsa_circ_0087640|CDC14B|TransCirc_TC-hsa-CDC14B_0017,1183,hsa-miR-3977,GUGCUUCAUCGUAAUUAACCUUA,UGCUUCA,7mer-m8,829,835,False,TGAAGCA
hsa_circ_0087640|CDC14B|TransCirc_TC-hsa-CDC14B_0017,1183,hsa-miR-4635,UCUUGAAGUCAGAACCCGCAA,CUUGAAG,7mer-A1,533,539,False,TTCAAGA
hsa_circ_0087640|CDC14B|TransCirc_TC-hsa-CDC14B_0017,1183,hsa-miR-4638-5p,ACUCGGCUGCGGUGGACAAGU,CUCGGCU,8mer,851,858,False,AGCCGAGA
hsa_circ_0087640|CDC14B|TransCirc_TC-hsa-CDC14B_0017,1183,hsa-miR-4642,AUGGCAUCGUCCCCUGGUGGCU,UGGCAUC,8mer,645,652,False,GATGCCAA
hsa_circ_0087640|CDC14B|TransCirc_TC-hsa-CDC14B_0017,1183,hsa-miR-4642,AUGGCAUCGUCCCCUGGUGGCU,UGGCAUC,7mer-m8,717,723,False,GATGCCA
hsa_circ_0087640|CDC14B|TransCirc_TC-hsa-CDC14B_0017,1183,hsa-miR-4649-3p,UCUGAGGCCUGCCUCUCCCCA,CUGAGGC,7mer-m8,902,908,False,GCCTCAG
hsa_circ_0087640|CDC14B|TransCirc_TC-hsa-CDC14B_0017,1183,hsa-miR-4653-5p,UCUCUGAGCAAGGCUUAACACC,CUCUGAG,7mer-A1,215,221,False,TCAGAGA
hsa_circ_0087640|CDC14B|TransCirc_TC-hsa-CDC14B_0017,1183,hsa-miR-4653-5p,UCUCUGAGCAAGGCUUAACACC,CUCUGAG,7mer-A1,334,340,False,TCAGAGA
hsa_circ_0087640|CDC14B|TransCirc_TC-hsa-CDC14B_0017,1183,hsa-miR-4658,GUGAGUGUGGAUCCUGGAGGAAU,UGAGUGU,7mer-A1,112,118,False,CACTCAA
hsa_circ_0087640|CDC14B|TransCirc_TC-hsa-CDC14B_0017,1183,hsa-miR-4659a-3p,UUUCUUCUUAGACAUGGCAACG,UUCUUCU,7mer-m8,284,290,False,AGAAGAA
hsa_circ_0087640|CDC14B|TransCirc_TC-hsa-CDC14B_0017,1183,hsa-miR-4659a-3p,UUUCUUCUUAGACAUGGCAACG,UUCUUCU,7mer-A1,185,191,False,GAAGAAA
hsa_circ_0087640|CDC14B|TransCirc_TC-hsa-CDC14B_0017,1183,hsa-miR-4659b-3p,UUUCUUCUUAGACAUGGCAGCU,UUCUUCU,7mer-m8,284,290,False,AGAAGAA
hsa_circ_0087640|CDC14B|TransCirc_TC-hsa-CDC14B_0017,1183,hsa-miR-4659b-3p,UUUCUUCUUAGACAUGGCAGCU,UUCUUCU,7mer-A1,185,191,False,GAAGAAA
hsa_circ_0087640|CDC14B|TransCirc_TC-hsa-CDC14B_0017,1183,hsa-miR-4663,AGCUGAGCUCCAUGGACGUGCAGU,GCUGAGC,7mer-A1,904,910,False,CTCAGCA
hsa_circ_0087640|CDC14B|TransCirc_TC-hsa-CDC14B_0017,1183,hsa-miR-4664-5p,UGGGGUGCCCACUCCGCAAGUU,GGGGUGC,7mer-m8,706,712,False,GCACCCC
hsa_circ_0087640|CDC14B|TransCirc_TC-hsa-CDC14B_0017,1183,hsa-miR-4667-5p,ACUGGGGAGCAGAAGGAGAACC,CUGGGGA,7mer-A1,280,286,False,CCCCAGA
hsa_circ_0087640|CDC14B|TransCirc_TC-hsa-CDC14B_0017,1183,hsa-miR-4676-5p,GAGCCAGUGGUGAGACAGUGA,AGCCAGU,7mer-m8,204,210,False,ACTGGCT
hsa_circ_0087640|CDC14B|TransCirc_TC-hsa-CDC14B_0017,1183,hsa-miR-4690-5p,GAGCAGGCGAGGCUGGGCUGAA,AGCAGGC,8mer,816,823,False,GCCTGCTA
hsa_circ_0087640|CDC14B|TransCirc_TC-hsa-CDC14B_0017,1183,hsa-miR-4700-5p,UCUGGGGAUGAGGACAGUGUGU,CUGGGGA,7mer-A1,280,286,False,CCCCAGA
hsa_circ_0087640|CDC14B|TransCirc_TC-hsa-CDC14B_0017,1183,hsa-miR-4705,UCAAUCACUUGGUAAUUGCUGU,CAAUCAC,7mer-m8,894,900,False,GTGATTG
hsa_circ_0087640|CDC14B|TransCirc_TC-hsa-CDC14B_0017,1183,hsa-miR-203b-5p,UAGUGGUCCUAAACAUUUCACA,AGUGGUC,7mer-m8,109,115,False,GACCACT
hsa_circ_0087640|CDC14B|TransCirc_TC-hsa-CDC14B_0017,1183,hsa-miR-4711-5p,UGCAUCAGGCCAGAAGACAUGAG,GCAUCAG,7mer-m8,715,721,False,CTGATGC
hsa_circ_0087640|CDC14B|TransCirc_TC-hsa-CDC14B_0017,1183,hsa-miR-4713-5p,UUCUCCCACUACCAGGCUCCCA,UCUCCCA,7mer-A1,273,279,False,GGGAGAA
hsa_circ_0087640|CDC14B|TransCirc_TC-hsa-CDC14B_0017,1183,hsa-miR-4718,AGCUGUACCUGAAACCAAGCA,GCUGUAC,7mer-A1,24,30,False,TACAGCA
hsa_circ_0087640|CDC14B|TransCirc_TC-hsa-CDC14B_0017,1183,hsa-miR-4722-3p,ACCUGCCAGCACCUCCCUGCAG,CCUGCCA,7mer-A1,979,985,False,GGCAGGA
hsa_circ_0087640|CDC14B|TransCirc_TC-hsa-CDC14B_0017,1183,hsa-miR-4728-3p,CAUGCUGACCUCCCUCCUGCCCCAG,AUGCUGA,8mer,61,68,False,TCAGCATA
hsa_circ_0087640|CDC14B|TransCirc_TC-hsa-CDC14B_0017,1183,hsa-miR-4729,UCAUUUAUCUGUUGGGAAGCUA,CAUUUAU,7mer-m8,1044,1050,False,ATAAATG
hsa_circ_0087640|CDC14B|TransCirc_TC-hsa-CDC14B_0017,1183,hsa-miR-4732-5p,UGUAGAGCAGGGAGCAGGAAGCU,GUAGAGC,7mer-A1,21,27,False,CTCTACA
hsa_circ_0087640|CDC14B|TransCirc_TC-hsa-CDC14B_0017,1183,hsa-miR-3064-5p,UCUGGCUGUUGUGGUGUGCAA,CUGGCUG,7mer-A1,539,545,False,AGCCAGA
hsa_circ_0087640|CDC14B|TransCirc_TC-hsa-CDC14B_0017,1183,hsa-miR-4745-5p,UGAGUGGGGCUCCCGGGACGGCG,GAGUGGG,7mer-A1,111,117,False,CCACTCA
hsa_circ_0087640|CDC14B|TransCirc_TC-hsa-CDC14B_0017,1183,hsa-miR-4747-3p,AAGGCCCGGGCUUUCCUCCCAG,AGGCCCG,7mer-m8,1134,1140,False,CGGGCCT
hsa_circ_0087640|CDC14B|TransCirc_TC-hsa-CDC14B_0017,1183,hsa-miR-4749-3p,CGCCCCUCCUGCCCCCACAG,GCCCCUC,7mer-A1,976,982,False,AGGGGCA
hsa_circ_0087640|CDC14B|TransCirc_TC-hsa-CDC14B_0017,1183,hsa-miR-4750-3p,CCUGACCCACCCCCUCCCGCAG,CUGACCC,7mer-m8,868,874,False,GGGTCAG
hsa_circ_0087640|CDC14B|TransCirc_TC-hsa-CDC14B_0017,1183,hsa-miR-4753-5p,CAAGGCCAAAGGAAGAGAACAG,AAGGCCA,7mer-m8,788,794,False,TGGCCTT
hsa_circ_0087640|CDC14B|TransCirc_TC-hsa-CDC14B_0017,1183,hsa-miR-371b-3p,AAGUGCCCCCACAGUUUGAGUGC,AGUGCCC,7mer-m8,803,809,False,GGGCACT
hsa_circ_0087640|CDC14B|TransCirc_TC-hsa-CDC14B_0017,1183,hsa-miR-4758-5p,GUGAGUGGGAGCCGGUGGGGCUG,UGAGUGG,8mer,111,118,False,CCACTCAA
hsa_circ_0087640|CDC14B|TransCirc_TC-hsa-CDC14B_0017,1183,hsa-miR-4761-5p,ACAAGGUGUGCAUGCCUGACC,CAAGGUG,7mer-A1,442,448,False,ACCTTGA
hsa_circ_0087640|CDC14B|TransCirc_TC-hsa-CDC14B_0017,1183,hsa-miR-4766-5p,UCUGAAAGAGCAGUUGGUGUU,CUGAAAG,8mer,331,338,False,CTTTCAGA
hsa_circ_0087640|CDC14B|TransCirc_TC-hsa-CDC14B_0017,1183,hsa-miR-4768-5p,AUUCUCUCUGGAUCCCAUGGAU,UUCUCUC,7mer-A1,217,223,False,AGAGAAA
hsa_circ_0087640|CDC14B|TransCirc_TC-hsa-CDC14B_0017,1183,hsa-miR-4768-3p,CCAGGAGAUCCAGAGAGAAU,CAGGAGA,8mer,570,577,False,TCTCCTGA
hsa_circ_0087640|CDC14B|TransCirc_TC-hsa-CDC14B_0017,1183,hsa-miR-4769-3p,UCUGCCAUCCUCCCUCCCCUAC,CUGCCAU,7mer-m8,700,706,False,ATGGCAG
hsa_circ_0087640|CDC14B|TransCirc_TC-hsa-CDC14B_0017,1183,hsa-miR-4772-5p,UGAUCAGGCAAAAUUGCAGACU,GAUCAGG,7mer-A1,211,217,False,CTGATCA
hsa_circ_0087640|CDC14B|TransCirc_TC-hsa-CDC14B_0017,1183,hsa-miR-4774-5p,UCUGGUAUGUAGUAGGUAAUAA,CUGGUAU,8mer,498,505,False,ATACCAGA
hsa_circ_0087640|CDC14B|TransCirc_TC-hsa-CDC14B_0017,1183,hsa-miR-4775,UUAAUUUUUUGUUUCGGUCACU,UAAUUUU,7mer-A1,159,165,False,AAATTAA
hsa_circ_0087640|CDC14B|TransCirc_TC-hsa-CDC14B_0017,1183,hsa-miR-4778-3p,UCUUCUUCCUUUGCAGAGUUGA,CUUCUUC,7mer-m8,285,291,False,GAAGAAG
hsa_circ_0087640|CDC14B|TransCirc_TC-hsa-CDC14B_0017,1183,hsa-miR-4781-3p,AAUGUUGGAAUCCUCGCUAGAG,AUGUUGG,7mer-m8,563,569,False,CCAACAT
hsa_circ_0087640|CDC14B|TransCirc_TC-hsa-CDC14B_0017,1183,hsa-miR-4782-3p,UGAUUGUCUUCAUAUCUAGAAC,GAUUGUC,7mer-m8,1153,1159,False,GACAATC
hsa_circ_0087640|CDC14B|TransCirc_TC-hsa-CDC14B_0017,1183,hsa-miR-4786-3p,UGAAGCCAGCUCUGGUCUGGGC,GAAGCCA,7mer-m8,416,422,False,TGGCTTC
hsa_circ_0087640|CDC14B|TransCirc_TC-hsa-CDC14B_0017,1183,hsa-miR-4786-3p,UGAAGCCAGCUCUGGUCUGGGC,GAAGCCA,7mer-m8,668,674,False,TGGCTTC
hsa_circ_0087640|CDC14B|TransCirc_TC-hsa-CDC14B_0017,1183,hsa-miR-4793-5p,ACAUCCUGCUCCACAGGGCAGAGG,CAUCCUG,8mer,839,846,False,CAGGATGA
hsa_circ_0087640|CDC14B|TransCirc_TC-hsa-CDC14B_0017,1183,hsa-miR-4794,UCUGGCUAUCUCACGAGACUGU,CUGGCUA,7mer-A1,539,545,False,AGCCAGA
hsa_circ_0087640|CDC14B|TransCirc_TC-hsa-CDC14B_0017,1183,hsa-miR-4999-5p,UGCUGUAUUGUCAGGUAGUGA,GCUGUAU,7mer-A1,24,30,False,TACAGCA
hsa_circ_0087640|CDC14B|TransCirc_TC-hsa-CDC14B_0017,1183,hsa-miR-5004-3p,CUUGGAUUUUCCUGGGCCUCAG,UUGGAUU,8mer,1156,1163,False,AATCCAAA
hsa_circ_0087640|CDC14B|TransCirc_TC-hsa-CDC14B_0017,1183,hsa-miR-5006-5p,UUGCCAGGGCAGGAGGUGGAA,UGCCAGG,7mer-A1,120,126,False,CTGGCAA
hsa_circ_0087640|CDC14B|TransCirc_TC-hsa-CDC14B_0017,1183,hsa-miR-5007-3p,AUCAUAUGAACCAAACUCUAAU,UCAUAUG,7mer-A1,452,458,False,ATATGAA
hsa_circ_0087640|CDC14B|TransCirc_TC-hsa-CDC14B_0017,1183,hsa-miR-5008-5p,UGAGGCCCUUGGGGCACAGUGG,GAGGCCC,8mer,900,907,False,GGGCCTCA
hsa_circ_0087640|CDC14B|TransCirc_TC-hsa-CDC14B_0017,1183,hsa-miR-5009-5p,UUGGACUUUUUCAGAUUUGGGGAU,UGGACUU,7mer-m8,165,171,False,AAGTCCA
hsa_circ_0087640|CDC14B|TransCirc_TC-hsa-CDC14B_0017,1183,hsa-miR-5011-5p,UAUAUAUACAGCCAUGCACUC,AUAUAUA,7mer-m8,263,269,False,TATATAT
hsa_circ_0087640|CDC14B|TransCirc_TC-hsa-CDC14B_0017,1183,hsa-miR-5087,GGGUUUGUAGCUUUGCUGGCAUG,GGUUUGU,7mer-A1,930,936,False,CAAACCA
hsa_circ_0087640|CDC14B|TransCirc_TC-hsa-CDC14B_0017,1183,hsa-miR-5093,AGGAAAUGAGGCUGGCUAGGAGC,GGAAAUG,8mer,1037,1044,False,CATTTCCA
hsa_circ_0087640|CDC14B|TransCirc_TC-hsa-CDC14B_0017,1183,hsa-miR-5196-3p,UCAUCCUCGUCUCCCUCCCAG,CAUCCUC,7mer-A1,840,846,False,AGGATGA
hsa_circ_0087640|CDC14B|TransCirc_TC-hsa-CDC14B_0017,1183,hsa-miR-5197-5p,CAAUGGCACAAACUCAUUCUUGA,AAUGGCA,7mer-m8,14,20,False,TGCCATT
hsa_circ_0087640|CDC14B|TransCirc_TC-hsa-CDC14B_0017,1183,hsa-miR-5197-5p,CAAUGGCACAAACUCAUUCUUGA,AAUGGCA,7mer-m8,719,725,False,TGCCATT
hsa_circ_0087640|CDC14B|TransCirc_TC-hsa-CDC14B_0017,1183,hsa-miR-5197-5p,CAAUGGCACAAACUCAUUCUUGA,AAUGGCA,7mer-m8,764,770,False,TGCCATT
hsa_circ_0087640|CDC14B|TransCirc_TC-hsa-CDC14B_0017,1183,hsa-miR-548aq-3p,CAAAAACUGCAAUUACUUUUGC,AAAAACU,7mer-m8,913,919,False,AGTTTTT
hsa_circ_0087640|CDC14B|TransCirc_TC-hsa-CDC14B_0017,1183,hsa-miR-548ar-3p,UAAAACUGCAGUUAUUUUUGC,AAAACUG,7mer-m8,912,918,False,CAGTTTT
hsa_circ_0087640|CDC14B|TransCirc_TC-hsa-CDC14B_0017,1183,hsa-miR-5581-5p,AGCCUUCCAGGAGAAAUGGAGA,GCCUUCC,7mer-A1,401,407,False,GAAGGCA
hsa_circ_0087640|CDC14B|TransCirc_TC-hsa-CDC14B_0017,1183,hsa-miR-5585-3p,CUGAAUAGCUGGGACUACAGGU,UGAAUAG,7mer-A1,584,590,False,TATTCAA
hsa_circ_0087640|CDC14B|TransCirc_TC-hsa-CDC14B_0017,1183,hsa-miR-5588-3p,AAGUCCCACUAAUGCCAGC,AGUCCCA,7mer-A1,952,958,False,GGGACTA
hsa_circ_0087640|CDC14B|TransCirc_TC-hsa-CDC14B_0017,1183,hsa-miR-548av-3p,AAAACUGCAGUUACUUUUGC,AAACUGC,7mer-m8,911,917,False,GCAGTTT
hsa_circ_0087640|CDC14B|TransCirc_TC-hsa-CDC14B_0017,1183,hsa-miR-5680,GAGAAAUGCUGGACUAAUCUGC,AGAAAUG,7mer-A1,361,367,False,ATTTCTA
hsa_circ_0087640|CDC14B|TransCirc_TC-hsa-CDC14B_0017,1183,hsa-miR-5681a,AGAAAGGGUGGCAAUACCUCUU,GAAAGGG,7mer-A1,330,336,False,CCTTTCA
hsa_circ_0087640|CDC14B|TransCirc_TC-hsa-CDC14B_0017,1183,hsa-miR-5681b,AGGUAUUGCCACCCUUUCUAGU,GGUAUUG,7mer-A1,497,503,False,AATACCA
hsa_circ_0087640|CDC14B|TransCirc_TC-hsa-CDC14B_0017,1183,hsa-miR-5691,UUGCUCUGAGCUCCGAGAAAGC,UGCUCUG,7mer-m8,998,1004,False,CAGAGCA
hsa_circ_0087640|CDC14B|TransCirc_TC-hsa-CDC14B_0017,1183,hsa-miR-5692a,CAAAUAAUACCACAGUGGGUGU,AAAUAAU,7mer-m8,55,61,False,ATTATTT
hsa_circ_0087640|CDC14B|TransCirc_TC-hsa-CDC14B_0017,1183,hsa-miR-5694,CAGAUCAUGGGACUGUCUCAG,AGAUCAU,7mer-m8,682,688,False,ATGATCT
hsa_circ_0087640|CDC14B|TransCirc_TC-hsa-CDC14B_0017,1183,hsa-miR-5695,ACUCCAAGAAGAAUCUAGACAG,CUCCAAG,7mer-A1,310,316,False,TTGGAGA
hsa_circ_0087640|CDC14B|TransCirc_TC-hsa-CDC14B_0017,1183,hsa-miR-5703,AGGAGAAGUCGGGAAGGU,GGAGAAG,8mer,1007,1014,False,CTTCTCCA
hsa_circ_0087640|CDC14B|TransCirc_TC-hsa-CDC14B_0017,1183,hsa-miR-6071,UUCUGCUGCCGGCCAAGGC,UCUGCUG,7mer-m8,26,32,False,CAGCAGA
hsa_circ_0087640|CDC14B|TransCirc_TC-hsa-CDC14B_0017,1183,hsa-miR-6071,UUCUGCUGCCGGCCAAGGC,UCUGCUG,7mer-A1,470,476,False,AGCAGAA
hsa_circ_0087640|CDC14B|TransCirc_TC-hsa-CDC14B_0017,1183,hsa-miR-6071,UUCUGCUGCCGGCCAAGGC,UCUGCUG,7mer-A1,1146,1152,False,AGCAGAA
hsa_circ_0087640|CDC14B|TransCirc_TC-hsa-CDC14B_0017,1183,hsa-miR-6074,GAUAUUCAGAGGCUAGGUGG,AUAUUCA,7mer-m8,80,86,False,TGAATAT
hsa_circ_0087640|CDC14B|TransCirc_TC-hsa-CDC14B_0017,1183,hsa-miR-6074,GAUAUUCAGAGGCUAGGUGG,AUAUUCA,7mer-m8,449,455,False,TGAATAT
hsa_circ_0087640|CDC14B|TransCirc_TC-hsa-CDC14B_0017,1183,hsa-miR-6076,AGCAUGACAGAGGAGAGGUGG,GCAUGAC,7mer-A1,389,395,False,TCATGCA
hsa_circ_0087640|CDC14B|TransCirc_TC-hsa-CDC14B_0017,1183,hsa-miR-6086,GGAGGUUGGGAAGGGCAGAG,GAGGUUG,7mer-m8,935,941,False,CAACCTC
hsa_circ_0087640|CDC14B|TransCirc_TC-hsa-CDC14B_0017,1183,hsa-miR-6089,GGAGGCCGGGGUGGGGCGGGGCGG,GAGGCCG,7mer-A1,901,907,False,GGCCTCA
hsa_circ_0087640|CDC14B|TransCirc_TC-hsa-CDC14B_0017,1183,hsa-miR-6165,CAGCAGGAGGUGAGGGGAG,AGCAGGA,7mer-A1,817,823,False,CCTGCTA
hsa_circ_0087640|CDC14B|TransCirc_TC-hsa-CDC14B_0017,1183,hsa-miR-548az-3p,AAAAACUGCAAUCACUUUUGC,AAAACUG,7mer-m8,912,918,False,CAGTTTT
hsa_circ_0087640|CDC14B|TransCirc_TC-hsa-CDC14B_0017,1183,hsa-miR-6501-3p,CCAGAGCAGCCUGCGGUAACAGU,CAGAGCA,7mer-A1,208,214,False,GCTCTGA
hsa_circ_0087640|CDC14B|TransCirc_TC-hsa-CDC14B_0017,1183,hsa-miR-6503-5p,AGGUCUGCAUUCAAAUCCCCAGA,GGUCUGC,8mer,28,35,False,GCAGACCA
hsa_circ_0087640|CDC14B|TransCirc_TC-hsa-CDC14B_0017,1183,hsa-miR-6503-5p,AGGUCUGCAUUCAAAUCCCCAGA,GGUCUGC,7mer-m8,880,886,False,GCAGACC
hsa_circ_0087640|CDC14B|TransCirc_TC-hsa-CDC14B_0017,1183,hsa-miR-6504-5p,UCUGGCUGUGCUGUAAUGCAG,CUGGCUG,7mer-A1,539,545,False,AGCCAGA
hsa_circ_0087640|CDC14B|TransCirc_TC-hsa-CDC14B_0017,1183,hsa-miR-6510-5p,CAGCAGGGGAGAGAGAGGAGUC,AGCAGGG,7mer-A1,817,823,False,CCTGCTA
hsa_circ_0087640|CDC14B|TransCirc_TC-hsa-CDC14B_0017,1183,hsa-miR-6511a-5p,CAGGCAGAAGUGGGGCUGACAGG,AGGCAGA,7mer-A1,343,349,False,CTGCCTA
hsa_circ_0087640|CDC14B|TransCirc_TC-hsa-CDC14B_0017,1183,hsa-miR-6512-3p,UUCCAGCCCUUCUAAUGGUAGG,UCCAGCC,8mer,943,950,False,GGCTGGAA
hsa_circ_0087640|CDC14B|TransCirc_TC-hsa-CDC14B_0017,1183,hsa-miR-6717-5p,AGGCGAUGUGGGGAUGUAGAGA,GGCGAUG,7mer-m8,1183,6,True,CATCGCC
hsa_circ_0087640|CDC14B|TransCirc_TC-hsa-CDC14B_0017,1183,hsa-miR-6718-5p,UAGUGGUCAGAGGGCUUAUGA,AGUGGUC,7mer-m8,109,115,False,GACCACT
hsa_circ_0087640|CDC14B|TransCirc_TC-hsa-CDC14B_0017,1183,hsa-miR-6720-5p,UUCCAGCCCUGGUAGGCGCCGCG,UCCAGCC,8mer,943,950,False,GGCTGGAA
hsa_circ_0087640|CDC14B|TransCirc_TC-hsa-CDC14B_0017,1183,hsa-miR-892c-5p,UAUUCAGAAAGGUGCCAGUCA,AUUCAGA,8mer,626,633,False,TCTGAATA
hsa_circ_0087640|CDC14B|TransCirc_TC-hsa-CDC14B_0017,1183,hsa-miR-6727-3p,UCCUGCCACCUCCUCCGCAG,CCUGCCA,7mer-A1,979,985,False,GGCAGGA
hsa_circ_0087640|CDC14B|TransCirc_TC-hsa-CDC14B_0017,1183,hsa-miR-6730-5p,AGAAAGGUGGAGGGGUUGUCAGA,GAAAGGU,7mer-A1,330,336,False,CCTTTCA
hsa_circ_0087640|CDC14B|TransCirc_TC-hsa-CDC14B_0017,1183,hsa-miR-6738-3p,CUUCUGCCUGCAUUCUACUCCCAG,UUCUGCC,7mer-A1,471,477,False,GCAGAAA
hsa_circ_0087640|CDC14B|TransCirc_TC-hsa-CDC14B_0017,1183,hsa-miR-6740-3p,UGUCUUCUCUCCUCCCAAACAG,GUCUUCU,8mer,1149,1156,False,AGAAGACA
hsa_circ_0087640|CDC14B|TransCirc_TC-hsa-CDC14B_0017,1183,hsa-miR-6747-3p,UCCUGCCUUCCUCUGCACCAG,CCUGCCU,7mer-A1,979,985,False,GGCAGGA
hsa_circ_0087640|CDC14B|TransCirc_TC-hsa-CDC14B_0017,1183,hsa-miR-6753-3p,UGGUCUGUCUCUGCCCUGGCAC,GGUCUGU,7mer-A1,29,35,False,CAGACCA
hsa_circ_0087640|CDC14B|TransCirc_TC-hsa-CDC14B_0017,1183,hsa-miR-6755-3p,UGUUGUCAUGUUUUUUCCCUAG,GUUGUCA,7mer-A1,991,997,False,GACAACA
hsa_circ_0087640|CDC14B|TransCirc_TC-hsa-CDC14B_0017,1183,hsa-miR-6756-3p,UCCCCUUCCUCCCUGCCCAG,CCCCUUC,8mer,948,955,False,GAAGGGGA
hsa_circ_0087640|CDC14B|TransCirc_TC-hsa-CDC14B_0017,1183,hsa-miR-6760-3p,ACACUGUCCCCUUCUCCCCAG,CACUGUC,7mer-A1,1087,1093,False,ACAGTGA
hsa_circ_0087640|CDC14B|TransCirc_TC-hsa-CDC14B_0017,1183,hsa-miR-6762-3p,UGGCUGCUUCCCUUGGUCUCCAG,GGCUGCU,7mer-m8,848,854,False,AGCAGCC
hsa_circ_0087640|CDC14B|TransCirc_TC-hsa-CDC14B_0017,1183,hsa-miR-6762-3p,UGGCUGCUUCCCUUGGUCUCCAG,GGCUGCU,7mer-m8,1001,1007,False,AGCAGCC
hsa_circ_0087640|CDC14B|TransCirc_TC-hsa-CDC14B_0017,1183,hsa-miR-6766-3p,UGAUUGUCUUCCCCCACCCUCA,GAUUGUC,7mer-m8,1153,1159,False,GACAATC
hsa_circ_0087640|CDC14B|TransCirc_TC-hsa-CDC14B_0017,1183,hsa-miR-6770-5p,UGAGAAGGCACAGCUUGCACGUGA,GAGAAGG,7mer-m8,1006,1012,False,CCTTCTC
hsa_circ_0087640|CDC14B|TransCirc_TC-hsa-CDC14B_0017,1183,hsa-miR-6776-3p,CAACCACCACUGUCUCUCCCCAG,AACCACC,7mer-A1,553,559,False,GTGGTTA
hsa_circ_0087640|CDC14B|TransCirc_TC-hsa-CDC14B_0017,1183,hsa-miR-6782-5p,UAGGGGUGGGGGAAUUCAGGGGUGU,AGGGGUG,8mer,707,714,False,CACCCCTA
hsa_circ_0087640|CDC14B|TransCirc_TC-hsa-CDC14B_0017,1183,hsa-miR-6790-5p,GUGAGUGUGGAUUUGGCGGGGUU,UGAGUGU,7mer-A1,112,118,False,CACTCAA
hsa_circ_0087640|CDC14B|TransCirc_TC-hsa-CDC14B_0017,1183,hsa-miR-6793-3p,UCCCCAACCCCUGCCCGCAG,CCCCAAC,7mer-A1,270,276,False,TTGGGGA
hsa_circ_0087640|CDC14B|TransCirc_TC-hsa-CDC14B_0017,1183,hsa-miR-6797-3p,UGCAUGACCCUUCCCUCCCCAC,GCAUGAC,7mer-A1,389,395,False,TCATGCA
hsa_circ_0087640|CDC14B|TransCirc_TC-hsa-CDC14B_0017,1183,hsa-miR-6805-3p,UUGCUCUGCUCCCCCGCCCCCAG,UGCUCUG,7mer-m8,998,1004,False,CAGAGCA
hsa_circ_0087640|CDC14B|TransCirc_TC-hsa-CDC14B_0017,1183,hsa-miR-6807-3p,CACUGCAUUCCUGCUUGGCCCAG,ACUGCAU,8mer,391,398,False,ATGCAGTA
hsa_circ_0087640|CDC14B|TransCirc_TC-hsa-CDC14B_0017,1183,hsa-miR-6807-3p,CACUGCAUUCCUGCUUGGCCCAG,ACUGCAU,8mer,408,415,False,ATGCAGTA
hsa_circ_0087640|CDC14B|TransCirc_TC-hsa-CDC14B_0017,1183,hsa-miR-6807-3p,CACUGCAUUCCUGCUUGGCCCAG,ACUGCAU,7mer-A1,770,776,False,TGCAGTA
hsa_circ_0087640|CDC14B|TransCirc_TC-hsa-CDC14B_0017,1183,hsa-miR-6808-5p,CAGGCAGGGAGGUGGGACCAUG,AGGCAGG,7mer-A1,343,349,False,CTGCCTA
hsa_circ_0087640|CDC14B|TransCirc_TC-hsa-CDC14B_0017,1183,hsa-miR-6809-3p,CUUCUCUUCUCUCCUUCCCAG,UUCUCUU,7mer-A1,217,223,False,AGAGAAA
hsa_circ_0087640|CDC14B|TransCirc_TC-hsa-CDC14B_0017,1183,hsa-miR-6817-5p,UCUGCCAUAGGAAGCUUGGAGUGG,CUGCCAU,7mer-m8,700,706,False,ATGGCAG
hsa_circ_0087640|CDC14B|TransCirc_TC-hsa-CDC14B_0017,1183,hsa-miR-6818-3p,UUGUCUCUUGUUCCUCACACAG,UGUCUCU,7mer-m8,314,320,False,AGAGACA
hsa_circ_0087640|CDC14B|TransCirc_TC-hsa-CDC14B_0017,1183,hsa-miR-6822-3p,AGGCUCUAACUGGCUUUCCCUGCA,GGCUCUA,7mer-A1,537,543,False,AGAGCCA
hsa_circ_0087640|CDC14B|TransCirc_TC-hsa-CDC14B_0017,1183,hsa-miR-6828-3p,AUCUGCUCUCUUGUUCCCAG,UCUGCUC,7mer-A1,470,476,False,AGCAGAA
hsa_circ_0087640|CDC14B|TransCirc_TC-hsa-CDC14B_0017,1183,hsa-miR-6828-3p,AUCUGCUCUCUUGUUCCCAG,UCUGCUC,7mer-A1,1146,1152,False,AGCAGAA
hsa_circ_0087640|CDC14B|TransCirc_TC-hsa-CDC14B_0017,1183,hsa-miR-6830-5p,CCAAGGAAGGAGGCUGGACAUC,CAAGGAA,7mer-m8,240,246,False,TTCCTTG
hsa_circ_0087640|CDC14B|TransCirc_TC-hsa-CDC14B_0017,1183,hsa-miR-6832-5p,AGUAGAGAGGAAAAGUUAGGGUC,GUAGAGA,8mer,20,27,False,TCTCTACA
hsa_circ_0087640|CDC14B|TransCirc_TC-hsa-CDC14B_0017,1183,hsa-miR-6833-3p,UUUCUCUCUCCACUUCCUCAG,UUCUCUC,7mer-A1,217,223,False,AGAGAAA
hsa_circ_0087640|CDC14B|TransCirc_TC-hsa-CDC14B_0017,1183,hsa-miR-6843-3p,AUGGUCUCCUGUUCUCUGCAG,UGGUCUC,7mer-m8,855,861,False,GAGACCA
hsa_circ_0087640|CDC14B|TransCirc_TC-hsa-CDC14B_0017,1183,hsa-miR-6843-3p,AUGGUCUCCUGUUCUCUGCAG,UGGUCUC,7mer-A1,30,36,False,AGACCAA
hsa_circ_0087640|CDC14B|TransCirc_TC-hsa-CDC14B_0017,1183,hsa-miR-6844,UUCUUUGUUUUUAAUUCACAG,UCUUUGU,7mer-A1,728,734,False,CAAAGAA
hsa_circ_0087640|CDC14B|TransCirc_TC-hsa-CDC14B_0017,1183,hsa-miR-6845-3p,CCUCUCCUCCCUGUGCCCCAG,CUCUCCU,7mer-A1,312,318,False,GGAGAGA
hsa_circ_0087640|CDC14B|TransCirc_TC-hsa-CDC14B_0017,1183,hsa-miR-6848-3p,GUGGUCUCUUGGCCCCCAG,UGGUCUC,7mer-m8,855,861,False,GAGACCA
hsa_circ_0087640|CDC14B|TransCirc_TC-hsa-CDC14B_0017,1183,hsa-miR-6848-3p,GUGGUCUCUUGGCCCCCAG,UGGUCUC,7mer-A1,30,36,False,AGACCAA
hsa_circ_0087640|CDC14B|TransCirc_TC-hsa-CDC14B_0017,1183,hsa-miR-6849-3p,ACCAGCCUGUGUCCACCUCCAG,CCAGCCU,7mer-A1,943,949,False,GGCTGGA
hsa_circ_0087640|CDC14B|TransCirc_TC-hsa-CDC14B_0017,1183,hsa-miR-6853-3p,UGUUCAUUGGAACCCUGCGCAG,GUUCAUU,7mer-m8,72,78,False,AATGAAC
hsa_circ_0087640|CDC14B|TransCirc_TC-hsa-CDC14B_0017,1183,hsa-miR-6853-3p,UGUUCAUUGGAACCCUGCGCAG,GUUCAUU,7mer-A1,454,460,False,ATGAACA
hsa_circ_0087640|CDC14B|TransCirc_TC-hsa-CDC14B_0017,1183,hsa-miR-6855-5p,UUGGGGUUUGGGGUGCAGACAUUGC,UGGGGUU,7mer-m8,278,284,False,AACCCCA
hsa_circ_0087640|CDC14B|TransCirc_TC-hsa-CDC14B_0017,1183,hsa-miR-6858-3p,CAGCCAGCCCCUGCUCACCCCU,AGCCAGC,7mer-m8,666,672,False,GCTGGCT
hsa_circ_0087640|CDC14B|TransCirc_TC-hsa-CDC14B_0017,1183,hsa-miR-6859-5p,GAGAGGAACAUGGGCUCAGGACA,AGAGGAA,7mer-m8,1174,1180,False,TTCCTCT
hsa_circ_0087640|CDC14B|TransCirc_TC-hsa-CDC14B_0017,1183,hsa-miR-6865-3p,ACACCCUCUUUCCCUACCGCC,CACCCUC,7mer-m8,759,765,False,GAGGGTG
hsa_circ_0087640|CDC14B|TransCirc_TC-hsa-CDC14B_0017,1183,hsa-miR-6867-3p,CUCUCCCUCUUUACCCACUAG,UCUCCCU,7mer-A1,273,279,False,GGGAGAA
hsa_circ_0087640|CDC14B|TransCirc_TC-hsa-CDC14B_0017,1183,hsa-miR-6875-3p,AUUCUUCCUGCCCUGGCUCCAU,UUCUUCC,8mer,184,191,False,GGAAGAAA
hsa_circ_0087640|CDC14B|TransCirc_TC-hsa-CDC14B_0017,1183,hsa-miR-6876-5p,CAGGAAGGAGACAGGCAGUUCA,AGGAAGG,7mer-m8,238,244,False,CCTTCCT
hsa_circ_0087640|CDC14B|TransCirc_TC-hsa-CDC14B_0017,1183,hsa-miR-6876-3p,AGCUGUCUGUGUUUUCCUUCUCAG,GCUGUCU,7mer-A1,845,851,False,GACAGCA
hsa_circ_0087640|CDC14B|TransCirc_TC-hsa-CDC14B_0017,1183,hsa-miR-6882-3p,UGCUGCCUCUCCUCUUGCCUGCAG,GCUGCCU,7mer-A1,702,708,False,GGCAGCA
hsa_circ_0087640|CDC14B|TransCirc_TC-hsa-CDC14B_0017,1183,hsa-miR-6885-3p,CUUUGCUUCCUGCUCCCCUAG,UUUGCUU,7mer-m8,226,232,False,AAGCAAA
hsa_circ_0087640|CDC14B|TransCirc_TC-hsa-CDC14B_0017,1183,hsa-miR-6885-3p,CUUUGCUUCCUGCUCCCCUAG,UUUGCUU,7mer-m8,927,933,False,AAGCAAA
hsa_circ_0087640|CDC14B|TransCirc_TC-hsa-CDC14B_0017,1183,hsa-miR-6893-5p,CAGGCAGGUGUAGGGUGGAGC,AGGCAGG,7mer-A1,343,349,False,CTGCCTA
hsa_circ_0087640|CDC14B|TransCirc_TC-hsa-CDC14B_0017,1183,hsa-miR-6895-3p,UGUCUCUCGCCCUUGGCCUUAG,GUCUCUC,8mer,313,320,False,GAGAGACA
hsa_circ_0087640|CDC14B|TransCirc_TC-hsa-CDC14B_0017,1183,hsa-miR-7107-3p,UGGUCUGUUCAUUCUCUCUUUUUGGCC,GGUCUGU,7mer-A1,29,35,False,CAGACCA
hsa_circ_0087640|CDC14B|TransCirc_TC-hsa-CDC14B_0017,1183,hsa-miR-7114-3p,UGACCCACCCCUCUCCACCAG,GACCCAC,8mer,866,873,False,GTGGGTCA
hsa_circ_0087640|CDC14B|TransCirc_TC-hsa-CDC14B_0017,1183,hsa-miR-7154-5p,UUCAUGAACUGGGUCUAGCUUGG,UCAUGAA,7mer-A1,826,832,False,TCATGAA
hsa_circ_0087640|CDC14B|TransCirc_TC-hsa-CDC14B_0017,1183,hsa-miR-7155-5p,UCUGGGGUCUUGGGCCAUC,CUGGGGU,8mer,279,286,False,ACCCCAGA
hsa_circ_0087640|CDC14B|TransCirc_TC-hsa-CDC14B_0017,1183,hsa-miR-7155-3p,UGGCCCAAGACCUCAGACC,GGCCCAA,7mer-m8,898,904,False,TTGGGCC
hsa_circ_0087640|CDC14B|TransCirc_TC-hsa-CDC14B_0017,1183,hsa-miR-7157-5p,UCAGCAUUCAUUGGCACCAGAGA,CAGCAUU,8mer,753,760,False,AATGCTGA
hsa_circ_0087640|CDC14B|TransCirc_TC-hsa-CDC14B_0017,1183,hsa-miR-7157-5p,UCAGCAUUCAUUGGCACCAGAGA,CAGCAUU,7mer-m8,231,237,False,AATGCTG
hsa_circ_0087640|CDC14B|TransCirc_TC-hsa-CDC14B_0017,1183,hsa-miR-7160-5p,UGCUGAGGUCCGGGCUGUGCC,GCUGAGG,8mer,903,910,False,CCTCAGCA
hsa_circ_0087640|CDC14B|TransCirc_TC-hsa-CDC14B_0017,1183,hsa-miR-7703,UUGCACUCUGGCCUUCUCCCAGG,UGCACUC,7mer-m8,38,44,False,GAGTGCA
hsa_circ_0087640|CDC14B|TransCirc_TC-hsa-CDC14B_0017,1183,hsa-miR-7850-5p,GUUUGGACAUAGUGUGGCUGG,UUUGGAC,7mer-A1,1158,1164,False,TCCAAAA
hsa_circ_0087640|CDC14B|TransCirc_TC-hsa-CDC14B_0017,1183,hsa-miR-8057,GUGGCUCUGUAGUAAGAUGGA,UGGCUCU,7mer-m8,537,543,False,AGAGCCA
hsa_circ_0087640|CDC14B|TransCirc_TC-hsa-CDC14B_0017,1183,hsa-miR-8058,CUGGACUUUGAUCUUGCCAUAA,UGGACUU,7mer-m8,165,171,False,AAGTCCA
hsa_circ_0087640|CDC14B|TransCirc_TC-hsa-CDC14B_0017,1183,hsa-miR-8063,UCAAAAUCAGGAGUCGGGGCUU,CAAAAUC,7mer-m8,102,108,False,GATTTTG
hsa_circ_0087640|CDC14B|TransCirc_TC-hsa-CDC14B_0017,1183,hsa-miR-8068,UGUUUGUUGUAAGGAUCGUUGU,GUUUGUU,7mer-m8,1163,1169,False,AACAAAC
hsa_circ_0087640|CDC14B|TransCirc_TC-hsa-CDC14B_0017,1183,hsa-miR-8070,AUGUGAUUGACGGCUGACUCCA,UGUGAUU,8mer,600,607,False,AATCACAA
hsa_circ_0087640|CDC14B|TransCirc_TC-hsa-CDC14B_0017,1183,hsa-miR-8075,UGCUGAUGGCAGAUGUCGGGUCUG,GCUGAUG,7mer-A1,1066,1072,False,ATCAGCA
hsa_circ_0087640|CDC14B|TransCirc_TC-hsa-CDC14B_0017,1183,hsa-miR-8077,GGCUGAGUGGGGUUCUGACUCC,GCUGAGU,7mer-A1,904,910,False,CTCAGCA
hsa_circ_0087640|CDC14B|TransCirc_TC-hsa-CDC14B_0017,1183,hsa-miR-8089,CCUGGGGACAGGGGAUUGGGGCAG,CUGGGGA,7mer-A1,280,286,False,CCCCAGA
hsa_circ_0087640|CDC14B|TransCirc_TC-hsa-CDC14B_0017,1183,hsa-miR-9718,UUGCUGACCUGGGUGGUGGU,UGCUGAC,7mer-A1,1067,1073,False,TCAGCAA
hsa_circ_0087640|CDC14B|TransCirc_TC-hsa-CDC14B_0017,1183,hsa-miR-9985,UUCACAGUGGCUAAGCUAU,UCACAGU,7mer-A1,746,752,False,CTGTGAA
hsa_circ_0087640|CDC14B|TransCirc_TC-hsa-CDC14B_0017,1183,hsa-miR-548bc,AAAAACUGUGAUUACUUUUGC,AAAACUG,7mer-m8,912,918,False,CAGTTTT
hsa_circ_0087640|CDC14B|TransCirc_TC-hsa-CDC14B_0017,1183,hsa-miR-10393-5p,AGAAUUCUCUUAUCCAACAUCAACA,GAAUUCU,7mer-m8,731,737,False,AGAATTC
hsa_circ_0087640|CDC14B|TransCirc_TC-hsa-CDC14B_0017,1183,hsa-miR-10394-5p,UCUGCAGGUCCUGGUGAACGCCAU,CUGCAGG,7mer-A1,878,884,False,CTGCAGA
hsa_circ_0087640|CDC14B|TransCirc_TC-hsa-CDC14B_0017,1183,hsa-miR-10524-5p,CAGGAUGCCAGCAUAGU,AGGAUGC,7mer-A1,319,325,False,CATCCTA
hsa_circ_0087640|CDC14B|TransCirc_TC-hsa-CDC14B_0017,1183,hsa-miR-11181-5p,GUCUGACCAACCUCCUCCCGC,UCUGACC,7mer-A1,964,970,False,GTCAGAA
hsa_circ_0087640|CDC14B|TransCirc_TC-hsa-CDC14B_0017,1183,hsa-miR-11400,UCGGCUGUGUAUCUCUGUGUC,CGGCUGU,7mer-A1,850,856,False,CAGCCGA
hsa_circ_0087640|CDC14B|TransCirc_TC-hsa-CDC14B_0017,1183,hsa-miR-3085-3p,UCUGGCUGCUAUGGCCCCCUC,CUGGCUG,7mer-A1,539,545,False,AGCCAGA
hsa_circ_0087640|CDC14B|TransCirc_TC-hsa-CDC14B_0017,1183,hsa-miR-9851-3p,UGGCACCAGCACUGGCGGUGUC,GGCACCA,7mer-A1,762,768,False,GGTGCCA
hsa_circ_0087640|CDC14B|TransCirc_TC-hsa-CDC14B_0017,1183,hsa-miR-12120,UAAGGAACGCGGGGCCUUGGUAGAGC,AAGGAAC,7mer-A1,420,426,False,TTCCTTA
hsa_circ_0087640|CDC14B|TransCirc_TC-hsa-CDC14B_0017,1183,hsa-miR-12123,UUAUUCAUUCACAAAAGCUUUA,UAUUCAU,7mer-m8,448,454,False,ATGAATA
hsa_circ_0087640|CDC14B|TransCirc_TC-hsa-CDC14B_0017,1183,hsa-miR-12123,UUAUUCAUUCACAAAAGCUUUA,UAUUCAU,7mer-A1,628,634,False,TGAATAA
hsa_circ_0087640|CDC14B|TransCirc_TC-hsa-CDC14B_0017,1183,hsa-miR-12127,UAGAGGUUCUAAUGGUCCAGGGUUA,AGAGGUU,7mer-m8,936,942,False,AACCTCT
hsa_circ_0087640|CDC14B|TransCirc_TC-hsa-CDC14B_0017,1183,hsa-miR-12129,GAUGUACUGAACUGGGUCAGAC,AUGUACU,7mer-m8,773,779,False,AGTACAT
hsa_circ_0087640|CDC14B|TransCirc_TC-hsa-CDC14B_0017,1183,hsa-miR-12131,UUUGGAGAGGUGUACUCCCA,UUGGAGA,8mer,1009,1016,False,TCTCCAAA
hsa_circ_0087640|CDC14B|TransCirc_TC-hsa-CDC14B_0017,1183,hsa-miR-12133,CUUGGCACCAUUAAAAAGUACA,UUGGCAC,7mer-A1,647,653,False,TGCCAAA
