"miRNA","Theme","n_matching_GO_terms","n_FDR_lt_0_05","best_GO_term","best_FDR","best_fold_enrichment","top_significant_terms"
"hsa-miR-217-5p","Cell cycle / mitosis",66,0,"mitotic G2/M transition checkpoint",0.207440480606884,2.877903176609,""
"hsa-miR-217-5p","Apoptosis / cell death",63,0,"negative regulation of apoptotic signaling pathway",0.112046417479886,2.15208279873407,""
"hsa-miR-217-5p","DNA damage / repair / checkpoints",32,0,"mitotic G2/M transition checkpoint",0.207440480606884,2.877903176609,""
"hsa-miR-217-5p","Polarity / EMT / migration / adhesion",68,0,"negative regulation of cell junction assembly",0.231774961355614,3.40466224018476,""
"hsa-miR-217-5p","PI3K / AKT / mTOR",46,0,"fibroblast growth factor receptor signaling pathway",0.161847702537322,2.78707234545357,""
"hsa-miR-217-5p","Wnt / beta-catenin",13,0,"regulation of non-canonical Wnt signaling pathway",0.274341854016716,3.35228282110499,""
"hsa-miR-217-5p","Stem / progenitor / differentiation",70,0,"endodermal cell differentiation",0.112046417479886,4.00221520478861,""
"hsa-miR-217-5p","Proliferation / growth",47,0,"positive regulation of endothelial cell proliferation",0.225445361172209,2.15935334872979,""
"hsa-miR-5197-5p","Cell cycle / mitosis",85,0,"regulation of G0 to G1 transition",0.316486683007109,2.94414395672977,""
"hsa-miR-5197-5p","Apoptosis / cell death",60,0,"apoptotic process involved in morphogenesis",0.316486683007109,3.58581635755549,""
"hsa-miR-5197-5p","DNA damage / repair / checkpoints",36,0,"DNA synthesis involved in DNA repair",0.316486683007109,2.79693675889328,""
"hsa-miR-5197-5p","Polarity / EMT / migration / adhesion",77,0,"establishment of apical/basal cell polarity",0.293380641996179,4.23778296802012,""
"hsa-miR-5197-5p","PI3K / AKT / mTOR",49,0,"positive regulation of T cell receptor signaling pathway",0.35275886716216,3.29051383399209,""
"hsa-miR-5197-5p","Wnt / beta-catenin",11,0,"Wnt signaling pathway, planar cell polarity pathway",0.414487738254878,1.90267806727434,""
"hsa-miR-5197-5p","Stem / progenitor / differentiation",79,0,"regulation of brown fat cell differentiation",0.316486683007109,3.72924901185771,""
"hsa-miR-5197-5p","Proliferation / growth",67,0,"positive regulation of CD4-positive, alpha-beta T cell proliferation",0.316486683007109,5.59387351778656,""
"hsa-miR-106a-3p","Cell cycle / mitosis",40,0,"regulation of DNA-templated DNA replication initiation",0.37645245398368,6.39661016949152,""
"hsa-miR-106a-3p","Apoptosis / cell death",33,0,"regulation of B cell apoptotic process",0.37645245398368,4.56900726392252,""
"hsa-miR-106a-3p","DNA damage / repair / checkpoints",16,0,"positive regulation of double-strand break repair via homologous recombination",0.37645245398368,3.45762711864407,""
"hsa-miR-106a-3p","Polarity / EMT / migration / adhesion",54,0,"positive regulation of smooth muscle cell migration",0.37645245398368,3.26357661708751,""
"hsa-miR-106a-3p","PI3K / AKT / mTOR",39,0,"positive regulation of pattern recognition receptor signaling pathway",0.37645245398368,2.99841101694915,""
"hsa-miR-106a-3p","Wnt / beta-catenin",9,0,"negative regulation of canonical Wnt signaling pathway",0.486319152552637,1.59915254237288,""
"hsa-miR-106a-3p","Stem / progenitor / differentiation",57,0,"skeletal muscle cell differentiation",0.358992132254118,3.50499187369399,""
"hsa-miR-106a-3p","Proliferation / growth",42,0,"negative regulation of epithelial cell proliferation",0.37645245398368,2.0336043891447,""
"hsa-miR-136-5p","Cell cycle / mitosis",59,0,"DNA unwinding involved in DNA replication",0.717422472443928,3.4828349944629,""
"hsa-miR-136-5p","Apoptosis / cell death",26,0,"regulation of fibroblast apoptotic process",0.717422472443928,3.65697674418605,""
"hsa-miR-136-5p","DNA damage / repair / checkpoints",15,0,"double-strand break repair via homologous recombination",0.718538278191542,1.53244739756368,""
"hsa-miR-136-5p","Polarity / EMT / migration / adhesion",51,0,"mesenchymal cell migration",0.717422472443928,2.79768712669971,""
"hsa-miR-136-5p","PI3K / AKT / mTOR",38,0,"fibroblast growth factor receptor signaling pathway",0.717422472443928,2.55137912385073,""
"hsa-miR-136-5p","Wnt / beta-catenin",12,0,"regulation of non-canonical Wnt signaling pathway",0.717422472443928,2.81305903398927,""
"hsa-miR-136-5p","Stem / progenitor / differentiation",57,0,"gamma-delta T cell differentiation",0.717422472443928,5.62611806797853,""
"hsa-miR-136-5p","Proliferation / growth",42,0,"skeletal muscle satellite cell proliferation",0.717422472443928,4.30232558139535,""
"hsa-miR-3143","Cell cycle / mitosis",34,0,"homologous chromosome segregation",0.0739330017657939,4.43701713134028,""
"hsa-miR-3143","Apoptosis / cell death",27,0,"positive regulation of fibroblast apoptotic process",0.0781058715105027,12.3602620087336,""
"hsa-miR-3143","DNA damage / repair / checkpoints",12,0,"DNA double-strand break processing",0.181657604506487,5.88583905177792,""
"hsa-miR-3143","Polarity / EMT / migration / adhesion",31,0,"cardiac epithelial to mesenchymal transition",0.279952979071878,3.6353711790393,""
"hsa-miR-3143","PI3K / AKT / mTOR",25,0,"adenylate cyclase-activating G protein-coupled receptor signaling pathway",0.261843842386727,2.0861201702504,""
"hsa-miR-3143","Wnt / beta-catenin",9,0,"positive regulation of Wnt signaling pathway",0.316464777637223,1.97538433929533,""
"hsa-miR-3143","Stem / progenitor / differentiation",26,0,"branching morphogenesis of an epithelial tube",0.257066841412612,2.11286530063823,""
"hsa-miR-3143","Proliferation / growth",29,0,"positive regulation of epithelial cell proliferation",0.199843075452185,2.07894315131605,""
"hsa-miR-3922-5p","Cell cycle / mitosis",74,0,"mitotic cell cycle phase transition",0.528414697359894,1.33965105522449,""
"hsa-miR-3922-5p","Apoptosis / cell death",60,0,"glial cell apoptotic process",0.518255802287574,4.76996966632963,""
"hsa-miR-3922-5p","DNA damage / repair / checkpoints",29,0,"regulation of intrinsic apoptotic signaling pathway in response to DNA damage",0.528414697359894,2.5105103506998,""
"hsa-miR-3922-5p","Polarity / EMT / migration / adhesion",69,0,"regulation of trophoblast cell migration",0.518255802287574,4.48938321536906,""
"hsa-miR-3922-5p","PI3K / AKT / mTOR",57,0,"T cell receptor signaling pathway",0.476738010615142,2.25248567576677,""
"hsa-miR-3922-5p","Wnt / beta-catenin",10,0,"non-canonical Wnt signaling pathway",0.735513744523151,1.12234580384226,""
"hsa-miR-3922-5p","Stem / progenitor / differentiation",81,0,"mesodermal cell differentiation",0.528414697359894,2.80586450960566,""
"hsa-miR-3922-5p","Proliferation / growth",49,0,"activated T cell proliferation",0.528414697359894,2.43572919131726,""
