"miRNA","GO_ID","Term","overlap_genes","candidate_genes","term_genes","background_genes","fold_enrichment","p_value","overlap_symbols","FDR"
"hsa-miR-217-5p","GO:0007492","endoderm development",14,866,83,18870,3.67539441831993,2.28869352079709e-05,"COL8A1;DKK1;FN1;HNF1B;HOXC11;HSBP1;ITGAV;LAMA3;LHX1;NR0B1;ONECUT1;PAX9;PELO;RTF1",0.059048292836565
"hsa-miR-217-5p","GO:0006851","mitochondrial calcium ion transmembrane transport",6,866,18,18870,7.26327944572748,0.000105968932090593,"GHITM;MAIP1;MCU;MCUB;MICU3;PSEN2",0.0784761846907782
"hsa-miR-217-5p","GO:0035112","genitalia morphogenesis",5,866,12,18870,9.07909930715935,0.000121668503396555,"FGF10;KLHL10;NIPBL;SYCP2;TP63",0.0784761846907782
"hsa-miR-217-5p","GO:0036444","calcium import into the mitochondrion",5,866,12,18870,9.07909930715935,0.000121668503396555,"MAIP1;MCU;MCUB;MICU3;PSEN2",0.0784761846907782
"hsa-miR-217-5p","GO:0001706","endoderm formation",10,866,58,18870,3.75686867882456,0.000276875328393773,"COL8A1;DKK1;FN1;HNF1B;HSBP1;ITGAV;LAMA3;LHX1;NR0B1;RTF1",0.112046417479886
"hsa-miR-217-5p","GO:0035987","endodermal cell differentiation",9,866,49,18870,4.00221520478861,0.000340307123599126,"COL8A1;DKK1;FN1;HNF1B;HSBP1;ITGAV;LAMA3;NR0B1;RTF1",0.112046417479886
"hsa-miR-217-5p","GO:0046850","regulation of bone remodeling",9,866,49,18870,4.00221520478861,0.000340307123599126,"CD38;CSF1R;IAPP;IL6;LEPR;NF1;TFRC;TMEM64;TNFSF11",0.112046417479886
"hsa-miR-217-5p","GO:2001234","negative regulation of apoptotic signaling pathway",24,866,243,18870,2.15208279873407,0.000356117164619599,"ACKR3;ARMC10;BID;DNAJA1;FGF10;GHITM;HELLS;HERPUD1;HMGB2;HMOX1;IL7;ITGAV;IVNS1ABP;MAPK8IP1;MCL1;NR4A2;PCGF2;PEA15;PINK1;PTTG1IP;SIRT1;SLC25A5;YBX3;ZMYND11",0.112046417479886
"hsa-miR-217-5p","GO:2001233","regulation of apoptotic signaling pathway",34,866,398,18870,1.86144347604071,0.000390859595860069,"ACKR3;ARMC10;BCL2L11;BID;DNAJA1;EEF1E1;FAS;FGF10;GHITM;HELLS;HERPUD1;HMGB2;HMOX1;IL7;ITGAV;IVNS1ABP;MAPK8IP1;MCL1;NF1;NR4A2;PCGF2;PEA15;PINK1;PTTG1IP;SERINC3;SFPQ;SIRT1;SLC25A5;TLR4;TP63;USP15;WNT5A;YBX3;ZMYND11",0.112046417479886
"hsa-miR-217-5p","GO:0045124","regulation of bone resorption",8,866,42,18870,4.15044539755856,0.000560285905313874,"CD38;CSF1R;IAPP;IL6;NF1;TFRC;TMEM64;TNFSF11",0.126482447838612
"hsa-miR-217-5p","GO:0043123","positive regulation of canonical NF-kappaB signal transduction",20,866,196,18870,2.22345289154923,0.000710622250495496,"CARD16;CD36;CLEC7A;CXXC5;F2R;GOLT1B;HMOX1;LPAR1;MAP3K3;MTDH;PINK1;PLK2;TFRC;TIFA;TLR4;TMED4;TNFSF11;TRIM13;TRIM6;ZDHHC13",0.126482447838612
"hsa-miR-217-5p","GO:0045453","bone resorption",10,866,65,18870,3.35228282110499,0.00071131498507919,"CD38;CSF1R;IAPP;IL6;IL7;NF1;TFRC;TMEM64;TNFSF11;ZNF675",0.126482447838612
"hsa-miR-217-5p","GO:0062197","cellular response to chemical stress",28,866,317,18870,1.9246544903505,0.000738816992369312,"ATG7;CD36;CYP1B1;DNAJA1;ERMP1;EZH2;FAS;GPR37;HMOX1;IL6;KAT2B;LONP1;LRRC8D;NR4A2;OSER1;PCGF2;PCNA;PEX13;PINK1;PJVK;SIRT1;SLC7A11;STAU2;TP53INP1;UCP1;USP15;VKORC1L1;YBX3",0.126482447838612
"hsa-miR-217-5p","GO:0038130","ERBB4 signaling pathway",4,866,10,18870,8.71593533487298,0.000740765470642179,"BTC;CADM1;EREG;NRG4",0.126482447838612
"hsa-miR-217-5p","GO:0007369","gastrulation",20,866,197,18870,2.21216632864796,0.000757706230884048,"ACVR2A;AMOT;COL8A1;DKK1;EXOC4;FGFR2;FN1;HNF1B;HSBP1;ITGAV;LAMA3;LHX1;MBP;NPHP3;NR0B1;RTF1;SYF2;TWSG1;WNT3;WNT5A",0.126482447838612
"hsa-miR-5197-5p","GO:0008380","RNA splicing",46,1012,478,18870,1.79440852034994,9.21921064135963e-05,"AQR;C2orf49;CELF2;CRIPT;DDX41;FAM98A;GCFC2;HNRNPL;ISY1;LSM3;LSM5;LSM6;LSM8;MBNL1;PNN;PPIL1;PRPF4B;PTBP3;RBM12B;RBM14;RBM22;RBM3;RBM47;RBM8A;RBMX2;RBMXL1;RPUSD4;RTCB;SAP18;SMU1;SNRNP27;SNRPD2;SNRPF;SREK1IP1;SRSF1;SRSF10;SRSF2;SRSF4;SRSF6;SUPT3H;SYNCRIP;TADA1;TSEN15;TSEN54;WT1;ZCCHC8",0.203895559773707
"hsa-miR-5197-5p","GO:0017062","respiratory chain complex III assembly",5,1012,12,18870,7.76926877470356,0.000253469010393347,"LYRM7;STMP1;TTC19;UQCC1;UQCC3",0.203895559773707
"hsa-miR-5197-5p","GO:0034551","mitochondrial respiratory chain complex III assembly",5,1012,12,18870,7.76926877470356,0.000253469010393347,"LYRM7;STMP1;TTC19;UQCC1;UQCC3",0.203895559773707
"hsa-miR-5197-5p","GO:0006388","tRNA splicing, via endonucleolytic cleavage and ligation",5,1012,13,18870,7.17163271511098,0.000393734981257851,"C2orf49;FAM98A;RTCB;TSEN15;TSEN54",0.203895559773707
"hsa-miR-5197-5p","GO:0000394","RNA splicing, via endonucleolytic cleavage and ligation",5,1012,14,18870,6.65937323546019,0.00058552181278583,"C2orf49;FAM98A;RTCB;TSEN15;TSEN54",0.203895559773707
"hsa-miR-5197-5p","GO:0009165","nucleotide biosynthetic process",30,1012,295,18870,1.89622831111409,0.000598237355333895,"ADK;AFMID;AK4;ALDOA;ATP5F1E;ATP5MC1;CMPK1;DGUOK;DHODH;DLD;DUT;ELOVL7;GUCY1A2;KMO;MMUT;NDUFA9;NDUFB11;NMNAT1;PAPSS2;PDHX;PPCDC;PPCS;PPT1;RRM2B;SDHC;SDHD;SLC25A16;TMSB4X;UPP1;UQCC3",0.203895559773707
"hsa-miR-5197-5p","GO:1901293","nucleoside phosphate biosynthetic process",30,1012,297,18870,1.88345909689783,0.000668506766644985,"ADK;AFMID;AK4;ALDOA;ATP5F1E;ATP5MC1;CMPK1;DGUOK;DHODH;DLD;DUT;ELOVL7;GUCY1A2;KMO;MMUT;NDUFA9;NDUFB11;NMNAT1;PAPSS2;PDHX;PPCDC;PPCS;PPT1;RRM2B;SDHC;SDHD;SLC25A16;TMSB4X;UPP1;UQCC3",0.203895559773707
"hsa-miR-5197-5p","GO:0046620","regulation of organ growth",14,1012,99,18870,2.63684273565696,0.0007989648786462,"BCL2L11;BMPR1A;CAV3;DUSP6;FGF2;FGF20;FLVCR1;FOXC2;G6PD;NOTCH1;PARP2;PROX1;WT1;WWC3",0.203895559773707
"hsa-miR-5197-5p","GO:0046390","ribose phosphate biosynthetic process",25,1012,235,18870,1.98364309141367,0.000869859356693027,"ADK;AK4;ALDOA;ATP5F1E;ATP5MC1;CMPK1;DHODH;DLD;ELOVL7;G6PD;GUCY1A2;MMUT;NDUFA9;NDUFB11;PAPSS2;PDHX;PPCDC;PPCS;PPT1;SDHC;SDHD;SLC25A16;TMSB4X;UPP1;UQCC3",0.203895559773707
"hsa-miR-5197-5p","GO:0000377","RNA splicing, via transesterification reactions with bulged adenosine as nucleophile",32,1012,332,18870,1.7972284394495,0.000999419263011781,"AQR;CELF2;DDX41;GCFC2;HNRNPL;ISY1;LSM3;LSM5;LSM6;LSM8;PNN;PPIL1;PRPF4B;RBM14;RBM22;RBM3;RBM47;RBM8A;RBMX2;RBMXL1;SAP18;SMU1;SNRNP27;SNRPD2;SNRPF;SRSF1;SRSF10;SRSF2;SRSF4;SRSF6;SYNCRIP;ZCCHC8",0.203895559773707
"hsa-miR-5197-5p","GO:0000398","mRNA splicing, via spliceosome",32,1012,332,18870,1.7972284394495,0.000999419263011781,"AQR;CELF2;DDX41;GCFC2;HNRNPL;ISY1;LSM3;LSM5;LSM6;LSM8;PNN;PPIL1;PRPF4B;RBM14;RBM22;RBM3;RBM47;RBM8A;RBMX2;RBMXL1;SAP18;SMU1;SNRNP27;SNRPD2;SNRPF;SRSF1;SRSF10;SRSF2;SRSF4;SRSF6;SYNCRIP;ZCCHC8",0.203895559773707
"hsa-miR-5197-5p","GO:0017004","cytochrome complex assembly",8,1012,40,18870,3.72924901185771,0.00110385801996848,"COX16;HCCS;LYRM7;PET100;STMP1;TTC19;UQCC1;UQCC3",0.203895559773707
"hsa-miR-5197-5p","GO:0072522","purine-containing compound biosynthetic process",27,1012,267,18870,1.88557534307412,0.00119219445799637,"ADK;AFMID;AK4;ALDOA;ATP5F1E;ATP5MC1;DGUOK;DLD;ELOVL7;GUCY1A2;KMO;MMUT;NDUFA9;NDUFB11;NMNAT1;PAPSS2;PDHX;PGM2;PPCDC;PPCS;PPT1;PRTFDC1;SDHC;SDHD;SLC25A16;TMSB4X;UQCC3",0.203895559773707
"hsa-miR-5197-5p","GO:0072521","purine-containing compound metabolic process",43,1012,493,18870,1.62634591795012,0.00119856657873255,"ABCG2;ACP3;ADK;AFMID;AK4;ALDOA;ATP5F1E;ATP5MC1;DGAT2;DGUOK;DLD;ELOVL7;G6PD;GPAT4;GUCY1A2;KMO;MMUT;NDUFA9;NDUFB11;NMNAT1;NUDT11;NUDT4;NUDT5;OARD1;PAPSS2;PDE5A;PDE7A;PDE8A;PDE8B;PDHX;PGM2;PPCDC;PPCS;PPT1;PRTFDC1;RAB23;RPIA;SDHC;SDHD;SLC25A16;TMSB4X;TTR;UQCC3",0.203895559773707
"hsa-miR-5197-5p","GO:0000375","RNA splicing, via transesterification reactions",32,1012,336,18870,1.77583286278938,0.00121769445720309,"AQR;CELF2;DDX41;GCFC2;HNRNPL;ISY1;LSM3;LSM5;LSM6;LSM8;PNN;PPIL1;PRPF4B;RBM14;RBM22;RBM3;RBM47;RBM8A;RBMX2;RBMXL1;SAP18;SMU1;SNRNP27;SNRPD2;SNRPF;SRSF1;SRSF10;SRSF2;SRSF4;SRSF6;SYNCRIP;ZCCHC8",0.203895559773707
"hsa-miR-106a-3p","GO:0040015","negative regulation of multicellular organism growth",5,590,12,18870,13.3262711864407,1.93891005655699e-05,"ADRB2;BBS2;PLAC8;RAI1;STC2",0.0306640452484015
"hsa-miR-106a-3p","GO:0002181","cytoplasmic translation",16,590,156,18870,3.28031290743155,3.15961311163333e-05,"CPEB3;MCTS1;PABPC1;RPL14;RPL15;RPL9;RPS12;RPS17;RPS20;RPS21;RPS23;RPS27A;RPS28;SH3BGRL;SLBP;ZC3H15",0.0306640452484015
"hsa-miR-106a-3p","GO:0060037","pharyngeal system development",6,590,29,18870,6.61718293395675,0.000234125244749182,"ADGRF5;BMP7;GATA3;ISL1;RIPPLY3;TGFBR1",0.151479033352721
"hsa-miR-106a-3p","GO:0045006","DNA deamination",4,590,13,18870,9.84093872229465,0.000540004585466656,"AICDA;APOBEC3A;CDADC1;EXOSC3",0.262037225097695
"hsa-miR-106a-3p","GO:0032736","positive regulation of interleukin-13 production",4,590,14,18870,9.13801452784504,0.000737396636269761,"GATA3;IL1RAP;TNFSF4;TSLP",0.286257374199921
"hsa-miR-106a-3p","GO:0098869","cellular oxidant detoxification",10,590,99,18870,3.23061119671289,0.00106177603990735,"BMP7;GPX8;GSTM2;HBB;MGST1;MGST2;NFE2L2;SELENOT;SOD2;TXNDC2",0.343484548910028
"hsa-miR-106a-3p","GO:0006103","2-oxoglutarate metabolic process",4,590,16,18870,7.99576271186441,0.0012756321715183,"AADAT;GOT2;MRPS36;OGDH",0.353714577845288
"hsa-miR-106a-3p","GO:0035914","skeletal muscle cell differentiation",8,590,73,18870,3.50499187369399,0.00196210430045375,"AKIRIN1;ATF3;CDON;KRAS;MEF2C;MYF5;SAP30;SOX11",0.358992132254118
"hsa-miR-106a-3p","GO:0019896","axonal transport of mitochondrion",4,590,18,18870,7.10734463276836,0.00204084728073922,"ACTR10;AGTPBP1;HSBP1;MGARP",0.358992132254118
"hsa-miR-106a-3p","GO:0015980","energy derivation by oxidation of organic compounds",21,590,337,18870,1.99300910325404,0.00223555153328687,"ADGRF5;ATP5F1E;CISD1;COX5B;COX6C;IDH3A;IGF1;IMMP2L;MDH1B;MRPS36;NDUFA5;NDUFC2-KCTD14;NDUFV3;OGDH;PHLDA2;PPIF;PPP1R3D;RB1CC1;SNCA;SOD2;UQCRFS1",0.358992132254118
"hsa-miR-106a-3p","GO:0008088","axo-dendritic transport",8,590,77,18870,3.32291437376183,0.00275564099040198,"ACTR10;AGTPBP1;BLOC1S2;BLOC1S4;HSBP1;HSPA8;MGARP;NDEL1",0.358992132254118
"hsa-miR-106a-3p","GO:0032616","interleukin-13 production",4,590,21,18870,6.09200968523002,0.00370592773286633,"GATA3;IL1RAP;TNFSF4;TSLP",0.358992132254118
"hsa-miR-106a-3p","GO:0032656","regulation of interleukin-13 production",4,590,21,18870,6.09200968523002,0.00370592773286633,"GATA3;IL1RAP;TNFSF4;TSLP",0.358992132254118
"hsa-miR-106a-3p","GO:0048524","positive regulation of viral process",7,590,64,18870,3.49814618644068,0.0037455873163524,"ATG12;HMGB1;MDFIC;PABPC1;SRPK2;TOP2A;VAPB",0.358992132254118
"hsa-miR-106a-3p","GO:0098930","axonal transport",7,590,65,18870,3.44432855280313,0.00408711066880554,"ACTR10;AGTPBP1;BLOC1S2;BLOC1S4;HSBP1;MGARP;NDEL1",0.358992132254118
"hsa-miR-136-5p","GO:0000291","nuclear-transcribed mRNA catabolic process, exonucleolytic",5,774,20,18870,6.09496124031008,0.00106255125069401,"CNOT7;DCP2;EXOSC2;EXOSC6;EXOSC7",0.717422472443928
"hsa-miR-136-5p","GO:0043928","exonucleolytic catabolism of deadenylated mRNA",4,774,13,18870,7.50149075730471,0.00149254636879223,"CNOT7;DCP2;EXOSC2;EXOSC7",0.717422472443928
"hsa-miR-136-5p","GO:0006047","UDP-N-acetylglucosamine metabolic process",4,774,14,18870,6.9656699889258,0.00202220023381395,"B4GALNT2;DPAGT1;GNPNAT1;PGM3",0.717422472443928
"hsa-miR-136-5p","GO:0046629","gamma-delta T cell activation",5,774,25,18870,4.87596899224806,0.00307272307019123,"CD3G;JAG2;JAML;KLRC1;TCF7",0.717422472443928
"hsa-miR-136-5p","GO:0031123","RNA 3'-end processing",11,774,102,18870,2.62919896640827,0.00308012556479442,"APP;CSTF2T;EXOSC2;EXOSC6;EXOSC7;GRSF1;HSD17B10;NCBP2;PABPC1;POLR2D;SLBP",0.717422472443928
"hsa-miR-136-5p","GO:0110156","methylguanosine-cap decapping",4,774,16,18870,6.09496124031008,0.00344399302490699,"CNOT7;DCP2;EDC4;PNRC2",0.717422472443928
"hsa-miR-136-5p","GO:0006699","bile acid biosynthetic process",6,774,37,18870,3.95348837209302,0.00365968149658189,"ABCD3;FGF19;HSD17B10;OSBP;OSBPL3;OSBPL6",0.717422472443928
"hsa-miR-136-5p","GO:0071025","RNA surveillance",4,774,17,18870,5.73643410852713,0.00435913835656362,"EXOSC2;EXOSC6;EXOSC7;PELO",0.717422472443928
"hsa-miR-136-5p","GO:0042398","cellular modified amino acid biosynthetic process",5,774,28,18870,4.35354374307863,0.00513589926120779,"ACADM;CKM;DHFR2;GATM;MTHFS",0.717422472443928
"hsa-miR-136-5p","GO:1901605","alpha-amino acid metabolic process",17,774,207,18870,2.00220948957046,0.00522492746918441,"ACADSB;AMT;AZIN1;BLMH;DAO;DCT;DHFR2;GLS2;GPT2;HSD17B10;MTHFS;NIT2;NOS2;PCBD2;RIMKLB;SEPHS1;SRR",0.717422472443928
"hsa-miR-136-5p","GO:0048339","paraxial mesoderm development",4,774,18,18870,5.41774332472007,0.00542500033211091,"EXOC4;FOXC1;WNT5A;ZIC3",0.717422472443928
"hsa-miR-136-5p","GO:0000956","nuclear-transcribed mRNA catabolic process",12,774,128,18870,2.28561046511628,0.00640316906496462,"CNOT7;DCP2;EDC4;ETF1;EXOSC2;EXOSC6;EXOSC7;NCBP2;PABPC1;PELO;PNRC2;TNRC6A",0.717422472443928
"hsa-miR-136-5p","GO:0048340","paraxial mesoderm morphogenesis",3,774,10,18870,7.31395348837209,0.00664421080712423,"EXOC4;FOXC1;WNT5A",0.717422472443928
"hsa-miR-136-5p","GO:0110154","RNA decapping",4,774,19,18870,5.13259893920849,0.00665179321828825,"CNOT7;DCP2;EDC4;PNRC2",0.717422472443928
"hsa-miR-136-5p","GO:1990822","basic amino acid transmembrane transport",4,774,19,18870,5.13259893920849,0.00665179321828825,"SLC11A1;SLC15A4;SLC3A1;SLC7A3",0.717422472443928
"hsa-miR-3143","GO:0022904","respiratory electron transport chain",14,458,124,18870,4.65171150866319,1.92652810486854e-06,"BID;COX7A2L;COX7B;CYCS;DNAJC15;ETFRF1;GHITM;IMMP2L;NDUFB4;NDUFB5;NDUFC1;NDUFS5;SDHB;SDHD",0.00290713091024662
"hsa-miR-3143","GO:0042773","ATP synthesis coupled electron transport",12,458,102,18870,4.8471615720524,6.77889687324821e-06,"BID;COX7A2L;COX7B;CYCS;DNAJC15;GHITM;NDUFB4;NDUFB5;NDUFC1;NDUFS5;SDHB;SDHD",0.00340978512724385
"hsa-miR-3143","GO:0042775","mitochondrial ATP synthesis coupled electron transport",12,458,102,18870,4.8471615720524,6.77889687324821e-06,"BID;COX7A2L;COX7B;CYCS;DNAJC15;GHITM;NDUFB4;NDUFB5;NDUFC1;NDUFS5;SDHB;SDHD",0.00340978512724385
"hsa-miR-3143","GO:0006119","oxidative phosphorylation",14,458,148,18870,3.89737991266376,1.53568078717645e-05,"BID;C2orf69;COX7A2L;COX7B;CYCS;DNAJC15;GHITM;MACROH2A1;NDUFB4;NDUFB5;NDUFC1;NDUFS5;SDHB;SDHD",0.00579335576962315
"hsa-miR-3143","GO:0009060","aerobic respiration",16,458,197,18870,3.34626382639151,2.63658710515297e-05,"BID;C2orf69;CAT;COX7A2L;COX7B;CYCS;DNAJC15;GHITM;MACROH2A1;MRPS36;NDUFB4;NDUFB5;NDUFC1;NDUFS5;SDHB;SDHD",0.00627268411719089
"hsa-miR-3143","GO:0022900","electron transport chain",15,458,176,18870,3.51143807066296,2.67355017617274e-05,"BID;COX11;COX7A2L;COX7B;CYCS;DNAJC15;ETFRF1;GHITM;IMMP2L;NDUFB4;NDUFB5;NDUFC1;NDUFS5;SDHB;SDHD",0.00627268411719089
"hsa-miR-3143","GO:0045333","cellular respiration",18,458,243,18870,3.05191654536633,2.90979382507198e-05,"BID;C2orf69;CAT;COX7A2L;COX7B;CYCS;DNAJC15;ETFRF1;GHITM;IMMP2L;MACROH2A1;MRPS36;NDUFB4;NDUFB5;NDUFC1;NDUFS5;SDHB;SDHD",0.00627268411719089
"hsa-miR-3143","GO:0019646","aerobic electron transport chain",10,458,94,18870,4.3830716343027,9.41762184558436e-05,"COX7A2L;COX7B;CYCS;DNAJC15;NDUFB4;NDUFB5;NDUFC1;NDUFS5;SDHB;SDHD",0.0177639892062335
"hsa-miR-3143","GO:0045920","negative regulation of exocytosis",6,458,36,18870,6.86681222707424,0.000207688132577343,"BRAF;CCR2;FCGR2B;RAB33B;RAP1A;STXBP3",0.0333157761004889
"hsa-miR-3143","GO:0015980","energy derivation by oxidation of organic compounds",20,458,337,18870,2.4451556891659,0.000232707654346079,"BID;C2orf69;CAT;COX7A2L;COX7B;CYCS;DNAJC15;ETFRF1;GCK;GHITM;GYG2;IMMP2L;MACROH2A1;MRPS36;NDUFB4;NDUFB5;NDUFC1;NDUFS5;SDHB;SDHD",0.0333157761004889
"hsa-miR-3143","GO:1904358","positive regulation of telomere maintenance via telomere lengthening",6,458,37,18870,6.68122270742358,0.00024285854016261,"CCT6A;HNRNPA1;HNRNPA2B1;MAPK1;POT1;TCP1",0.0333157761004889
"hsa-miR-3143","GO:0007129","homologous chromosome pairing at meiosis",7,458,53,18870,5.44162478371921,0.000278406359816623,"DMC1;HORMAD1;MND1;RNF212B;SPO11;SYCP1;TEX12",0.034011836059568
"hsa-miR-3143","GO:1903306","negative regulation of regulated secretory pathway",5,458,25,18870,8.24017467248908,0.000293011178776928,"BRAF;CCR2;FCGR2B;RAP1A;STXBP3",0.034011836059568
"hsa-miR-3143","GO:0006635","fatty acid beta-oxidation",8,458,76,18870,4.33693403815215,0.00050398594982089,"ACAT1;CNR1;ECHDC1;FABP1;MFSD2A;PEX2;PEX7;TWIST1",0.0543224855914088
"hsa-miR-3143","GO:0001657","ureteric bud development",9,458,98,18870,3.78375367614295,0.000630163559533164,"ARG2;CAT;CER1;FGF1;FGFR2;GREM1;HS3ST3A1;NOG;SALL1",0.0602363971632807
"hsa-miR-3922-5p","GO:0071243","cellular response to arsenic-containing substance",6,989,18,18870,6.35995955510617,0.000219842522397862,"GSTO2;HMOX1;MAPK13;UROS;VCP;ZC3H12A",0.476738010615142
"hsa-miR-3922-5p","GO:0030970","retrograde protein transport, ER to cytosol",7,989,29,18870,4.60548795369757,0.000600779915258214,"DERL2;FAF2;RHBDD1;SEL1L;SELENOS;TMEM129;VCP",0.476738010615142
"hsa-miR-3922-5p","GO:1903513","endoplasmic reticulum to cytosol transport",7,989,29,18870,4.60548795369757,0.000600779915258214,"DERL2;FAF2;RHBDD1;SEL1L;SELENOS;TMEM129;VCP",0.476738010615142
"hsa-miR-3922-5p","GO:0051259","protein complex oligomerization",26,989,255,18870,1.94539939332659,0.000931180945882836,"ALS2;AQP2;ATL3;BEND3;CALHM3;CD74;CPSF6;EHD1;FARSB;HSD17B8;KCNS1;KCTD15;KCTD21;KCTD7;NUDT21;OSBPL2;OXA1L;PRMT1;PYCARD;SPAST;STING1;TP53;TRPM4;VSTM5;ZC3H12A;ZNHIT6",0.476738010615142
"hsa-miR-3922-5p","GO:0046685","response to arsenic-containing substance",7,989,32,18870,4.17372345803842,0.00112940041734266,"CYP1A1;GSTO2;HMOX1;MAPK13;UROS;VCP;ZC3H12A",0.476738010615142
"hsa-miR-3922-5p","GO:0001710","mesodermal cell fate commitment",5,989,17,18870,5.61172901921132,0.00142754668858559,"EYA1;HOXA11;MESP1;NODAL;SMAD1",0.476738010615142
"hsa-miR-3922-5p","GO:0050852","T cell receptor signaling pathway",17,989,144,18870,2.25248567576677,0.00144886274764016,"BCAR1;BTN3A1;BTN3A2;CD226;CRKL;DUSP3;FYN;HLA-A;KCNN4;MOG;PHPT1;PRKD2;RBCK1;TNFRSF21;UBE2N;VTCN1;ZC3H12A",0.476738010615142
"hsa-miR-3922-5p","GO:0051788","response to misfolded protein",6,989,25,18870,4.57917087967644,0.00153059419914378,"CLU;RNF126;RNF185;RNF5;TOR1A;VCP",0.476738010615142
"hsa-miR-3922-5p","GO:0035966","response to topologically incorrect protein",18,989,159,18870,2.15998626399832,0.00172227222432655,"AGR2;BFAR;CLU;DERL2;FAF2;HSPB3;RHBDD1;RNF126;RNF185;RNF5;SELENOS;TBL2;TMEM129;TMEM33;TOR1A;UBE2J2;VAPB;VCP",0.476738010615142
"hsa-miR-3922-5p","GO:0006839","mitochondrial transport",20,989,190,18870,2.00840828055984,0.00237487327348945,"AIFM1;ATG13;BAG4;BCL2L2;BID;CHCHD4;CNP;FBXO7;KIFBP;LEPROT;NAIF1;OXA1L;PARL;STPG1;TIMM10;TIMM10B;TIMM22;TP53;UBE2J2;ZNF205",0.476738010615142
"hsa-miR-3922-5p","GO:0007501","mesodermal cell fate specification",4,989,12,18870,6.35995955510617,0.00264560494237038,"EYA1;HOXA11;MESP1;NODAL",0.476738010615142
"hsa-miR-3922-5p","GO:0015840","urea transport",4,989,12,18870,6.35995955510617,0.00264560494237038,"AQP3;AQP7;SLC14A1;UPK3A",0.476738010615142
"hsa-miR-3922-5p","GO:0017062","respiratory chain complex III assembly",4,989,12,18870,6.35995955510617,0.00264560494237038,"UQCC1;UQCC2;UQCC6;UQCRFS1",0.476738010615142
"hsa-miR-3922-5p","GO:0034551","mitochondrial respiratory chain complex III assembly",4,989,12,18870,6.35995955510617,0.00264560494237038,"UQCC1;UQCC2;UQCC6;UQCRFS1",0.476738010615142
"hsa-miR-3922-5p","GO:0071712","ER-associated misfolded protein catabolic process",4,989,12,18870,6.35995955510617,0.00264560494237038,"RNF185;RNF5;TOR1A;VCP",0.476738010615142
