"sequence_rank","queried_miRNA","circRNA_seed_2_8","circRNA_weighted_seed_score","database","mature_mirna_acc","mature_mirna_id","target_symbol","target_entrez","target_ensembl","score","type"
3,"hsa-miR-106a-3p","UGCAAUG",5,"targetscan","MIMAT0004517","hsa-miR-106a-3p","MTCH2","23788","ENSG00000109919","-0.178","predicted"
3,"hsa-miR-106a-3p","UGCAAUG",5,"targetscan","MIMAT0004517","hsa-miR-106a-3p","MBP","4155","ENSG00000197971","-0.178","predicted"
3,"hsa-miR-106a-3p","UGCAAUG",5,"targetscan","MIMAT0004517","hsa-miR-106a-3p","DUSP11","8446","ENSG00000144048","-0.178","predicted"
3,"hsa-miR-106a-3p","UGCAAUG",5,"targetscan","MIMAT0004517","hsa-miR-106a-3p","ZNF41","7592","ENSG00000147124","-0.178","predicted"
3,"hsa-miR-106a-3p","UGCAAUG",5,"targetscan","MIMAT0004517","hsa-miR-106a-3p","CMBL","134147","ENSG00000164237","-0.178","predicted"
3,"hsa-miR-106a-3p","UGCAAUG",5,"targetscan","MIMAT0004517","hsa-miR-106a-3p","SRFBP1","153443","ENSG00000151304","-0.178","predicted"
3,"hsa-miR-106a-3p","UGCAAUG",5,"targetscan","MIMAT0004517","hsa-miR-106a-3p","C8A","731","ENSG00000157131","-0.179","predicted"
3,"hsa-miR-106a-3p","UGCAAUG",5,"targetscan","MIMAT0004517","hsa-miR-106a-3p","PDSS1","23590","ENSG00000148459","-0.179","predicted"
3,"hsa-miR-106a-3p","UGCAAUG",5,"targetscan","MIMAT0004517","hsa-miR-106a-3p","ASF1A","25842","ENSG00000111875","-0.179","predicted"
3,"hsa-miR-106a-3p","UGCAAUG",5,"targetscan","MIMAT0004517","hsa-miR-106a-3p","DERL1","79139","ENSG00000136986","-0.179","predicted"
3,"hsa-miR-106a-3p","UGCAAUG",5,"targetscan","MIMAT0004517","hsa-miR-106a-3p","ELAVL2","1993","ENSG00000107105","-0.18","predicted"
3,"hsa-miR-106a-3p","UGCAAUG",5,"targetscan","MIMAT0004517","hsa-miR-106a-3p","IL15","3600","ENSG00000164136","-0.18","predicted"
3,"hsa-miR-106a-3p","UGCAAUG",5,"targetscan","MIMAT0004517","hsa-miR-106a-3p","OGDH","4967","ENSG00000105953","-0.18","predicted"
3,"hsa-miR-106a-3p","UGCAAUG",5,"targetscan","MIMAT0004517","hsa-miR-106a-3p","TNNI1","7135","ENSG00000159173","-0.18","predicted"
3,"hsa-miR-106a-3p","UGCAAUG",5,"targetscan","MIMAT0004517","hsa-miR-106a-3p","CARHSP1","23589","ENSG00000153048","-0.18","predicted"
3,"hsa-miR-106a-3p","UGCAAUG",5,"targetscan","MIMAT0004517","hsa-miR-106a-3p","NOL7","51406","ENSG00000225921","-0.18","predicted"
3,"hsa-miR-106a-3p","UGCAAUG",5,"targetscan","MIMAT0004517","hsa-miR-106a-3p","DCAF12L2","340578","ENSG00000198354","-0.18","predicted"
3,"hsa-miR-106a-3p","UGCAAUG",5,"targetscan","MIMAT0004517","hsa-miR-106a-3p","ZNF746","155061","ENSG00000181220","-0.18","predicted"
3,"hsa-miR-106a-3p","UGCAAUG",5,"targetscan","MIMAT0004517","hsa-miR-106a-3p","OGN","4969","ENSG00000106809","-0.18","predicted"
3,"hsa-miR-106a-3p","UGCAAUG",5,"targetscan","MIMAT0004517","hsa-miR-106a-3p","GORASP1","64689","ENSG00000114745","-0.18","predicted"
3,"hsa-miR-106a-3p","UGCAAUG",5,"targetscan","MIMAT0004517","hsa-miR-106a-3p","ZNF600","162966","ENSG00000189190","-0.18","predicted"
3,"hsa-miR-106a-3p","UGCAAUG",5,"targetscan","MIMAT0004517","hsa-miR-106a-3p","OLFML3","56944","ENSG00000116774","-0.181","predicted"
3,"hsa-miR-106a-3p","UGCAAUG",5,"targetscan","MIMAT0004517","hsa-miR-106a-3p","MAN1C1","57134","ENSG00000117643","-0.181","predicted"
3,"hsa-miR-106a-3p","UGCAAUG",5,"targetscan","MIMAT0004517","hsa-miR-106a-3p","TCP1","6950","ENSG00000120438","-0.181","predicted"
3,"hsa-miR-106a-3p","UGCAAUG",5,"targetscan","MIMAT0004517","hsa-miR-106a-3p","POC1A","25886","ENSG00000164087","-0.181","predicted"
3,"hsa-miR-106a-3p","UGCAAUG",5,"targetscan","MIMAT0004517","hsa-miR-106a-3p","ENPEP","2028","ENSG00000138792","-0.181","predicted"
3,"hsa-miR-106a-3p","UGCAAUG",5,"targetscan","MIMAT0004517","hsa-miR-106a-3p","GALNT15","117248","ENSG00000131386","-0.181","predicted"
3,"hsa-miR-106a-3p","UGCAAUG",5,"targetscan","MIMAT0004517","hsa-miR-106a-3p","ALKBH7","84266","ENSG00000125652","-0.181","predicted"
3,"hsa-miR-106a-3p","UGCAAUG",5,"targetscan","MIMAT0004517","hsa-miR-106a-3p","POLR2D","5433","ENSG00000144231","-0.182","predicted"
3,"hsa-miR-106a-3p","UGCAAUG",5,"targetscan","MIMAT0004517","hsa-miR-106a-3p","MFAP5","8076","ENSG00000197614","-0.182","predicted"
3,"hsa-miR-106a-3p","UGCAAUG",5,"targetscan","MIMAT0004517","hsa-miR-106a-3p","DNAJA3","9093","ENSG00000103423","-0.182","predicted"
3,"hsa-miR-106a-3p","UGCAAUG",5,"targetscan","MIMAT0004517","hsa-miR-106a-3p","NID2","22795","ENSG00000087303","-0.182","predicted"
3,"hsa-miR-106a-3p","UGCAAUG",5,"targetscan","MIMAT0004517","hsa-miR-106a-3p","SLC35A3","23443","ENSG00000117620","-0.182","predicted"
3,"hsa-miR-106a-3p","UGCAAUG",5,"targetscan","MIMAT0004517","hsa-miR-106a-3p","IL36RN","26525","ENSG00000136695","-0.182","predicted"
3,"hsa-miR-106a-3p","UGCAAUG",5,"targetscan","MIMAT0004517","hsa-miR-106a-3p","SPIC","121599","ENSG00000166211","-0.182","predicted"
3,"hsa-miR-106a-3p","UGCAAUG",5,"targetscan","MIMAT0004517","hsa-miR-106a-3p","ZCWPW2","152098","ENSG00000206559","-0.182","predicted"
3,"hsa-miR-106a-3p","UGCAAUG",5,"targetscan","MIMAT0004517","hsa-miR-106a-3p","CLEC3A","10143","ENSG00000166509","-0.182","predicted"
3,"hsa-miR-106a-3p","UGCAAUG",5,"targetscan","MIMAT0004517","hsa-miR-106a-3p","PSMB2","5690","ENSG00000126067","-0.182","predicted"
3,"hsa-miR-106a-3p","UGCAAUG",5,"targetscan","MIMAT0004517","hsa-miR-106a-3p","NHERF2","9351","ENSG00000065054","-0.182","predicted"
3,"hsa-miR-106a-3p","UGCAAUG",5,"targetscan","MIMAT0004517","hsa-miR-106a-3p","AC012215.1","","ENSG00000233863","-0.182","predicted"
3,"hsa-miR-106a-3p","UGCAAUG",5,"targetscan","MIMAT0004517","hsa-miR-106a-3p","ACTC1","70","ENSG00000159251","-0.183","predicted"
3,"hsa-miR-106a-3p","UGCAAUG",5,"targetscan","MIMAT0004517","hsa-miR-106a-3p","TICAM2","353376","ENSG00000243414","-0.183","predicted"
3,"hsa-miR-106a-3p","UGCAAUG",5,"targetscan","MIMAT0004517","hsa-miR-106a-3p","RNF166","115992","ENSG00000158717","-0.183","predicted"
3,"hsa-miR-106a-3p","UGCAAUG",5,"targetscan","MIMAT0004517","hsa-miR-106a-3p","LUM","4060","ENSG00000139329","-0.183","predicted"
3,"hsa-miR-106a-3p","UGCAAUG",5,"targetscan","MIMAT0004517","hsa-miR-106a-3p","CISD1","55847","ENSG00000122873","-0.183","predicted"
3,"hsa-miR-106a-3p","UGCAAUG",5,"targetscan","MIMAT0004517","hsa-miR-106a-3p","APOBEC3A","200315","ENSG00000128383","-0.183","predicted"
3,"hsa-miR-106a-3p","UGCAAUG",5,"targetscan","MIMAT0004517","hsa-miR-106a-3p","APOBEC3A","100913187","ENSG00000128383","-0.183","predicted"
3,"hsa-miR-106a-3p","UGCAAUG",5,"targetscan","MIMAT0004517","hsa-miR-106a-3p","AASDH","132949","ENSG00000157426","-0.183","predicted"
3,"hsa-miR-106a-3p","UGCAAUG",5,"targetscan","MIMAT0004517","hsa-miR-106a-3p","BCL10","8915","ENSG00000142867","-0.184","predicted"
3,"hsa-miR-106a-3p","UGCAAUG",5,"targetscan","MIMAT0004517","hsa-miR-106a-3p","ZNF770","54989","ENSG00000198146","-0.184","predicted"
3,"hsa-miR-106a-3p","UGCAAUG",5,"targetscan","MIMAT0004517","hsa-miR-106a-3p","FKBP14","55033","ENSG00000106080","-0.184","predicted"
3,"hsa-miR-106a-3p","UGCAAUG",5,"targetscan","MIMAT0004517","hsa-miR-106a-3p","UBE2W","55284","ENSG00000104343","-0.184","predicted"
3,"hsa-miR-106a-3p","UGCAAUG",5,"targetscan","MIMAT0004517","hsa-miR-106a-3p","HSBP1","3281","ENSG00000230989","-0.184","predicted"
3,"hsa-miR-106a-3p","UGCAAUG",5,"targetscan","MIMAT0004517","hsa-miR-106a-3p","JDP2","122953","ENSG00000140044","-0.184","predicted"
3,"hsa-miR-106a-3p","UGCAAUG",5,"targetscan","MIMAT0004517","hsa-miR-106a-3p","VAPB","9217","ENSG00000124164","-0.184","predicted"
3,"hsa-miR-106a-3p","UGCAAUG",5,"targetscan","MIMAT0004517","hsa-miR-106a-3p","MOSPD1","56180","ENSG00000101928","-0.184","predicted"
3,"hsa-miR-106a-3p","UGCAAUG",5,"targetscan","MIMAT0004517","hsa-miR-106a-3p","LRTM1","57408","ENSG00000144771","-0.184","predicted"
3,"hsa-miR-106a-3p","UGCAAUG",5,"targetscan","MIMAT0004517","hsa-miR-106a-3p","SMIM2","79024","ENSG00000139656","-0.184","predicted"
3,"hsa-miR-106a-3p","UGCAAUG",5,"targetscan","MIMAT0004517","hsa-miR-106a-3p","GRAMD2B","65983","ENSG00000155324","-0.184","predicted"
3,"hsa-miR-106a-3p","UGCAAUG",5,"targetscan","MIMAT0004517","hsa-miR-106a-3p","CFAP300","85016","ENSG00000137691","-0.184","predicted"
3,"hsa-miR-106a-3p","UGCAAUG",5,"targetscan","MIMAT0004517","hsa-miR-106a-3p","CENPBD1P","","ENSG00000177946","-0.184","predicted"
3,"hsa-miR-106a-3p","UGCAAUG",5,"targetscan","MIMAT0004517","hsa-miR-106a-3p","SERPINB2","5055","ENSG00000197632","-0.185","predicted"
3,"hsa-miR-106a-3p","UGCAAUG",5,"targetscan","MIMAT0004517","hsa-miR-106a-3p","PISD","23761","ENSG00000241878","-0.185","predicted"
3,"hsa-miR-106a-3p","UGCAAUG",5,"targetscan","MIMAT0004517","hsa-miR-106a-3p","ZNRF2","223082","ENSG00000180233","-0.185","predicted"
3,"hsa-miR-106a-3p","UGCAAUG",5,"targetscan","MIMAT0004517","hsa-miR-106a-3p","ZC2HC1C","79696","ENSG00000119703","-0.185","predicted"
3,"hsa-miR-106a-3p","UGCAAUG",5,"targetscan","MIMAT0004517","hsa-miR-106a-3p","ZSCAN31","64288","ENSG00000235109","-0.185","predicted"
3,"hsa-miR-106a-3p","UGCAAUG",5,"targetscan","MIMAT0004517","hsa-miR-106a-3p","PDE1C","5137","ENSG00000154678","-0.185","predicted"
3,"hsa-miR-106a-3p","UGCAAUG",5,"targetscan","MIMAT0004517","hsa-miR-106a-3p","PCK1","5105","ENSG00000124253","-0.185","predicted"
3,"hsa-miR-106a-3p","UGCAAUG",5,"targetscan","MIMAT0004517","hsa-miR-106a-3p","TAL2","6887","ENSG00000186051","-0.185","predicted"
3,"hsa-miR-106a-3p","UGCAAUG",5,"targetscan","MIMAT0004517","hsa-miR-106a-3p","CWF19L2","143884","ENSG00000152404","-0.185","predicted"
3,"hsa-miR-106a-3p","UGCAAUG",5,"targetscan","MIMAT0004517","hsa-miR-106a-3p","LMOD2","442721","ENSG00000170807","-0.185","predicted"
3,"hsa-miR-106a-3p","UGCAAUG",5,"targetscan","MIMAT0004517","hsa-miR-106a-3p","DYNLL2","140735","ENSG00000264364","-0.185","predicted"
3,"hsa-miR-106a-3p","UGCAAUG",5,"targetscan","MIMAT0004517","hsa-miR-106a-3p","SEPTIN2","4735","ENSG00000168385","-0.185","predicted"
3,"hsa-miR-106a-3p","UGCAAUG",5,"targetscan","MIMAT0004517","hsa-miR-106a-3p","BTG3","10950","ENSG00000154640","-0.186","predicted"
3,"hsa-miR-106a-3p","UGCAAUG",5,"targetscan","MIMAT0004517","hsa-miR-106a-3p","CALM2","805","ENSG00000143933","-0.186","predicted"
3,"hsa-miR-106a-3p","UGCAAUG",5,"targetscan","MIMAT0004517","hsa-miR-106a-3p","NDUFA5","4698","ENSG00000128609","-0.186","predicted"
3,"hsa-miR-106a-3p","UGCAAUG",5,"targetscan","MIMAT0004517","hsa-miR-106a-3p","TIMP2","7077","ENSG00000035862","-0.186","predicted"
3,"hsa-miR-106a-3p","UGCAAUG",5,"targetscan","MIMAT0004517","hsa-miR-106a-3p","SRSF9","8683","ENSG00000111786","-0.186","predicted"
3,"hsa-miR-106a-3p","UGCAAUG",5,"targetscan","MIMAT0004517","hsa-miR-106a-3p","PJA2","9867","ENSG00000198961","-0.186","predicted"
3,"hsa-miR-106a-3p","UGCAAUG",5,"targetscan","MIMAT0004517","hsa-miR-106a-3p","PNRC1","10957","ENSG00000146278","-0.186","predicted"
3,"hsa-miR-106a-3p","UGCAAUG",5,"targetscan","MIMAT0004517","hsa-miR-106a-3p","ZC3H15","55854","ENSG00000065548","-0.186","predicted"
3,"hsa-miR-106a-3p","UGCAAUG",5,"targetscan","MIMAT0004517","hsa-miR-106a-3p","CDC42SE1","56882","ENSG00000197622","-0.186","predicted"
3,"hsa-miR-106a-3p","UGCAAUG",5,"targetscan","MIMAT0004517","hsa-miR-106a-3p","EPC1","80314","ENSG00000120616","-0.186","predicted"
3,"hsa-miR-106a-3p","UGCAAUG",5,"targetscan","MIMAT0004517","hsa-miR-106a-3p","KHDC3L","154288","ENSG00000203908","-0.186","predicted"
3,"hsa-miR-106a-3p","UGCAAUG",5,"targetscan","MIMAT0004517","hsa-miR-106a-3p","MPLKIP","136647","ENSG00000168303","-0.186","predicted"
3,"hsa-miR-106a-3p","UGCAAUG",5,"targetscan","MIMAT0004517","hsa-miR-106a-3p","CTB-186H2.3","","ENSG00000266956","-0.186","predicted"
3,"hsa-miR-106a-3p","UGCAAUG",5,"targetscan","MIMAT0004517","hsa-miR-106a-3p","LINC01558","26238","ENSG00000146521","-0.186","predicted"
3,"hsa-miR-106a-3p","UGCAAUG",5,"targetscan","MIMAT0004517","hsa-miR-106a-3p","CCNG2","901","ENSG00000138764","-0.187","predicted"
3,"hsa-miR-106a-3p","UGCAAUG",5,"targetscan","MIMAT0004517","hsa-miR-106a-3p","PYGO1","26108","ENSG00000171016","-0.187","predicted"
3,"hsa-miR-106a-3p","UGCAAUG",5,"targetscan","MIMAT0004517","hsa-miR-106a-3p","ARHGAP24","83478","ENSG00000138639","-0.187","predicted"
3,"hsa-miR-106a-3p","UGCAAUG",5,"targetscan","MIMAT0004517","hsa-miR-106a-3p","HIKESHI","51501","ENSG00000149196","-0.187","predicted"
3,"hsa-miR-106a-3p","UGCAAUG",5,"targetscan","MIMAT0004517","hsa-miR-106a-3p","KRAS","3845","ENSG00000133703","-0.188","predicted"
3,"hsa-miR-106a-3p","UGCAAUG",5,"targetscan","MIMAT0004517","hsa-miR-106a-3p","EN2","2020","ENSG00000164778","-0.188","predicted"
3,"hsa-miR-106a-3p","UGCAAUG",5,"targetscan","MIMAT0004517","hsa-miR-106a-3p","GNAI1","2770","ENSG00000127955","-0.188","predicted"
3,"hsa-miR-106a-3p","UGCAAUG",5,"targetscan","MIMAT0004517","hsa-miR-106a-3p","PEA15","8682","ENSG00000162734","-0.188","predicted"
3,"hsa-miR-106a-3p","UGCAAUG",5,"targetscan","MIMAT0004517","hsa-miR-106a-3p","HS2ST1","9653","ENSG00000153936","-0.188","predicted"
3,"hsa-miR-106a-3p","UGCAAUG",5,"targetscan","MIMAT0004517","hsa-miR-106a-3p","C1D","10438","ENSG00000197223","-0.188","predicted"
3,"hsa-miR-106a-3p","UGCAAUG",5,"targetscan","MIMAT0004517","hsa-miR-106a-3p","FAM76A","199870","ENSG00000009780","-0.188","predicted"
3,"hsa-miR-106a-3p","UGCAAUG",5,"targetscan","MIMAT0004517","hsa-miR-106a-3p","LONRF3","79836","ENSG00000175556","-0.188","predicted"
3,"hsa-miR-106a-3p","UGCAAUG",5,"targetscan","MIMAT0004517","hsa-miR-106a-3p","CTU1","90353","ENSG00000142544","-0.188","predicted"
3,"hsa-miR-106a-3p","UGCAAUG",5,"targetscan","MIMAT0004517","hsa-miR-106a-3p","TJP2","9414","ENSG00000119139","-0.189","predicted"
3,"hsa-miR-106a-3p","UGCAAUG",5,"targetscan","MIMAT0004517","hsa-miR-106a-3p","GTF2H1","2965","ENSG00000110768","-0.189","predicted"
3,"hsa-miR-106a-3p","UGCAAUG",5,"targetscan","MIMAT0004517","hsa-miR-106a-3p","CCDC25","55246","ENSG00000147419","-0.189","predicted"
3,"hsa-miR-106a-3p","UGCAAUG",5,"targetscan","MIMAT0004517","hsa-miR-106a-3p","MRPL44","65080","ENSG00000135900","-0.189","predicted"
3,"hsa-miR-106a-3p","UGCAAUG",5,"targetscan","MIMAT0004517","hsa-miR-106a-3p","SESTD1","91404","ENSG00000187231","-0.189","predicted"
3,"hsa-miR-106a-3p","UGCAAUG",5,"targetscan","MIMAT0004517","hsa-miR-106a-3p","PACRGL","133015","ENSG00000163138","-0.189","predicted"
3,"hsa-miR-106a-3p","UGCAAUG",5,"targetscan","MIMAT0004517","hsa-miR-106a-3p","BLOC1S2","282991","ENSG00000196072","-0.189","predicted"
3,"hsa-miR-106a-3p","UGCAAUG",5,"targetscan","MIMAT0004517","hsa-miR-106a-3p","C4orf46","201725","ENSG00000205208","-0.189","predicted"
3,"hsa-miR-106a-3p","UGCAAUG",5,"targetscan","MIMAT0004517","hsa-miR-106a-3p","CD2","914","ENSG00000116824","-0.189","predicted"
3,"hsa-miR-106a-3p","UGCAAUG",5,"targetscan","MIMAT0004517","hsa-miR-106a-3p","","","ENSG00000175604","-0.189","predicted"
3,"hsa-miR-106a-3p","UGCAAUG",5,"targetscan","MIMAT0004517","hsa-miR-106a-3p","SLC16A10","117247","ENSG00000112394","-0.19","predicted"
3,"hsa-miR-106a-3p","UGCAAUG",5,"targetscan","MIMAT0004517","hsa-miR-106a-3p","SH3BGRL","6451","ENSG00000131171","-0.19","predicted"
3,"hsa-miR-106a-3p","UGCAAUG",5,"targetscan","MIMAT0004517","hsa-miR-106a-3p","MAP3K7","6885","ENSG00000135341","-0.19","predicted"
3,"hsa-miR-106a-3p","UGCAAUG",5,"targetscan","MIMAT0004517","hsa-miR-106a-3p","CPEB3","22849","ENSG00000107864","-0.19","predicted"
3,"hsa-miR-106a-3p","UGCAAUG",5,"targetscan","MIMAT0004517","hsa-miR-106a-3p","SLC35A3","23443","ENSG00000117620","-0.19","predicted"
3,"hsa-miR-106a-3p","UGCAAUG",5,"targetscan","MIMAT0004517","hsa-miR-106a-3p","B4GALT2","8704","ENSG00000117411","-0.19","predicted"
3,"hsa-miR-106a-3p","UGCAAUG",5,"targetscan","MIMAT0004517","hsa-miR-106a-3p","A4GNT","51146","ENSG00000118017","-0.19","predicted"
3,"hsa-miR-106a-3p","UGCAAUG",5,"targetscan","MIMAT0004517","hsa-miR-106a-3p","C11orf87","399947","ENSG00000185742","-0.19","predicted"
3,"hsa-miR-106a-3p","UGCAAUG",5,"targetscan","MIMAT0004517","hsa-miR-106a-3p","SLBP","7884","ENSG00000163950","-0.191","predicted"
3,"hsa-miR-106a-3p","UGCAAUG",5,"targetscan","MIMAT0004517","hsa-miR-106a-3p","RRAGC","64121","ENSG00000116954","-0.191","predicted"
3,"hsa-miR-106a-3p","UGCAAUG",5,"targetscan","MIMAT0004517","hsa-miR-106a-3p","RNLS","55328","ENSG00000184719","-0.191","predicted"
3,"hsa-miR-106a-3p","UGCAAUG",5,"targetscan","MIMAT0004517","hsa-miR-106a-3p","MS4A6A","64231","ENSG00000110077","-0.191","predicted"
3,"hsa-miR-106a-3p","UGCAAUG",5,"targetscan","MIMAT0004517","hsa-miR-106a-3p","UBE3D","90025","ENSG00000118420","-0.191","predicted"
3,"hsa-miR-106a-3p","UGCAAUG",5,"targetscan","MIMAT0004517","hsa-miR-106a-3p","RPS28","6234","ENSG00000233927","-0.191","predicted"
3,"hsa-miR-106a-3p","UGCAAUG",5,"targetscan","MIMAT0004517","hsa-miR-106a-3p","IMPG1","3617","ENSG00000112706","-0.192","predicted"
3,"hsa-miR-106a-3p","UGCAAUG",5,"targetscan","MIMAT0004517","hsa-miR-106a-3p","TSPYL2","64061","ENSG00000184205","-0.192","predicted"
3,"hsa-miR-106a-3p","UGCAAUG",5,"targetscan","MIMAT0004517","hsa-miR-106a-3p","ZNRF2","223082","ENSG00000180233","-0.192","predicted"
3,"hsa-miR-106a-3p","UGCAAUG",5,"targetscan","MIMAT0004517","hsa-miR-106a-3p","TMEM220","388335","ENSG00000187824","-0.192","predicted"
3,"hsa-miR-106a-3p","UGCAAUG",5,"targetscan","MIMAT0004517","hsa-miR-106a-3p","ZNF808","388558","ENSG00000198482","-0.192","predicted"
3,"hsa-miR-106a-3p","UGCAAUG",5,"targetscan","MIMAT0004517","hsa-miR-106a-3p","XG","7499","ENSG00000124343","-0.192","predicted"
3,"hsa-miR-106a-3p","UGCAAUG",5,"targetscan","MIMAT0004517","hsa-miR-106a-3p","RAI1","10743","ENSG00000108557","-0.192","predicted"
3,"hsa-miR-106a-3p","UGCAAUG",5,"targetscan","MIMAT0004517","hsa-miR-106a-3p","DCAF12L1","139170","ENSG00000198889","-0.192","predicted"
3,"hsa-miR-106a-3p","UGCAAUG",5,"targetscan","MIMAT0004517","hsa-miR-106a-3p","ABHD5","51099","ENSG00000011198","-0.193","predicted"
3,"hsa-miR-106a-3p","UGCAAUG",5,"targetscan","MIMAT0004517","hsa-miR-106a-3p","AGTR2","186","ENSG00000180772","-0.193","predicted"
3,"hsa-miR-106a-3p","UGCAAUG",5,"targetscan","MIMAT0004517","hsa-miR-106a-3p","BTBD2","55643","ENSG00000133243","-0.193","predicted"
3,"hsa-miR-106a-3p","UGCAAUG",5,"targetscan","MIMAT0004517","hsa-miR-106a-3p","DCAF17","80067","ENSG00000115827","-0.193","predicted"
3,"hsa-miR-106a-3p","UGCAAUG",5,"targetscan","MIMAT0004517","hsa-miR-106a-3p","TTC39B","158219","ENSG00000155158","-0.193","predicted"
3,"hsa-miR-106a-3p","UGCAAUG",5,"targetscan","MIMAT0004517","hsa-miR-106a-3p","SERPINA7","6906","ENSG00000123561","-0.193","predicted"
3,"hsa-miR-106a-3p","UGCAAUG",5,"targetscan","MIMAT0004517","hsa-miR-106a-3p","NUDCD2","134492","ENSG00000170584","-0.193","predicted"
3,"hsa-miR-106a-3p","UGCAAUG",5,"targetscan","MIMAT0004517","hsa-miR-106a-3p","","","ENSG00000212952","-0.193","predicted"
3,"hsa-miR-106a-3p","UGCAAUG",5,"targetscan","MIMAT0004517","hsa-miR-106a-3p","GSTM2","2946","ENSG00000213366","-0.194","predicted"
3,"hsa-miR-106a-3p","UGCAAUG",5,"targetscan","MIMAT0004517","hsa-miR-106a-3p","LAMP2","3920","ENSG00000005893","-0.194","predicted"
3,"hsa-miR-106a-3p","UGCAAUG",5,"targetscan","MIMAT0004517","hsa-miR-106a-3p","CPSF6","11052","ENSG00000111605","-0.194","predicted"
3,"hsa-miR-106a-3p","UGCAAUG",5,"targetscan","MIMAT0004517","hsa-miR-106a-3p","SEPHS1","22929","ENSG00000086475","-0.194","predicted"
3,"hsa-miR-106a-3p","UGCAAUG",5,"targetscan","MIMAT0004517","hsa-miR-106a-3p","HINT3","135114","ENSG00000111911","-0.194","predicted"
3,"hsa-miR-106a-3p","UGCAAUG",5,"targetscan","MIMAT0004517","hsa-miR-106a-3p","TMEM64","169200","ENSG00000180694","-0.194","predicted"
3,"hsa-miR-106a-3p","UGCAAUG",5,"targetscan","MIMAT0004517","hsa-miR-106a-3p","SH3GL3","6457","ENSG00000140600","-0.194","predicted"
3,"hsa-miR-106a-3p","UGCAAUG",5,"targetscan","MIMAT0004517","hsa-miR-106a-3p","SKP1","6500","ENSG00000113558","-0.194","predicted"
3,"hsa-miR-106a-3p","UGCAAUG",5,"targetscan","MIMAT0004517","hsa-miR-106a-3p","PKIB","5570","ENSG00000135549","-0.194","predicted"
3,"hsa-miR-106a-3p","UGCAAUG",5,"targetscan","MIMAT0004517","hsa-miR-106a-3p","TFPI","7035","ENSG00000003436","-0.195","predicted"
3,"hsa-miR-106a-3p","UGCAAUG",5,"targetscan","MIMAT0004517","hsa-miR-106a-3p","RPL14","9045","ENSG00000188846","-0.195","predicted"
3,"hsa-miR-106a-3p","UGCAAUG",5,"targetscan","MIMAT0004517","hsa-miR-106a-3p","CENPK","64105","ENSG00000123219","-0.195","predicted"
3,"hsa-miR-106a-3p","UGCAAUG",5,"targetscan","MIMAT0004517","hsa-miR-106a-3p","C9orf72","203228","ENSG00000147894","-0.195","predicted"
3,"hsa-miR-106a-3p","UGCAAUG",5,"targetscan","MIMAT0004517","hsa-miR-106a-3p","IMMP2L","83943","ENSG00000184903","-0.195","predicted"
3,"hsa-miR-106a-3p","UGCAAUG",5,"targetscan","MIMAT0004517","hsa-miR-106a-3p","BBS2","583","ENSG00000125124","-0.195","predicted"
3,"hsa-miR-106a-3p","UGCAAUG",5,"targetscan","MIMAT0004517","hsa-miR-106a-3p","SLC38A9","153129","ENSG00000177058","-0.195","predicted"
3,"hsa-miR-106a-3p","UGCAAUG",5,"targetscan","MIMAT0004517","hsa-miR-106a-3p","RGS9BP","388531","ENSG00000186326","-0.195","predicted"
3,"hsa-miR-106a-3p","UGCAAUG",5,"targetscan","MIMAT0004517","hsa-miR-106a-3p","ARHGAP5","394","ENSG00000100852","-0.196","predicted"
3,"hsa-miR-106a-3p","UGCAAUG",5,"targetscan","MIMAT0004517","hsa-miR-106a-3p","HNRNPM","4670","ENSG00000099783","-0.196","predicted"
3,"hsa-miR-106a-3p","UGCAAUG",5,"targetscan","MIMAT0004517","hsa-miR-106a-3p","TNKS","8658","ENSG00000173273","-0.196","predicted"
3,"hsa-miR-106a-3p","UGCAAUG",5,"targetscan","MIMAT0004517","hsa-miR-106a-3p","AP4S1","11154","ENSG00000100478","-0.196","predicted"
3,"hsa-miR-106a-3p","UGCAAUG",5,"targetscan","MIMAT0004517","hsa-miR-106a-3p","WRNIP1","56897","ENSG00000124535","-0.196","predicted"
3,"hsa-miR-106a-3p","UGCAAUG",5,"targetscan","MIMAT0004517","hsa-miR-106a-3p","CTRC","11330","ENSG00000162438","-0.196","predicted"
3,"hsa-miR-106a-3p","UGCAAUG",5,"targetscan","MIMAT0004517","hsa-miR-106a-3p","XNDC1N","100133315","ENSG00000254469","-0.196","predicted"
3,"hsa-miR-106a-3p","UGCAAUG",5,"targetscan","MIMAT0004517","hsa-miR-106a-3p","TAF7","6879","ENSG00000178913","-0.197","predicted"
3,"hsa-miR-106a-3p","UGCAAUG",5,"targetscan","MIMAT0004517","hsa-miR-106a-3p","CPSF4","10898","ENSG00000160917","-0.197","predicted"
3,"hsa-miR-106a-3p","UGCAAUG",5,"targetscan","MIMAT0004517","hsa-miR-106a-3p","SOCS4","122809","ENSG00000180008","-0.197","predicted"
3,"hsa-miR-106a-3p","UGCAAUG",5,"targetscan","MIMAT0004517","hsa-miR-106a-3p","MSL3","10943","ENSG00000005302","-0.197","predicted"
3,"hsa-miR-106a-3p","UGCAAUG",5,"targetscan","MIMAT0004517","hsa-miR-106a-3p","SCYL2","55681","ENSG00000136021","-0.197","predicted"
3,"hsa-miR-106a-3p","UGCAAUG",5,"targetscan","MIMAT0004517","hsa-miR-106a-3p","AICDA","57379","ENSG00000111732","-0.197","predicted"
3,"hsa-miR-106a-3p","UGCAAUG",5,"targetscan","MIMAT0004517","hsa-miR-106a-3p","ABCD3","5825","ENSG00000117528","-0.198","predicted"
3,"hsa-miR-106a-3p","UGCAAUG",5,"targetscan","MIMAT0004517","hsa-miR-106a-3p","AADAT","51166","ENSG00000109576","-0.198","predicted"
3,"hsa-miR-106a-3p","UGCAAUG",5,"targetscan","MIMAT0004517","hsa-miR-106a-3p","RAB40A","142684","ENSG00000172476","-0.198","predicted"
3,"hsa-miR-106a-3p","UGCAAUG",5,"targetscan","MIMAT0004517","hsa-miR-106a-3p","ZNF415","55786","ENSG00000170954","-0.198","predicted"
3,"hsa-miR-106a-3p","UGCAAUG",5,"targetscan","MIMAT0004517","hsa-miR-106a-3p","TMED7-TICAM2","100302736","ENSG00000251201","-0.198","predicted"
3,"hsa-miR-106a-3p","UGCAAUG",5,"targetscan","MIMAT0004517","hsa-miR-106a-3p","ANXA7","310","ENSG00000138279","-0.199","predicted"
3,"hsa-miR-106a-3p","UGCAAUG",5,"targetscan","MIMAT0004517","hsa-miR-106a-3p","RPL15","6138","ENSG00000174748","-0.199","predicted"
3,"hsa-miR-106a-3p","UGCAAUG",5,"targetscan","MIMAT0004517","hsa-miR-106a-3p","REEP5","7905","ENSG00000129625","-0.199","predicted"
3,"hsa-miR-106a-3p","UGCAAUG",5,"targetscan","MIMAT0004517","hsa-miR-106a-3p","DCAF13","25879","ENSG00000164934","-0.199","predicted"
3,"hsa-miR-106a-3p","UGCAAUG",5,"targetscan","MIMAT0004517","hsa-miR-106a-3p","TSEN15","116461","ENSG00000198860","-0.199","predicted"
3,"hsa-miR-106a-3p","UGCAAUG",5,"targetscan","MIMAT0004517","hsa-miR-106a-3p","WBP4","11193","ENSG00000120688","-0.199","predicted"
3,"hsa-miR-106a-3p","UGCAAUG",5,"targetscan","MIMAT0004517","hsa-miR-106a-3p","CDH2","1000","ENSG00000170558","-0.2","predicted"
3,"hsa-miR-106a-3p","UGCAAUG",5,"targetscan","MIMAT0004517","hsa-miR-106a-3p","SC5D","6309","ENSG00000109929","-0.2","predicted"
3,"hsa-miR-106a-3p","UGCAAUG",5,"targetscan","MIMAT0004517","hsa-miR-106a-3p","TFCP2","7024","ENSG00000135457","-0.2","predicted"
3,"hsa-miR-106a-3p","UGCAAUG",5,"targetscan","MIMAT0004517","hsa-miR-106a-3p","STC2","8614","ENSG00000113739","-0.2","predicted"
3,"hsa-miR-106a-3p","UGCAAUG",5,"targetscan","MIMAT0004517","hsa-miR-106a-3p","PNRC1","10957","ENSG00000146278","-0.2","predicted"
3,"hsa-miR-106a-3p","UGCAAUG",5,"targetscan","MIMAT0004517","hsa-miR-106a-3p","SERTAD4","56256","ENSG00000082497","-0.2","predicted"
3,"hsa-miR-106a-3p","UGCAAUG",5,"targetscan","MIMAT0004517","hsa-miR-106a-3p","MDH1B","130752","ENSG00000138400","-0.2","predicted"
3,"hsa-miR-106a-3p","UGCAAUG",5,"targetscan","MIMAT0004517","hsa-miR-106a-3p","CISD1","55847","ENSG00000122873","-0.2","predicted"
3,"hsa-miR-106a-3p","UGCAAUG",5,"targetscan","MIMAT0004517","hsa-miR-106a-3p","SLC9B2","133308","ENSG00000164038","-0.2","predicted"
3,"hsa-miR-106a-3p","UGCAAUG",5,"targetscan","MIMAT0004517","hsa-miR-106a-3p","CFAP58","159686","ENSG00000120051","-0.2","predicted"
3,"hsa-miR-106a-3p","UGCAAUG",5,"targetscan","MIMAT0004517","hsa-miR-106a-3p","HSPA2","3306","ENSG00000126803","-0.201","predicted"
3,"hsa-miR-106a-3p","UGCAAUG",5,"targetscan","MIMAT0004517","hsa-miR-106a-3p","DUS4L","11062","ENSG00000105865","-0.201","predicted"
3,"hsa-miR-106a-3p","UGCAAUG",5,"targetscan","MIMAT0004517","hsa-miR-106a-3p","ZNF567","163081","ENSG00000189042","-0.201","predicted"
3,"hsa-miR-106a-3p","UGCAAUG",5,"targetscan","MIMAT0004517","hsa-miR-106a-3p","TECRL","253017","ENSG00000205678","-0.201","predicted"
3,"hsa-miR-106a-3p","UGCAAUG",5,"targetscan","MIMAT0004517","hsa-miR-106a-3p","SENP6","26054","ENSG00000112701","-0.201","predicted"
3,"hsa-miR-106a-3p","UGCAAUG",5,"targetscan","MIMAT0004517","hsa-miR-106a-3p","DHRS9","10170","ENSG00000073737","-0.201","predicted"
3,"hsa-miR-106a-3p","UGCAAUG",5,"targetscan","MIMAT0004517","hsa-miR-106a-3p","MRPS36","92259","ENSG00000134056","-0.201","predicted"
3,"hsa-miR-106a-3p","UGCAAUG",5,"targetscan","MIMAT0004517","hsa-miR-106a-3p","GDPD4","220032","ENSG00000178795","-0.201","predicted"
3,"hsa-miR-106a-3p","UGCAAUG",5,"targetscan","MIMAT0004517","hsa-miR-106a-3p","BRD4","23476","ENSG00000141867","-0.202","predicted"
3,"hsa-miR-106a-3p","UGCAAUG",5,"targetscan","MIMAT0004517","hsa-miR-106a-3p","LYSMD3","116068","ENSG00000176018","-0.202","predicted"
3,"hsa-miR-106a-3p","UGCAAUG",5,"targetscan","MIMAT0004517","hsa-miR-106a-3p","MMAB","326625","ENSG00000139428","-0.202","predicted"
3,"hsa-miR-106a-3p","UGCAAUG",5,"targetscan","MIMAT0004517","hsa-miR-106a-3p","ATP4B","496","ENSG00000186009","-0.202","predicted"
3,"hsa-miR-106a-3p","UGCAAUG",5,"targetscan","MIMAT0004517","hsa-miR-106a-3p","C7orf25","79020","ENSG00000136197","-0.202","predicted"
3,"hsa-miR-106a-3p","UGCAAUG",5,"targetscan","MIMAT0004517","hsa-miR-106a-3p","TUBA4A","7277","ENSG00000127824","-0.202","predicted"
3,"hsa-miR-106a-3p","UGCAAUG",5,"targetscan","MIMAT0004517","hsa-miR-106a-3p","SEPHS2","22928","ENSG00000179918","-0.202","predicted"
3,"hsa-miR-106a-3p","UGCAAUG",5,"targetscan","MIMAT0004517","hsa-miR-106a-3p","PURG","29942","ENSG00000172733","-0.203","predicted"
3,"hsa-miR-106a-3p","UGCAAUG",5,"targetscan","MIMAT0004517","hsa-miR-106a-3p","SNTG2","54221","ENSG00000172554","-0.203","predicted"
3,"hsa-miR-106a-3p","UGCAAUG",5,"targetscan","MIMAT0004517","hsa-miR-106a-3p","RSRP1","57035","ENSG00000117616","-0.203","predicted"
3,"hsa-miR-106a-3p","UGCAAUG",5,"targetscan","MIMAT0004517","hsa-miR-106a-3p","INTS13","55726","ENSG00000064102","-0.203","predicted"
3,"hsa-miR-106a-3p","UGCAAUG",5,"targetscan","MIMAT0004517","hsa-miR-106a-3p","HIGD1A","25994","ENSG00000181061","-0.204","predicted"
3,"hsa-miR-106a-3p","UGCAAUG",5,"targetscan","MIMAT0004517","hsa-miR-106a-3p","HECTD3","79654","ENSG00000126107","-0.204","predicted"
3,"hsa-miR-106a-3p","UGCAAUG",5,"targetscan","MIMAT0004517","hsa-miR-106a-3p","DNAJC19","131118","ENSG00000205981","-0.204","predicted"
3,"hsa-miR-106a-3p","UGCAAUG",5,"targetscan","MIMAT0004517","hsa-miR-106a-3p","GABRA2","2555","ENSG00000151834","-0.204","predicted"
3,"hsa-miR-106a-3p","UGCAAUG",5,"targetscan","MIMAT0004517","hsa-miR-106a-3p","NRG3","10718","ENSG00000185737","-0.204","predicted"
3,"hsa-miR-106a-3p","UGCAAUG",5,"targetscan","MIMAT0004517","hsa-miR-106a-3p","KLRD1","3824","ENSG00000134539","-0.204","predicted"
3,"hsa-miR-106a-3p","UGCAAUG",5,"targetscan","MIMAT0004517","hsa-miR-106a-3p","PNMA1","9240","ENSG00000176903","-0.204","predicted"
3,"hsa-miR-106a-3p","UGCAAUG",5,"targetscan","MIMAT0004517","hsa-miR-106a-3p","CTNS","1497","ENSG00000040531","-0.205","predicted"
3,"hsa-miR-106a-3p","UGCAAUG",5,"targetscan","MIMAT0004517","hsa-miR-106a-3p","WFDC6","140870","ENSG00000243543","-0.205","predicted"
3,"hsa-miR-106a-3p","UGCAAUG",5,"targetscan","MIMAT0004517","hsa-miR-106a-3p","RALYL","138046","ENSG00000184672","-0.205","predicted"
3,"hsa-miR-106a-3p","UGCAAUG",5,"targetscan","MIMAT0004517","hsa-miR-106a-3p","PRND","23627","ENSG00000171864","-0.205","predicted"
3,"hsa-miR-106a-3p","UGCAAUG",5,"targetscan","MIMAT0004517","hsa-miR-106a-3p","DHRS7","51635","ENSG00000100612","-0.205","predicted"
3,"hsa-miR-106a-3p","UGCAAUG",5,"targetscan","MIMAT0004517","hsa-miR-106a-3p","KRT20","54474","ENSG00000171431","-0.205","predicted"
3,"hsa-miR-106a-3p","UGCAAUG",5,"targetscan","MIMAT0004517","hsa-miR-106a-3p","PPIF","10105","ENSG00000108179","-0.206","predicted"
3,"hsa-miR-106a-3p","UGCAAUG",5,"targetscan","MIMAT0004517","hsa-miR-106a-3p","PITPNB","23760","ENSG00000180957","-0.206","predicted"
3,"hsa-miR-106a-3p","UGCAAUG",5,"targetscan","MIMAT0004517","hsa-miR-106a-3p","MCTS1","28985","ENSG00000232119","-0.206","predicted"
3,"hsa-miR-106a-3p","UGCAAUG",5,"targetscan","MIMAT0004517","hsa-miR-106a-3p","SLC12A1","6557","ENSG00000074803","-0.206","predicted"
3,"hsa-miR-106a-3p","UGCAAUG",5,"targetscan","MIMAT0004517","hsa-miR-106a-3p","TRMT1L","81627","ENSG00000121486","-0.206","predicted"
3,"hsa-miR-106a-3p","UGCAAUG",5,"targetscan","MIMAT0004517","hsa-miR-106a-3p","GPALPP1","55425","ENSG00000133114","-0.206","predicted"
3,"hsa-miR-106a-3p","UGCAAUG",5,"targetscan","MIMAT0004517","hsa-miR-106a-3p","AIRIM","54955","ENSG00000116922","-0.206","predicted"
3,"hsa-miR-106a-3p","UGCAAUG",5,"targetscan","MIMAT0004517","hsa-miR-106a-3p","APRG1","339883","ENSG00000198590","-0.206","predicted"
3,"hsa-miR-106a-3p","UGCAAUG",5,"targetscan","MIMAT0004517","hsa-miR-106a-3p","CLCN3","1182","ENSG00000109572","-0.207","predicted"
3,"hsa-miR-106a-3p","UGCAAUG",5,"targetscan","MIMAT0004517","hsa-miR-106a-3p","PON3","5446","ENSG00000105852","-0.207","predicted"
3,"hsa-miR-106a-3p","UGCAAUG",5,"targetscan","MIMAT0004517","hsa-miR-106a-3p","VNN2","8875","ENSG00000112303","-0.207","predicted"
3,"hsa-miR-106a-3p","UGCAAUG",5,"targetscan","MIMAT0004517","hsa-miR-106a-3p","DCUN1D4","23142","ENSG00000109184","-0.207","predicted"
3,"hsa-miR-106a-3p","UGCAAUG",5,"targetscan","MIMAT0004517","hsa-miR-106a-3p","AGTPBP1","23287","ENSG00000135049","-0.207","predicted"
3,"hsa-miR-106a-3p","UGCAAUG",5,"targetscan","MIMAT0004517","hsa-miR-106a-3p","NKRF","55922","ENSG00000186416","-0.207","predicted"
3,"hsa-miR-106a-3p","UGCAAUG",5,"targetscan","MIMAT0004517","hsa-miR-106a-3p","RSPRY1","89970","ENSG00000159579","-0.207","predicted"
3,"hsa-miR-106a-3p","UGCAAUG",5,"targetscan","MIMAT0004517","hsa-miR-106a-3p","PAM","5066","ENSG00000145730","-0.207","predicted"
3,"hsa-miR-106a-3p","UGCAAUG",5,"targetscan","MIMAT0004517","hsa-miR-106a-3p","COA5","493753","ENSG00000183513","-0.207","predicted"
3,"hsa-miR-106a-3p","UGCAAUG",5,"targetscan","MIMAT0004517","hsa-miR-106a-3p","C10orf68","79741","ENSG00000150076","-0.207","predicted"
3,"hsa-miR-106a-3p","UGCAAUG",5,"targetscan","MIMAT0004517","hsa-miR-106a-3p","UBE3D","90025","ENSG00000118420","-0.207","predicted"
3,"hsa-miR-106a-3p","UGCAAUG",5,"targetscan","MIMAT0004517","hsa-miR-106a-3p","INSYN2A","642938","ENSG00000188916","-0.207","predicted"
3,"hsa-miR-106a-3p","UGCAAUG",5,"targetscan","MIMAT0004517","hsa-miR-106a-3p","EPB41L3","23136","ENSG00000082397","-0.208","predicted"
3,"hsa-miR-106a-3p","UGCAAUG",5,"targetscan","MIMAT0004517","hsa-miR-106a-3p","CDON","50937","ENSG00000064309","-0.208","predicted"
3,"hsa-miR-106a-3p","UGCAAUG",5,"targetscan","MIMAT0004517","hsa-miR-106a-3p","SESN3","143686","ENSG00000149212","-0.208","predicted"
3,"hsa-miR-106a-3p","UGCAAUG",5,"targetscan","MIMAT0004517","hsa-miR-106a-3p","CLEC3A","10143","ENSG00000166509","-0.208","predicted"
3,"hsa-miR-106a-3p","UGCAAUG",5,"targetscan","MIMAT0004517","hsa-miR-106a-3p","MISP3","113230","ENSG00000141854","-0.208","predicted"
3,"hsa-miR-106a-3p","UGCAAUG",5,"targetscan","MIMAT0004517","hsa-miR-106a-3p","TRIAP1","51499","ENSG00000170855","-0.209","predicted"
3,"hsa-miR-106a-3p","UGCAAUG",5,"targetscan","MIMAT0004517","hsa-miR-106a-3p","RIC1","57589","ENSG00000107036","-0.209","predicted"
3,"hsa-miR-106a-3p","UGCAAUG",5,"targetscan","MIMAT0004517","hsa-miR-106a-3p","ZNF226","7769","ENSG00000167380","-0.21","predicted"
3,"hsa-miR-106a-3p","UGCAAUG",5,"targetscan","MIMAT0004517","hsa-miR-106a-3p","ATF3","467","ENSG00000162772","-0.21","predicted"
3,"hsa-miR-106a-3p","UGCAAUG",5,"targetscan","MIMAT0004517","hsa-miR-106a-3p","IL15","3600","ENSG00000164136","-0.21","predicted"
3,"hsa-miR-106a-3p","UGCAAUG",5,"targetscan","MIMAT0004517","hsa-miR-106a-3p","UCHL3","7347","ENSG00000118939","-0.21","predicted"
3,"hsa-miR-106a-3p","UGCAAUG",5,"targetscan","MIMAT0004517","hsa-miR-106a-3p","TCEAL7","56849","ENSG00000182916","-0.21","predicted"
3,"hsa-miR-106a-3p","UGCAAUG",5,"targetscan","MIMAT0004517","hsa-miR-106a-3p","GLYATL1","92292","ENSG00000166840","-0.21","predicted"
3,"hsa-miR-106a-3p","UGCAAUG",5,"targetscan","MIMAT0004517","hsa-miR-106a-3p","PCMTD2","55251","ENSG00000203880","-0.211","predicted"
3,"hsa-miR-106a-3p","UGCAAUG",5,"targetscan","MIMAT0004517","hsa-miR-106a-3p","SLC39A10","57181","ENSG00000196950","-0.211","predicted"
3,"hsa-miR-106a-3p","UGCAAUG",5,"targetscan","MIMAT0004517","hsa-miR-106a-3p","SAV1","60485","ENSG00000151748","-0.211","predicted"
3,"hsa-miR-106a-3p","UGCAAUG",5,"targetscan","MIMAT0004517","hsa-miR-106a-3p","NUGGC","389643","ENSG00000189233","-0.211","predicted"
3,"hsa-miR-106a-3p","UGCAAUG",5,"targetscan","MIMAT0004517","hsa-miR-106a-3p","KCNQ5","56479","ENSG00000185760","-0.211","predicted"
3,"hsa-miR-106a-3p","UGCAAUG",5,"targetscan","MIMAT0004517","hsa-miR-106a-3p","XPNPEP1","7511","ENSG00000108039","-0.211","predicted"
3,"hsa-miR-106a-3p","UGCAAUG",5,"targetscan","MIMAT0004517","hsa-miR-106a-3p","TXNDC2","84203","ENSG00000168454","-0.211","predicted"
3,"hsa-miR-106a-3p","UGCAAUG",5,"targetscan","MIMAT0004517","hsa-miR-106a-3p","SNAI2","6591","ENSG00000019549","-0.212","predicted"
3,"hsa-miR-106a-3p","UGCAAUG",5,"targetscan","MIMAT0004517","hsa-miR-106a-3p","GAR1","54433","ENSG00000109534","-0.212","predicted"
3,"hsa-miR-106a-3p","UGCAAUG",5,"targetscan","MIMAT0004517","hsa-miR-106a-3p","TBX15","6913","ENSG00000092607","-0.213","predicted"
3,"hsa-miR-106a-3p","UGCAAUG",5,"targetscan","MIMAT0004517","hsa-miR-106a-3p","ZNF136","7695","ENSG00000196646","-0.213","predicted"
3,"hsa-miR-106a-3p","UGCAAUG",5,"targetscan","MIMAT0004517","hsa-miR-106a-3p","AGPS","8540","ENSG00000018510","-0.213","predicted"
3,"hsa-miR-106a-3p","UGCAAUG",5,"targetscan","MIMAT0004517","hsa-miR-106a-3p","CERS4","79603","ENSG00000090661","-0.213","predicted"
3,"hsa-miR-106a-3p","UGCAAUG",5,"targetscan","MIMAT0004517","hsa-miR-106a-3p","GLRB","2743","ENSG00000109738","-0.213","predicted"
3,"hsa-miR-106a-3p","UGCAAUG",5,"targetscan","MIMAT0004517","hsa-miR-106a-3p","PRDM15","63977","ENSG00000141956","-0.213","predicted"
3,"hsa-miR-106a-3p","UGCAAUG",5,"targetscan","MIMAT0004517","hsa-miR-106a-3p","CFAP43","80217","ENSG00000197748","-0.213","predicted"
3,"hsa-miR-106a-3p","UGCAAUG",5,"targetscan","MIMAT0004517","hsa-miR-106a-3p","ATP5MC3","518","ENSG00000154518","-0.213","predicted"
3,"hsa-miR-106a-3p","UGCAAUG",5,"targetscan","MIMAT0004517","hsa-miR-106a-3p","MARCHF11","441061","ENSG00000183654","-0.213","predicted"
3,"hsa-miR-106a-3p","UGCAAUG",5,"targetscan","MIMAT0004517","hsa-miR-106a-3p","IPO8","10526","ENSG00000133704","-0.214","predicted"
3,"hsa-miR-106a-3p","UGCAAUG",5,"targetscan","MIMAT0004517","hsa-miR-106a-3p","C1QTNF7","114905","ENSG00000163145","-0.214","predicted"
3,"hsa-miR-106a-3p","UGCAAUG",5,"targetscan","MIMAT0004517","hsa-miR-106a-3p","DIRAS2","54769","ENSG00000165023","-0.214","predicted"
3,"hsa-miR-106a-3p","UGCAAUG",5,"targetscan","MIMAT0004517","hsa-miR-106a-3p","KCTD13","253980","ENSG00000174943","-0.214","predicted"
3,"hsa-miR-106a-3p","UGCAAUG",5,"targetscan","MIMAT0004517","hsa-miR-106a-3p","LINC01465","","ENSG00000221949","-0.214","predicted"
3,"hsa-miR-106a-3p","UGCAAUG",5,"targetscan","MIMAT0004517","hsa-miR-106a-3p","TSPAN2","10100","ENSG00000134198","-0.215","predicted"
3,"hsa-miR-106a-3p","UGCAAUG",5,"targetscan","MIMAT0004517","hsa-miR-106a-3p","MANEA","79694","ENSG00000172469","-0.215","predicted"
3,"hsa-miR-106a-3p","UGCAAUG",5,"targetscan","MIMAT0004517","hsa-miR-106a-3p","RXYLT1","10329","ENSG00000118600","-0.215","predicted"
3,"hsa-miR-106a-3p","UGCAAUG",5,"targetscan","MIMAT0004517","hsa-miR-106a-3p","SF3B1","23451","ENSG00000115524","-0.216","predicted"
3,"hsa-miR-106a-3p","UGCAAUG",5,"targetscan","MIMAT0004517","hsa-miR-106a-3p","KLHL8","57563","ENSG00000145332","-0.217","predicted"
3,"hsa-miR-106a-3p","UGCAAUG",5,"targetscan","MIMAT0004517","hsa-miR-106a-3p","HINT3","135114","ENSG00000111911","-0.217","predicted"
3,"hsa-miR-106a-3p","UGCAAUG",5,"targetscan","MIMAT0004517","hsa-miR-106a-3p","RTKN2","219790","ENSG00000182010","-0.217","predicted"
3,"hsa-miR-106a-3p","UGCAAUG",5,"targetscan","MIMAT0004517","hsa-miR-106a-3p","TIAM2","26230","ENSG00000146426","-0.217","predicted"
3,"hsa-miR-106a-3p","UGCAAUG",5,"targetscan","MIMAT0004517","hsa-miR-106a-3p","LCE2C","353140","ENSG00000187180","-0.217","predicted"
3,"hsa-miR-106a-3p","UGCAAUG",5,"targetscan","MIMAT0004517","hsa-miR-106a-3p","AGTR1","185","ENSG00000144891","-0.218","predicted"
3,"hsa-miR-106a-3p","UGCAAUG",5,"targetscan","MIMAT0004517","hsa-miR-106a-3p","IL1RAP","3556","ENSG00000196083","-0.218","predicted"
3,"hsa-miR-106a-3p","UGCAAUG",5,"targetscan","MIMAT0004517","hsa-miR-106a-3p","PPP1R3D","5509","ENSG00000132825","-0.218","predicted"
3,"hsa-miR-106a-3p","UGCAAUG",5,"targetscan","MIMAT0004517","hsa-miR-106a-3p","RPL9","6133","ENSG00000163682","-0.218","predicted"
3,"hsa-miR-106a-3p","UGCAAUG",5,"targetscan","MIMAT0004517","hsa-miR-106a-3p","UBTD2","92181","ENSG00000168246","-0.218","predicted"
3,"hsa-miR-106a-3p","UGCAAUG",5,"targetscan","MIMAT0004517","hsa-miR-106a-3p","EIF4E3","317649","ENSG00000163412","-0.218","predicted"
3,"hsa-miR-106a-3p","UGCAAUG",5,"targetscan","MIMAT0004517","hsa-miR-106a-3p","RPS17","100505503","ENSG00000184779","-0.218","predicted"
3,"hsa-miR-106a-3p","UGCAAUG",5,"targetscan","MIMAT0004517","hsa-miR-106a-3p","RPS17","6218","ENSG00000182774","-0.218","predicted"
3,"hsa-miR-106a-3p","UGCAAUG",5,"targetscan","MIMAT0004517","hsa-miR-106a-3p","PTX3","5806","ENSG00000163661","-0.219","predicted"
3,"hsa-miR-106a-3p","UGCAAUG",5,"targetscan","MIMAT0004517","hsa-miR-106a-3p","SRSF3","6428","ENSG00000112081","-0.219","predicted"
3,"hsa-miR-106a-3p","UGCAAUG",5,"targetscan","MIMAT0004517","hsa-miR-106a-3p","","","ENSG00000257327","-0.219","predicted"
3,"hsa-miR-106a-3p","UGCAAUG",5,"targetscan","MIMAT0004517","hsa-miR-106a-3p","WAPL","23063","ENSG00000062650","-0.219","predicted"
3,"hsa-miR-106a-3p","UGCAAUG",5,"targetscan","MIMAT0004517","hsa-miR-106a-3p","LINC00239","145200","ENSG00000258512","-0.219","predicted"
3,"hsa-miR-106a-3p","UGCAAUG",5,"targetscan","MIMAT0004517","hsa-miR-106a-3p","ATXN10","25814","ENSG00000130638","-0.22","predicted"
3,"hsa-miR-106a-3p","UGCAAUG",5,"targetscan","MIMAT0004517","hsa-miR-106a-3p","DCAF16","54876","ENSG00000163257","-0.22","predicted"
3,"hsa-miR-106a-3p","UGCAAUG",5,"targetscan","MIMAT0004517","hsa-miR-106a-3p","SLTM","79811","ENSG00000137776","-0.22","predicted"
3,"hsa-miR-106a-3p","UGCAAUG",5,"targetscan","MIMAT0004517","hsa-miR-106a-3p","ARPC4","10093","ENSG00000241553","-0.22","predicted"
3,"hsa-miR-106a-3p","UGCAAUG",5,"targetscan","MIMAT0004517","hsa-miR-106a-3p","SOD2","","ENSG00000112096","-0.22","predicted"
3,"hsa-miR-106a-3p","UGCAAUG",5,"targetscan","MIMAT0004517","hsa-miR-106a-3p","NBN","4683","ENSG00000104320","-0.221","predicted"
3,"hsa-miR-106a-3p","UGCAAUG",5,"targetscan","MIMAT0004517","hsa-miR-106a-3p","PRSS23","11098","ENSG00000150687","-0.221","predicted"
3,"hsa-miR-106a-3p","UGCAAUG",5,"targetscan","MIMAT0004517","hsa-miR-106a-3p","OSBPL5","114879","ENSG00000021762","-0.221","predicted"
3,"hsa-miR-106a-3p","UGCAAUG",5,"targetscan","MIMAT0004517","hsa-miR-106a-3p","FAM219A","203259","ENSG00000164970","-0.221","predicted"
3,"hsa-miR-106a-3p","UGCAAUG",5,"targetscan","MIMAT0004517","hsa-miR-106a-3p","SUMO3","6612","ENSG00000184900","-0.222","predicted"
3,"hsa-miR-106a-3p","UGCAAUG",5,"targetscan","MIMAT0004517","hsa-miR-106a-3p","CDK19","23097","ENSG00000155111","-0.222","predicted"
3,"hsa-miR-106a-3p","UGCAAUG",5,"targetscan","MIMAT0004517","hsa-miR-106a-3p","RTN4","57142","ENSG00000115310","-0.222","predicted"
3,"hsa-miR-106a-3p","UGCAAUG",5,"targetscan","MIMAT0004517","hsa-miR-106a-3p","KCNJ13","3769","ENSG00000115474","-0.222","predicted"
3,"hsa-miR-106a-3p","UGCAAUG",5,"targetscan","MIMAT0004517","hsa-miR-106a-3p","GIMAP6","474344","ENSG00000133561","-0.222","predicted"
3,"hsa-miR-106a-3p","UGCAAUG",5,"targetscan","MIMAT0004517","hsa-miR-106a-3p","SCFD2","152579","ENSG00000184178","-0.222","predicted"
3,"hsa-miR-106a-3p","UGCAAUG",5,"targetscan","MIMAT0004517","hsa-miR-106a-3p","CCDC102B","79839","ENSG00000150636","-0.223","predicted"
3,"hsa-miR-106a-3p","UGCAAUG",5,"targetscan","MIMAT0004517","hsa-miR-106a-3p","ZAR1","326340","ENSG00000182223","-0.223","predicted"
3,"hsa-miR-106a-3p","UGCAAUG",5,"targetscan","MIMAT0004517","hsa-miR-106a-3p","MT-ND4L","4539","ENSG00000212907","-0.223","predicted"
3,"hsa-miR-106a-3p","UGCAAUG",5,"targetscan","MIMAT0004517","hsa-miR-106a-3p","ARNT2-DT","101929560","ENSG00000259495","-0.223","predicted"
3,"hsa-miR-106a-3p","UGCAAUG",5,"targetscan","MIMAT0004517","hsa-miR-106a-3p","GTF2B","2959","ENSG00000137947","-0.224","predicted"
3,"hsa-miR-106a-3p","UGCAAUG",5,"targetscan","MIMAT0004517","hsa-miR-106a-3p","NFE2L2","4780","ENSG00000116044","-0.224","predicted"
3,"hsa-miR-106a-3p","UGCAAUG",5,"targetscan","MIMAT0004517","hsa-miR-106a-3p","LACC1","144811","ENSG00000179630","-0.224","predicted"
3,"hsa-miR-106a-3p","UGCAAUG",5,"targetscan","MIMAT0004517","hsa-miR-106a-3p","C12orf75","387882","ENSG00000235162","-0.224","predicted"
3,"hsa-miR-106a-3p","UGCAAUG",5,"targetscan","MIMAT0004517","hsa-miR-106a-3p","NEUROG3","50674","ENSG00000122859","-0.224","predicted"
3,"hsa-miR-106a-3p","UGCAAUG",5,"targetscan","MIMAT0004517","hsa-miR-106a-3p","BMPER","168667","ENSG00000164619","-0.224","predicted"
3,"hsa-miR-106a-3p","UGCAAUG",5,"targetscan","MIMAT0004517","hsa-miR-106a-3p","ADGRG3","222487","ENSG00000182885","-0.224","predicted"
3,"hsa-miR-106a-3p","UGCAAUG",5,"targetscan","MIMAT0004517","hsa-miR-106a-3p","LINC03042","","ENSG00000196166","-0.224","predicted"
3,"hsa-miR-106a-3p","UGCAAUG",5,"targetscan","MIMAT0004517","hsa-miR-106a-3p","IDI1","3422","ENSG00000067064","-0.225","predicted"
3,"hsa-miR-106a-3p","UGCAAUG",5,"targetscan","MIMAT0004517","hsa-miR-106a-3p","GGCX","2677","ENSG00000115486","-0.225","predicted"
3,"hsa-miR-106a-3p","UGCAAUG",5,"targetscan","MIMAT0004517","hsa-miR-106a-3p","NBAS","51594","ENSG00000151779","-0.225","predicted"
3,"hsa-miR-106a-3p","UGCAAUG",5,"targetscan","MIMAT0004517","hsa-miR-106a-3p","SLAIN1","122060","ENSG00000139737","-0.226","predicted"
3,"hsa-miR-106a-3p","UGCAAUG",5,"targetscan","MIMAT0004517","hsa-miR-106a-3p","TM9SF2","9375","ENSG00000125304","-0.226","predicted"
3,"hsa-miR-106a-3p","UGCAAUG",5,"targetscan","MIMAT0004517","hsa-miR-106a-3p","BMP7","655","ENSG00000101144","-0.227","predicted"
3,"hsa-miR-106a-3p","UGCAAUG",5,"targetscan","MIMAT0004517","hsa-miR-106a-3p","TGFBR1","7046","ENSG00000106799","-0.227","predicted"
3,"hsa-miR-106a-3p","UGCAAUG",5,"targetscan","MIMAT0004517","hsa-miR-106a-3p","GATA3","2625","ENSG00000107485","-0.227","predicted"
3,"hsa-miR-106a-3p","UGCAAUG",5,"targetscan","MIMAT0004517","hsa-miR-106a-3p","CYTIP","9595","ENSG00000115165","-0.227","predicted"
3,"hsa-miR-106a-3p","UGCAAUG",5,"targetscan","MIMAT0004517","hsa-miR-106a-3p","GADD45G","10912","ENSG00000130222","-0.227","predicted"
3,"hsa-miR-106a-3p","UGCAAUG",5,"targetscan","MIMAT0004517","hsa-miR-106a-3p","PUS1","80324","ENSG00000177192","-0.227","predicted"
3,"hsa-miR-106a-3p","UGCAAUG",5,"targetscan","MIMAT0004517","hsa-miR-106a-3p","KCNQ5","56479","ENSG00000185760","-0.227","predicted"
3,"hsa-miR-106a-3p","UGCAAUG",5,"targetscan","MIMAT0004517","hsa-miR-106a-3p","OTUD7A","161725","ENSG00000169918","-0.227","predicted"
3,"hsa-miR-106a-3p","UGCAAUG",5,"targetscan","MIMAT0004517","hsa-miR-106a-3p","CNGB3","54714","ENSG00000170289","-0.228","predicted"
3,"hsa-miR-106a-3p","UGCAAUG",5,"targetscan","MIMAT0004517","hsa-miR-106a-3p","LINC02453","643770","ENSG00000245017","-0.228","predicted"
3,"hsa-miR-106a-3p","UGCAAUG",5,"targetscan","MIMAT0004517","hsa-miR-106a-3p","WDR91","29062","ENSG00000105875","-0.229","predicted"
3,"hsa-miR-106a-3p","UGCAAUG",5,"targetscan","MIMAT0004517","hsa-miR-106a-3p","HES2","54626","ENSG00000069812","-0.229","predicted"
3,"hsa-miR-106a-3p","UGCAAUG",5,"targetscan","MIMAT0004517","hsa-miR-106a-3p","MACO1","55219","ENSG00000204178","-0.229","predicted"
3,"hsa-miR-106a-3p","UGCAAUG",5,"targetscan","MIMAT0004517","hsa-miR-106a-3p","PIP4P2","55529","ENSG00000155099","-0.229","predicted"
3,"hsa-miR-106a-3p","UGCAAUG",5,"targetscan","MIMAT0004517","hsa-miR-106a-3p","LINC02693","339263","ENSG00000212719","-0.229","predicted"
3,"hsa-miR-106a-3p","UGCAAUG",5,"targetscan","MIMAT0004517","hsa-miR-106a-3p","STX7","8417","ENSG00000079950","-0.23","predicted"
3,"hsa-miR-106a-3p","UGCAAUG",5,"targetscan","MIMAT0004517","hsa-miR-106a-3p","TPSG1","25823","ENSG00000116176","-0.23","predicted"
3,"hsa-miR-106a-3p","UGCAAUG",5,"targetscan","MIMAT0004517","hsa-miR-106a-3p","FCGR3B","2215","ENSG00000162747","-0.23","predicted"
3,"hsa-miR-106a-3p","UGCAAUG",5,"targetscan","MIMAT0004517","hsa-miR-106a-3p","ACYP1","97","ENSG00000119640","-0.23","predicted"
3,"hsa-miR-106a-3p","UGCAAUG",5,"targetscan","MIMAT0004517","hsa-miR-106a-3p","AKIRIN1","79647","ENSG00000174574","-0.23","predicted"
3,"hsa-miR-106a-3p","UGCAAUG",5,"targetscan","MIMAT0004517","hsa-miR-106a-3p","KRT20","54474","ENSG00000171431","-0.23","predicted"
3,"hsa-miR-106a-3p","UGCAAUG",5,"targetscan","MIMAT0004517","hsa-miR-106a-3p","FCGR3B","124905743","ENSG00000162747","-0.23","predicted"
3,"hsa-miR-106a-3p","UGCAAUG",5,"targetscan","MIMAT0004517","hsa-miR-106a-3p","RPS27A","6233","ENSG00000143947","-0.231","predicted"
3,"hsa-miR-106a-3p","UGCAAUG",5,"targetscan","MIMAT0004517","hsa-miR-106a-3p","SKP1","6500","ENSG00000113558","-0.231","predicted"
3,"hsa-miR-106a-3p","UGCAAUG",5,"targetscan","MIMAT0004517","hsa-miR-106a-3p","ROMO1","140823","ENSG00000125995","-0.231","predicted"
3,"hsa-miR-106a-3p","UGCAAUG",5,"targetscan","MIMAT0004517","hsa-miR-106a-3p","MRPL50","54534","ENSG00000136897","-0.232","predicted"
3,"hsa-miR-106a-3p","UGCAAUG",5,"targetscan","MIMAT0004517","hsa-miR-106a-3p","CDADC1","81602","ENSG00000102543","-0.232","predicted"
3,"hsa-miR-106a-3p","UGCAAUG",5,"targetscan","MIMAT0004517","hsa-miR-106a-3p","HTR2A","3356","ENSG00000102468","-0.232","predicted"
3,"hsa-miR-106a-3p","UGCAAUG",5,"targetscan","MIMAT0004517","hsa-miR-106a-3p","CFAP418","157657","ENSG00000156172","-0.232","predicted"
3,"hsa-miR-106a-3p","UGCAAUG",5,"targetscan","MIMAT0004517","hsa-miR-106a-3p","PTS","5805","ENSG00000150787","-0.233","predicted"
3,"hsa-miR-106a-3p","UGCAAUG",5,"targetscan","MIMAT0004517","hsa-miR-106a-3p","PABPC4","8761","ENSG00000090621","-0.233","predicted"
3,"hsa-miR-106a-3p","UGCAAUG",5,"targetscan","MIMAT0004517","hsa-miR-106a-3p","CMPK1","51727","ENSG00000162368","-0.233","predicted"
3,"hsa-miR-106a-3p","UGCAAUG",5,"targetscan","MIMAT0004517","hsa-miR-106a-3p","TRUB1","142940","ENSG00000165832","-0.233","predicted"
3,"hsa-miR-106a-3p","UGCAAUG",5,"targetscan","MIMAT0004517","hsa-miR-106a-3p","ROR1","4919","ENSG00000185483","-0.234","predicted"
3,"hsa-miR-106a-3p","UGCAAUG",5,"targetscan","MIMAT0004517","hsa-miR-106a-3p","TPRKB","51002","ENSG00000144034","-0.234","predicted"
3,"hsa-miR-106a-3p","UGCAAUG",5,"targetscan","MIMAT0004517","hsa-miR-106a-3p","NIP7","51388","ENSG00000132603","-0.234","predicted"
3,"hsa-miR-106a-3p","UGCAAUG",5,"targetscan","MIMAT0004517","hsa-miR-106a-3p","SUMO1","7341","ENSG00000116030","-0.234","predicted"
3,"hsa-miR-106a-3p","UGCAAUG",5,"targetscan","MIMAT0004517","hsa-miR-106a-3p","IQGAP1","8826","ENSG00000140575","-0.235","predicted"
3,"hsa-miR-106a-3p","UGCAAUG",5,"targetscan","MIMAT0004517","hsa-miR-106a-3p","MGST2","4258","ENSG00000085871","-0.235","predicted"
3,"hsa-miR-106a-3p","UGCAAUG",5,"targetscan","MIMAT0004517","hsa-miR-106a-3p","SOX11","6664","ENSG00000176887","-0.235","predicted"
3,"hsa-miR-106a-3p","UGCAAUG",5,"targetscan","MIMAT0004517","hsa-miR-106a-3p","MTHFD2","10797","ENSG00000065911","-0.235","predicted"
3,"hsa-miR-106a-3p","UGCAAUG",5,"targetscan","MIMAT0004517","hsa-miR-106a-3p","HSD17B7","51478","ENSG00000132196","-0.235","predicted"
3,"hsa-miR-106a-3p","UGCAAUG",5,"targetscan","MIMAT0004517","hsa-miR-106a-3p","PLSCR4","57088","ENSG00000114698","-0.235","predicted"
3,"hsa-miR-106a-3p","UGCAAUG",5,"targetscan","MIMAT0004517","hsa-miR-106a-3p","CLEC4D","338339","ENSG00000166527","-0.235","predicted"
3,"hsa-miR-106a-3p","UGCAAUG",5,"targetscan","MIMAT0004517","hsa-miR-106a-3p","SLC2A9","56606","ENSG00000109667","-0.235","predicted"
3,"hsa-miR-106a-3p","UGCAAUG",5,"targetscan","MIMAT0004517","hsa-miR-106a-3p","SRP54","6729","ENSG00000100883","-0.235","predicted"
3,"hsa-miR-106a-3p","UGCAAUG",5,"targetscan","MIMAT0004517","hsa-miR-106a-3p","MR1","3140","ENSG00000153029","-0.236","predicted"
3,"hsa-miR-106a-3p","UGCAAUG",5,"targetscan","MIMAT0004517","hsa-miR-106a-3p","SOX9","6662","ENSG00000125398","-0.236","predicted"
3,"hsa-miR-106a-3p","UGCAAUG",5,"targetscan","MIMAT0004517","hsa-miR-106a-3p","HEATR5A","25938","ENSG00000129493","-0.236","predicted"
3,"hsa-miR-106a-3p","UGCAAUG",5,"targetscan","MIMAT0004517","hsa-miR-106a-3p","ZNF808","388558","ENSG00000198482","-0.236","predicted"
3,"hsa-miR-106a-3p","UGCAAUG",5,"targetscan","MIMAT0004517","hsa-miR-106a-3p","CD1A","909","ENSG00000158477","-0.236","predicted"
3,"hsa-miR-106a-3p","UGCAAUG",5,"targetscan","MIMAT0004517","hsa-miR-106a-3p","LYRM2","57226","ENSG00000083099","-0.236","predicted"
3,"hsa-miR-106a-3p","UGCAAUG",5,"targetscan","MIMAT0004517","hsa-miR-106a-3p","DPPA4","55211","ENSG00000121570","-0.237","predicted"
3,"hsa-miR-106a-3p","UGCAAUG",5,"targetscan","MIMAT0004517","hsa-miR-106a-3p","TM2D3","80213","ENSG00000184277","-0.237","predicted"
3,"hsa-miR-106a-3p","UGCAAUG",5,"targetscan","MIMAT0004517","hsa-miR-106a-3p","KDSR","2531","ENSG00000119537","-0.238","predicted"
3,"hsa-miR-106a-3p","UGCAAUG",5,"targetscan","MIMAT0004517","hsa-miR-106a-3p","RB1CC1","9821","ENSG00000023287","-0.238","predicted"
3,"hsa-miR-106a-3p","UGCAAUG",5,"targetscan","MIMAT0004517","hsa-miR-106a-3p","P2RY13","53829","ENSG00000181631","-0.238","predicted"
3,"hsa-miR-106a-3p","UGCAAUG",5,"targetscan","MIMAT0004517","hsa-miR-106a-3p","TCEAL2","140597","ENSG00000184905","-0.238","predicted"
3,"hsa-miR-106a-3p","UGCAAUG",5,"targetscan","MIMAT0004517","hsa-miR-106a-3p","CBFB","865","ENSG00000067955","-0.239","predicted"
3,"hsa-miR-106a-3p","UGCAAUG",5,"targetscan","MIMAT0004517","hsa-miR-106a-3p","DCAF4L1","285429","ENSG00000182308","-0.239","predicted"
3,"hsa-miR-106a-3p","UGCAAUG",5,"targetscan","MIMAT0004517","hsa-miR-106a-3p","ZNF681","148213","ENSG00000196172","-0.239","predicted"
3,"hsa-miR-106a-3p","UGCAAUG",5,"targetscan","MIMAT0004517","hsa-miR-106a-3p","ZSCAN21","7589","ENSG00000166529","-0.239","predicted"
3,"hsa-miR-106a-3p","UGCAAUG",5,"targetscan","MIMAT0004517","hsa-miR-106a-3p","NAALAD2","10003","ENSG00000077616","-0.241","predicted"
3,"hsa-miR-106a-3p","UGCAAUG",5,"targetscan","MIMAT0004517","hsa-miR-106a-3p","COQ6","51004","ENSG00000119723","-0.241","predicted"
3,"hsa-miR-106a-3p","UGCAAUG",5,"targetscan","MIMAT0004517","hsa-miR-106a-3p","LYN","4067","ENSG00000254087","-0.241","predicted"
3,"hsa-miR-106a-3p","UGCAAUG",5,"targetscan","MIMAT0004517","hsa-miR-106a-3p","KCNQ5","56479","ENSG00000185760","-0.241","predicted"
3,"hsa-miR-106a-3p","UGCAAUG",5,"targetscan","MIMAT0004517","hsa-miR-106a-3p","AIG1","51390","ENSG00000146416","-0.241","predicted"
3,"hsa-miR-106a-3p","UGCAAUG",5,"targetscan","MIMAT0004517","hsa-miR-106a-3p","ZRANB3","84083","ENSG00000121988","-0.241","predicted"
3,"hsa-miR-106a-3p","UGCAAUG",5,"targetscan","MIMAT0004517","hsa-miR-106a-3p","CYP1B1","1545","ENSG00000138061","-0.243","predicted"
3,"hsa-miR-106a-3p","UGCAAUG",5,"targetscan","MIMAT0004517","hsa-miR-106a-3p","FETUB","26998","ENSG00000090512","-0.243","predicted"
3,"hsa-miR-106a-3p","UGCAAUG",5,"targetscan","MIMAT0004517","hsa-miR-106a-3p","UPF3B","65109","ENSG00000125351","-0.243","predicted"
3,"hsa-miR-106a-3p","UGCAAUG",5,"targetscan","MIMAT0004517","hsa-miR-106a-3p","C1orf21","81563","ENSG00000116667","-0.243","predicted"
3,"hsa-miR-106a-3p","UGCAAUG",5,"targetscan","MIMAT0004517","hsa-miR-106a-3p","FANCB","2187","ENSG00000181544","-0.243","predicted"
3,"hsa-miR-106a-3p","UGCAAUG",5,"targetscan","MIMAT0004517","hsa-miR-106a-3p","DPH3","285381","ENSG00000154813","-0.244","predicted"
3,"hsa-miR-106a-3p","UGCAAUG",5,"targetscan","MIMAT0004517","hsa-miR-106a-3p","ATG12","9140","ENSG00000145782","-0.245","predicted"
3,"hsa-miR-106a-3p","UGCAAUG",5,"targetscan","MIMAT0004517","hsa-miR-106a-3p","MRPS5","64969","ENSG00000144029","-0.245","predicted"
3,"hsa-miR-106a-3p","UGCAAUG",5,"targetscan","MIMAT0004517","hsa-miR-106a-3p","RCN2","5955","ENSG00000117906","-0.246","predicted"
3,"hsa-miR-106a-3p","UGCAAUG",5,"targetscan","MIMAT0004517","hsa-miR-106a-3p","CNTN3","5067","ENSG00000113805","-0.246","predicted"
3,"hsa-miR-106a-3p","UGCAAUG",5,"targetscan","MIMAT0004517","hsa-miR-106a-3p","RBM18","92400","ENSG00000119446","-0.246","predicted"
3,"hsa-miR-106a-3p","UGCAAUG",5,"targetscan","MIMAT0004517","hsa-miR-106a-3p","ZNF726","730087","ENSG00000213967","-0.246","predicted"
3,"hsa-miR-106a-3p","UGCAAUG",5,"targetscan","MIMAT0004517","hsa-miR-106a-3p","GJB6","10804","ENSG00000121742","-0.247","predicted"
3,"hsa-miR-106a-3p","UGCAAUG",5,"targetscan","MIMAT0004517","hsa-miR-106a-3p","NARS2","79731","ENSG00000137513","-0.247","predicted"
3,"hsa-miR-106a-3p","UGCAAUG",5,"targetscan","MIMAT0004517","hsa-miR-106a-3p","FCGR3A","2214","ENSG00000203747","-0.247","predicted"
3,"hsa-miR-106a-3p","UGCAAUG",5,"targetscan","MIMAT0004517","hsa-miR-106a-3p","BBIP1","92482","ENSG00000214413","-0.247","predicted"
3,"hsa-miR-106a-3p","UGCAAUG",5,"targetscan","MIMAT0004517","hsa-miR-106a-3p","TXNL1","9352","ENSG00000091164","-0.247","predicted"
3,"hsa-miR-106a-3p","UGCAAUG",5,"targetscan","MIMAT0004517","hsa-miR-106a-3p","TRAT1","50852","ENSG00000163519","-0.247","predicted"
3,"hsa-miR-106a-3p","UGCAAUG",5,"targetscan","MIMAT0004517","hsa-miR-106a-3p","ZNF813","126017","ENSG00000198346","-0.248","predicted"
3,"hsa-miR-106a-3p","UGCAAUG",5,"targetscan","MIMAT0004517","hsa-miR-106a-3p","SPPL2C","162540","ENSG00000185294","-0.248","predicted"
3,"hsa-miR-106a-3p","UGCAAUG",5,"targetscan","MIMAT0004517","hsa-miR-106a-3p","IFT43","112752","ENSG00000119650","-0.248","predicted"
3,"hsa-miR-106a-3p","UGCAAUG",5,"targetscan","MIMAT0004517","hsa-miR-106a-3p","EVI2B","2124","ENSG00000185862","-0.249","predicted"
3,"hsa-miR-106a-3p","UGCAAUG",5,"targetscan","MIMAT0004517","hsa-miR-106a-3p","MEF2C","4208","ENSG00000081189","-0.249","predicted"
3,"hsa-miR-106a-3p","UGCAAUG",5,"targetscan","MIMAT0004517","hsa-miR-106a-3p","SFXN1","94081","ENSG00000164466","-0.249","predicted"
3,"hsa-miR-106a-3p","UGCAAUG",5,"targetscan","MIMAT0004517","hsa-miR-106a-3p","C7orf76","401388","ENSG00000197851","-0.249","predicted"
3,"hsa-miR-106a-3p","UGCAAUG",5,"targetscan","MIMAT0004517","hsa-miR-106a-3p","UQCRFS1","7386","ENSG00000169021","-0.249","predicted"
3,"hsa-miR-106a-3p","UGCAAUG",5,"targetscan","MIMAT0004517","hsa-miR-106a-3p","LRRFIP1","9208","ENSG00000124831","-0.25","predicted"
3,"hsa-miR-106a-3p","UGCAAUG",5,"targetscan","MIMAT0004517","hsa-miR-106a-3p","ZNF425","155054","ENSG00000204947","-0.25","predicted"
3,"hsa-miR-106a-3p","UGCAAUG",5,"targetscan","MIMAT0004517","hsa-miR-106a-3p","PHF11","51131","ENSG00000136147","-0.25","predicted"
3,"hsa-miR-106a-3p","UGCAAUG",5,"targetscan","MIMAT0004517","hsa-miR-106a-3p","LETM2","137994","ENSG00000165046","-0.25","predicted"
3,"hsa-miR-106a-3p","UGCAAUG",5,"targetscan","MIMAT0004517","hsa-miR-106a-3p","LINC01560","","ENSG00000196741","-0.25","predicted"
3,"hsa-miR-106a-3p","UGCAAUG",5,"targetscan","MIMAT0004517","hsa-miR-106a-3p","AP000889.3","","ENSG00000268467","-0.25","predicted"
3,"hsa-miR-106a-3p","UGCAAUG",5,"targetscan","MIMAT0004517","hsa-miR-106a-3p","FAM111A","63901","ENSG00000166801","-0.251","predicted"
3,"hsa-miR-106a-3p","UGCAAUG",5,"targetscan","MIMAT0004517","hsa-miR-106a-3p","SPTSSA","171546","ENSG00000165389","-0.251","predicted"
3,"hsa-miR-106a-3p","UGCAAUG",5,"targetscan","MIMAT0004517","hsa-miR-106a-3p","ZNF583","147949","ENSG00000198440","-0.251","predicted"
3,"hsa-miR-106a-3p","UGCAAUG",5,"targetscan","MIMAT0004517","hsa-miR-106a-3p","PEX3","8504","ENSG00000034693","-0.251","predicted"
3,"hsa-miR-106a-3p","UGCAAUG",5,"targetscan","MIMAT0004517","hsa-miR-106a-3p","OTUD6B","51633","ENSG00000155100","-0.251","predicted"
3,"hsa-miR-106a-3p","UGCAAUG",5,"targetscan","MIMAT0004517","hsa-miR-106a-3p","ACTR10","55860","ENSG00000131966","-0.251","predicted"
3,"hsa-miR-106a-3p","UGCAAUG",5,"targetscan","MIMAT0004517","hsa-miR-106a-3p","NDUFV3","4731","ENSG00000160194","-0.252","predicted"
3,"hsa-miR-106a-3p","UGCAAUG",5,"targetscan","MIMAT0004517","hsa-miR-106a-3p","SRD5A1","6715","ENSG00000145545","-0.252","predicted"
3,"hsa-miR-106a-3p","UGCAAUG",5,"targetscan","MIMAT0004517","hsa-miR-106a-3p","AKAIN1","642597","ENSG00000231824","-0.252","predicted"
3,"hsa-miR-106a-3p","UGCAAUG",5,"targetscan","MIMAT0004517","hsa-miR-106a-3p","FKBP1A","2280","ENSG00000088832","-0.253","predicted"
3,"hsa-miR-106a-3p","UGCAAUG",5,"targetscan","MIMAT0004517","hsa-miR-106a-3p","IGF1","3479","ENSG00000017427","-0.253","predicted"
3,"hsa-miR-106a-3p","UGCAAUG",5,"targetscan","MIMAT0004517","hsa-miR-106a-3p","H2AC13","8329","ENSG00000196747","-0.253","predicted"
3,"hsa-miR-106a-3p","UGCAAUG",5,"targetscan","MIMAT0004517","hsa-miR-106a-3p","ANKRD39","51239","ENSG00000213337","-0.254","predicted"
3,"hsa-miR-106a-3p","UGCAAUG",5,"targetscan","MIMAT0004517","hsa-miR-106a-3p","NDUFA5","4698","ENSG00000128609","-0.255","predicted"
3,"hsa-miR-106a-3p","UGCAAUG",5,"targetscan","MIMAT0004517","hsa-miR-106a-3p","IFNE","338376","ENSG00000184995","-0.255","predicted"
3,"hsa-miR-106a-3p","UGCAAUG",5,"targetscan","MIMAT0004517","hsa-miR-106a-3p","LYSET","26175","ENSG00000153485","-0.255","predicted"
3,"hsa-miR-106a-3p","UGCAAUG",5,"targetscan","MIMAT0004517","hsa-miR-106a-3p","RAB23","51715","ENSG00000112210","-0.256","predicted"
3,"hsa-miR-106a-3p","UGCAAUG",5,"targetscan","MIMAT0004517","hsa-miR-106a-3p","PLSCR2","57047","ENSG00000163746","-0.256","predicted"
3,"hsa-miR-106a-3p","UGCAAUG",5,"targetscan","MIMAT0004517","hsa-miR-106a-3p","ZNF680","340252","ENSG00000173041","-0.257","predicted"
3,"hsa-miR-106a-3p","UGCAAUG",5,"targetscan","MIMAT0004517","hsa-miR-106a-3p","CAPN14","440854","ENSG00000214711","-0.257","predicted"
3,"hsa-miR-106a-3p","UGCAAUG",5,"targetscan","MIMAT0004517","hsa-miR-106a-3p","RPS21","6227","ENSG00000171858","-0.257","predicted"
3,"hsa-miR-106a-3p","UGCAAUG",5,"targetscan","MIMAT0004517","hsa-miR-106a-3p","FGGY","55277","ENSG00000172456","-0.258","predicted"
3,"hsa-miR-106a-3p","UGCAAUG",5,"targetscan","MIMAT0004517","hsa-miR-106a-3p","SENP6","26054","ENSG00000112701","-0.258","predicted"
3,"hsa-miR-106a-3p","UGCAAUG",5,"targetscan","MIMAT0004517","hsa-miR-106a-3p","EPC2","26122","ENSG00000135999","-0.258","predicted"
3,"hsa-miR-106a-3p","UGCAAUG",5,"targetscan","MIMAT0004517","hsa-miR-106a-3p","MAGED1","9500","ENSG00000179222","-0.259","predicted"
3,"hsa-miR-106a-3p","UGCAAUG",5,"targetscan","MIMAT0004517","hsa-miR-106a-3p","SELENOT","51714","ENSG00000198843","-0.259","predicted"
3,"hsa-miR-106a-3p","UGCAAUG",5,"targetscan","MIMAT0004517","hsa-miR-106a-3p","FKBP1C","642489","ENSG00000198225","-0.259","predicted"
3,"hsa-miR-106a-3p","UGCAAUG",5,"targetscan","MIMAT0004517","hsa-miR-106a-3p","ZNF85","7639","ENSG00000105750","-0.26","predicted"
3,"hsa-miR-106a-3p","UGCAAUG",5,"targetscan","MIMAT0004517","hsa-miR-106a-3p","ZNF28","7576","ENSG00000198538","-0.261","predicted"
3,"hsa-miR-106a-3p","UGCAAUG",5,"targetscan","MIMAT0004517","hsa-miR-106a-3p","GNB5","10681","ENSG00000069966","-0.261","predicted"
3,"hsa-miR-106a-3p","UGCAAUG",5,"targetscan","MIMAT0004517","hsa-miR-106a-3p","TRIM7","81786","ENSG00000146054","-0.261","predicted"
3,"hsa-miR-106a-3p","UGCAAUG",5,"targetscan","MIMAT0004517","hsa-miR-106a-3p","SLC39A12","221074","ENSG00000148482","-0.261","predicted"
3,"hsa-miR-106a-3p","UGCAAUG",5,"targetscan","MIMAT0004517","hsa-miR-106a-3p","SLC13A1","6561","ENSG00000081800","-0.261","predicted"
3,"hsa-miR-106a-3p","UGCAAUG",5,"targetscan","MIMAT0004517","hsa-miR-106a-3p","MMRN1","22915","ENSG00000138722","-0.262","predicted"
3,"hsa-miR-106a-3p","UGCAAUG",5,"targetscan","MIMAT0004517","hsa-miR-106a-3p","ADCYAP1","116","ENSG00000141433","-0.262","predicted"
3,"hsa-miR-106a-3p","UGCAAUG",5,"targetscan","MIMAT0004517","hsa-miR-106a-3p","SEC16A","9919","ENSG00000148396","-0.263","predicted"
3,"hsa-miR-106a-3p","UGCAAUG",5,"targetscan","MIMAT0004517","hsa-miR-106a-3p","BLOC1S4","55330","ENSG00000186222","-0.263","predicted"
3,"hsa-miR-106a-3p","UGCAAUG",5,"targetscan","MIMAT0004517","hsa-miR-106a-3p","HAPSTR1","29035","ENSG00000182831","-0.263","predicted"
3,"hsa-miR-106a-3p","UGCAAUG",5,"targetscan","MIMAT0004517","hsa-miR-106a-3p","HDHD2","84064","ENSG00000167220","-0.264","predicted"
3,"hsa-miR-106a-3p","UGCAAUG",5,"targetscan","MIMAT0004517","hsa-miR-106a-3p","TRMT1L","81627","ENSG00000121486","-0.264","predicted"
3,"hsa-miR-106a-3p","UGCAAUG",5,"targetscan","MIMAT0004517","hsa-miR-106a-3p","CCR8","1237","ENSG00000179934","-0.265","predicted"
3,"hsa-miR-106a-3p","UGCAAUG",5,"targetscan","MIMAT0004517","hsa-miR-106a-3p","HMGB1","3146","ENSG00000189403","-0.267","predicted"
3,"hsa-miR-106a-3p","UGCAAUG",5,"targetscan","MIMAT0004517","hsa-miR-106a-3p","NUMB","8650","ENSG00000133961","-0.267","predicted"
3,"hsa-miR-106a-3p","UGCAAUG",5,"targetscan","MIMAT0004517","hsa-miR-106a-3p","DUSP28","285193","ENSG00000188542","-0.267","predicted"
3,"hsa-miR-106a-3p","UGCAAUG",5,"targetscan","MIMAT0004517","hsa-miR-106a-3p","PRMT6","55170","ENSG00000198890","-0.267","predicted"
3,"hsa-miR-106a-3p","UGCAAUG",5,"targetscan","MIMAT0004517","hsa-miR-106a-3p","LALBA","3906","ENSG00000167531","-0.268","predicted"
3,"hsa-miR-106a-3p","UGCAAUG",5,"targetscan","MIMAT0004517","hsa-miR-106a-3p","CSN3","1448","ENSG00000171209","-0.271","predicted"
3,"hsa-miR-106a-3p","UGCAAUG",5,"targetscan","MIMAT0004517","hsa-miR-106a-3p","ZFYVE28","57732","ENSG00000159733","-0.271","predicted"
3,"hsa-miR-106a-3p","UGCAAUG",5,"targetscan","MIMAT0004517","hsa-miR-106a-3p","IMP4","92856","ENSG00000136718","-0.271","predicted"
3,"hsa-miR-106a-3p","UGCAAUG",5,"targetscan","MIMAT0004517","hsa-miR-106a-3p","CCDC90B","60492","ENSG00000137500","-0.271","predicted"
3,"hsa-miR-106a-3p","UGCAAUG",5,"targetscan","MIMAT0004517","hsa-miR-106a-3p","TUBB2B","347733","ENSG00000137285","-0.272","predicted"
3,"hsa-miR-106a-3p","UGCAAUG",5,"targetscan","MIMAT0004517","hsa-miR-106a-3p","SMIM9","100132963","ENSG00000203870","-0.272","predicted"
3,"hsa-miR-106a-3p","UGCAAUG",5,"targetscan","MIMAT0004517","hsa-miR-106a-3p","RNASE4","6038","ENSG00000258818","-0.273","predicted"
3,"hsa-miR-106a-3p","UGCAAUG",5,"targetscan","MIMAT0004517","hsa-miR-106a-3p","TOMM40L","84134","ENSG00000158882","-0.273","predicted"
3,"hsa-miR-106a-3p","UGCAAUG",5,"targetscan","MIMAT0004517","hsa-miR-106a-3p","CBFB","865","ENSG00000067955","-0.274","predicted"
3,"hsa-miR-106a-3p","UGCAAUG",5,"targetscan","MIMAT0004517","hsa-miR-106a-3p","XIAP","331","ENSG00000101966","-0.274","predicted"
3,"hsa-miR-106a-3p","UGCAAUG",5,"targetscan","MIMAT0004517","hsa-miR-106a-3p","INSL5","10022","ENSG00000172410","-0.274","predicted"
3,"hsa-miR-106a-3p","UGCAAUG",5,"targetscan","MIMAT0004517","hsa-miR-106a-3p","FYTTD1","84248","ENSG00000122068","-0.274","predicted"
3,"hsa-miR-106a-3p","UGCAAUG",5,"targetscan","MIMAT0004517","hsa-miR-106a-3p","SPHKAP","80309","ENSG00000153820","-0.274","predicted"
3,"hsa-miR-106a-3p","UGCAAUG",5,"targetscan","MIMAT0004517","hsa-miR-106a-3p","HS3ST1","9957","ENSG00000002587","-0.274","predicted"
3,"hsa-miR-106a-3p","UGCAAUG",5,"targetscan","MIMAT0004517","hsa-miR-106a-3p","COX5B","1329","ENSG00000135940","-0.274","predicted"
3,"hsa-miR-106a-3p","UGCAAUG",5,"targetscan","MIMAT0004517","hsa-miR-106a-3p","HERC5","51191","ENSG00000138646","-0.275","predicted"
3,"hsa-miR-106a-3p","UGCAAUG",5,"targetscan","MIMAT0004517","hsa-miR-106a-3p","LSM7","51690","ENSG00000130332","-0.275","predicted"
3,"hsa-miR-106a-3p","UGCAAUG",5,"targetscan","MIMAT0004517","hsa-miR-106a-3p","MCOLN3","55283","ENSG00000055732","-0.275","predicted"
3,"hsa-miR-106a-3p","UGCAAUG",5,"targetscan","MIMAT0004517","hsa-miR-106a-3p","ADGRF5","221395","ENSG00000069122","-0.275","predicted"
3,"hsa-miR-106a-3p","UGCAAUG",5,"targetscan","MIMAT0004517","hsa-miR-106a-3p","NDRG3","57446","ENSG00000101079","-0.276","predicted"
3,"hsa-miR-106a-3p","UGCAAUG",5,"targetscan","MIMAT0004517","hsa-miR-106a-3p","C18orf63","644041","ENSG00000206043","-0.276","predicted"
3,"hsa-miR-106a-3p","UGCAAUG",5,"targetscan","MIMAT0004517","hsa-miR-106a-3p","CLDN23","137075","ENSG00000253958","-0.276","predicted"
3,"hsa-miR-106a-3p","UGCAAUG",5,"targetscan","MIMAT0004517","hsa-miR-106a-3p","SAP30","8819","ENSG00000164105","-0.277","predicted"
3,"hsa-miR-106a-3p","UGCAAUG",5,"targetscan","MIMAT0004517","hsa-miR-106a-3p","MFSD6L","162387","ENSG00000185156","-0.277","predicted"
3,"hsa-miR-106a-3p","UGCAAUG",5,"targetscan","MIMAT0004517","hsa-miR-106a-3p","EPB41L4B","54566","ENSG00000095203","-0.278","predicted"
3,"hsa-miR-106a-3p","UGCAAUG",5,"targetscan","MIMAT0004517","hsa-miR-106a-3p","ARL6IP6","151188","ENSG00000177917","-0.279","predicted"
3,"hsa-miR-106a-3p","UGCAAUG",5,"targetscan","MIMAT0004517","hsa-miR-106a-3p","DNAH10OS","642797","ENSG00000250091","-0.279","predicted"
3,"hsa-miR-106a-3p","UGCAAUG",5,"targetscan","MIMAT0004517","hsa-miR-106a-3p","ZNF823","55552","ENSG00000197933","-0.281","predicted"
3,"hsa-miR-106a-3p","UGCAAUG",5,"targetscan","MIMAT0004517","hsa-miR-106a-3p","C6orf120","387263","ENSG00000185127","-0.281","predicted"
3,"hsa-miR-106a-3p","UGCAAUG",5,"targetscan","MIMAT0004517","hsa-miR-106a-3p","FBXL2","25827","ENSG00000153558","-0.282","predicted"
3,"hsa-miR-106a-3p","UGCAAUG",5,"targetscan","MIMAT0004517","hsa-miR-106a-3p","CDKL4","344387","ENSG00000205111","-0.282","predicted"
3,"hsa-miR-106a-3p","UGCAAUG",5,"targetscan","MIMAT0004517","hsa-miR-106a-3p","ACAT1","38","ENSG00000075239","-0.283","predicted"
3,"hsa-miR-106a-3p","UGCAAUG",5,"targetscan","MIMAT0004517","hsa-miR-106a-3p","PTBP3","9991","ENSG00000119314","-0.284","predicted"
3,"hsa-miR-106a-3p","UGCAAUG",5,"targetscan","MIMAT0004517","hsa-miR-106a-3p","RAB6C","84084","ENSG00000222014","-0.285","predicted"
3,"hsa-miR-106a-3p","UGCAAUG",5,"targetscan","MIMAT0004517","hsa-miR-106a-3p","STATH","6779","ENSG00000126549","-0.285","predicted"
3,"hsa-miR-106a-3p","UGCAAUG",5,"targetscan","MIMAT0004517","hsa-miR-106a-3p","PCDHB2","56133","ENSG00000112852","-0.286","predicted"
3,"hsa-miR-106a-3p","UGCAAUG",5,"targetscan","MIMAT0004517","hsa-miR-106a-3p","BTG1","694","ENSG00000133639","-0.287","predicted"
3,"hsa-miR-106a-3p","UGCAAUG",5,"targetscan","MIMAT0004517","hsa-miR-106a-3p","AKAP10","11216","ENSG00000108599","-0.287","predicted"
3,"hsa-miR-106a-3p","UGCAAUG",5,"targetscan","MIMAT0004517","hsa-miR-106a-3p","FMN2","56776","ENSG00000155816","-0.288","predicted"
3,"hsa-miR-106a-3p","UGCAAUG",5,"targetscan","MIMAT0004517","hsa-miR-106a-3p","","","ENSG00000269514","-0.288","predicted"
3,"hsa-miR-106a-3p","UGCAAUG",5,"targetscan","MIMAT0004517","hsa-miR-106a-3p","IDH3A","3419","ENSG00000166411","-0.289","predicted"
3,"hsa-miR-106a-3p","UGCAAUG",5,"targetscan","MIMAT0004517","hsa-miR-106a-3p","CCDC43","124808","ENSG00000180329","-0.29","predicted"
3,"hsa-miR-106a-3p","UGCAAUG",5,"targetscan","MIMAT0004517","hsa-miR-106a-3p","RPS20","6224","ENSG00000008988","-0.29","predicted"
3,"hsa-miR-106a-3p","UGCAAUG",5,"targetscan","MIMAT0004517","hsa-miR-106a-3p","RPS23","6228","ENSG00000186468","-0.29","predicted"
3,"hsa-miR-106a-3p","UGCAAUG",5,"targetscan","MIMAT0004517","hsa-miR-106a-3p","AFM","173","ENSG00000079557","-0.29","predicted"
3,"hsa-miR-106a-3p","UGCAAUG",5,"targetscan","MIMAT0004517","hsa-miR-106a-3p","HDX","139324","ENSG00000165259","-0.29","predicted"
3,"hsa-miR-106a-3p","UGCAAUG",5,"targetscan","MIMAT0004517","hsa-miR-106a-3p","LECT2","3950","ENSG00000145826","-0.29","predicted"
3,"hsa-miR-106a-3p","UGCAAUG",5,"targetscan","MIMAT0004517","hsa-miR-106a-3p","SCARB1","949","ENSG00000073060","-0.291","predicted"
3,"hsa-miR-106a-3p","UGCAAUG",5,"targetscan","MIMAT0004517","hsa-miR-106a-3p","CNTD1","124817","ENSG00000176563","-0.291","predicted"
3,"hsa-miR-106a-3p","UGCAAUG",5,"targetscan","MIMAT0004517","hsa-miR-106a-3p","KCTD14","65987","ENSG00000151364","-0.292","predicted"
3,"hsa-miR-106a-3p","UGCAAUG",5,"targetscan","MIMAT0004517","hsa-miR-106a-3p","KRT26","353288","ENSG00000186393","-0.292","predicted"
3,"hsa-miR-106a-3p","UGCAAUG",5,"targetscan","MIMAT0004517","hsa-miR-106a-3p","ZNF599","148103","ENSG00000153896","-0.293","predicted"
3,"hsa-miR-106a-3p","UGCAAUG",5,"targetscan","MIMAT0004517","hsa-miR-106a-3p","SLFN12L","100506736","ENSG00000205045","-0.293","predicted"
3,"hsa-miR-106a-3p","UGCAAUG",5,"targetscan","MIMAT0004517","hsa-miR-106a-3p","ACSM6","142827","ENSG00000173124","-0.293","predicted"
3,"hsa-miR-106a-3p","UGCAAUG",5,"targetscan","MIMAT0004517","hsa-miR-106a-3p","NDEL1","81565","ENSG00000166579","-0.294","predicted"
3,"hsa-miR-106a-3p","UGCAAUG",5,"targetscan","MIMAT0004517","hsa-miR-106a-3p","C5orf47","133491","ENSG00000185056","-0.295","predicted"
3,"hsa-miR-106a-3p","UGCAAUG",5,"targetscan","MIMAT0004517","hsa-miR-106a-3p","TAS2R10","50839","ENSG00000121318","-0.296","predicted"
3,"hsa-miR-106a-3p","UGCAAUG",5,"targetscan","MIMAT0004517","hsa-miR-106a-3p","HECTD2","143279","ENSG00000165338","-0.296","predicted"
3,"hsa-miR-106a-3p","UGCAAUG",5,"targetscan","MIMAT0004517","hsa-miR-106a-3p","ZBTB44","29068","ENSG00000196323","-0.296","predicted"
3,"hsa-miR-106a-3p","UGCAAUG",5,"targetscan","MIMAT0004517","hsa-miR-106a-3p","PTER","9317","ENSG00000165983","-0.297","predicted"
3,"hsa-miR-106a-3p","UGCAAUG",5,"targetscan","MIMAT0004517","hsa-miR-106a-3p","POLR2K","5440","ENSG00000147669","-0.298","predicted"
3,"hsa-miR-106a-3p","UGCAAUG",5,"targetscan","MIMAT0004517","hsa-miR-106a-3p","TPM3","7170","ENSG00000143549","-0.298","predicted"
3,"hsa-miR-106a-3p","UGCAAUG",5,"targetscan","MIMAT0004517","hsa-miR-106a-3p","IPO5","3843","ENSG00000065150","-0.298","predicted"
3,"hsa-miR-106a-3p","UGCAAUG",5,"targetscan","MIMAT0004517","hsa-miR-106a-3p","UTP14A","10813","ENSG00000156697","-0.299","predicted"
3,"hsa-miR-106a-3p","UGCAAUG",5,"targetscan","MIMAT0004517","hsa-miR-106a-3p","EMCN","51705","ENSG00000164035","-0.299","predicted"
3,"hsa-miR-106a-3p","UGCAAUG",5,"targetscan","MIMAT0004517","hsa-miR-106a-3p","CLEC17A","388512","ENSG00000187912","-0.299","predicted"
3,"hsa-miR-106a-3p","UGCAAUG",5,"targetscan","MIMAT0004517","hsa-miR-106a-3p","RAB40A","142684","ENSG00000172476","-0.3","predicted"
3,"hsa-miR-106a-3p","UGCAAUG",5,"targetscan","MIMAT0004517","hsa-miR-106a-3p","MDFIC","29969","ENSG00000135272","-0.302","predicted"
3,"hsa-miR-106a-3p","UGCAAUG",5,"targetscan","MIMAT0004517","hsa-miR-106a-3p","SRPK2","6733","ENSG00000135250","-0.302","predicted"
3,"hsa-miR-106a-3p","UGCAAUG",5,"targetscan","MIMAT0004517","hsa-miR-106a-3p","MGARP","84709","ENSG00000137463","-0.302","predicted"
3,"hsa-miR-106a-3p","UGCAAUG",5,"targetscan","MIMAT0004517","hsa-miR-106a-3p","RPS12","6206","ENSG00000112306","-0.303","predicted"
3,"hsa-miR-106a-3p","UGCAAUG",5,"targetscan","MIMAT0004517","hsa-miR-106a-3p","C15orf40","123207","ENSG00000169609","-0.303","predicted"
3,"hsa-miR-106a-3p","UGCAAUG",5,"targetscan","MIMAT0004517","hsa-miR-106a-3p","MCM3","4172","ENSG00000112118","-0.304","predicted"
3,"hsa-miR-106a-3p","UGCAAUG",5,"targetscan","MIMAT0004517","hsa-miR-106a-3p","SPTSSB","165679","ENSG00000196542","-0.304","predicted"
3,"hsa-miR-106a-3p","UGCAAUG",5,"targetscan","MIMAT0004517","hsa-miR-106a-3p","MARCHF9","92979","ENSG00000139266","-0.304","predicted"
3,"hsa-miR-106a-3p","UGCAAUG",5,"targetscan","MIMAT0004517","hsa-miR-106a-3p","BAAT","570","ENSG00000136881","-0.305","predicted"
3,"hsa-miR-106a-3p","UGCAAUG",5,"targetscan","MIMAT0004517","hsa-miR-106a-3p","NDUFC2-KCTD14","100532726","ENSG00000259112","-0.306","predicted"
3,"hsa-miR-106a-3p","UGCAAUG",5,"targetscan","MIMAT0004517","hsa-miR-106a-3p","PEX2","5828","ENSG00000164751","-0.307","predicted"
3,"hsa-miR-106a-3p","UGCAAUG",5,"targetscan","MIMAT0004517","hsa-miR-106a-3p","GJA4","2701","ENSG00000187513","-0.307","predicted"
3,"hsa-miR-106a-3p","UGCAAUG",5,"targetscan","MIMAT0004517","hsa-miR-106a-3p","COX6C","1345","ENSG00000164919","-0.307","predicted"
3,"hsa-miR-106a-3p","UGCAAUG",5,"targetscan","MIMAT0004517","hsa-miR-106a-3p","HSPA8","3312","ENSG00000109971","-0.308","predicted"
3,"hsa-miR-106a-3p","UGCAAUG",5,"targetscan","MIMAT0004517","hsa-miR-106a-3p","TMEM50B","757","ENSG00000142188","-0.309","predicted"
3,"hsa-miR-106a-3p","UGCAAUG",5,"targetscan","MIMAT0004517","hsa-miR-106a-3p","ADAM7","8756","ENSG00000069206","-0.309","predicted"
3,"hsa-miR-106a-3p","UGCAAUG",5,"targetscan","MIMAT0004517","hsa-miR-106a-3p","THAP1","55145","ENSG00000131931","-0.311","predicted"
3,"hsa-miR-106a-3p","UGCAAUG",5,"targetscan","MIMAT0004517","hsa-miR-106a-3p","","6038","ENSG00000259171","-0.312","predicted"
3,"hsa-miR-106a-3p","UGCAAUG",5,"targetscan","MIMAT0004517","hsa-miR-106a-3p","B4GALT6","9331","ENSG00000118276","-0.313","predicted"
3,"hsa-miR-106a-3p","UGCAAUG",5,"targetscan","MIMAT0004517","hsa-miR-106a-3p","C5AR1","728","ENSG00000197405","-0.314","predicted"
3,"hsa-miR-106a-3p","UGCAAUG",5,"targetscan","MIMAT0004517","hsa-miR-106a-3p","SLCO1B1","10599","ENSG00000134538","-0.314","predicted"
3,"hsa-miR-106a-3p","UGCAAUG",5,"targetscan","MIMAT0004517","hsa-miR-106a-3p","TSLP","85480","ENSG00000145777","-0.314","predicted"
3,"hsa-miR-106a-3p","UGCAAUG",5,"targetscan","MIMAT0004517","hsa-miR-106a-3p","ACBD7","414149","ENSG00000176244","-0.315","predicted"
3,"hsa-miR-106a-3p","UGCAAUG",5,"targetscan","MIMAT0004517","hsa-miR-106a-3p","PCDHB5","26167","ENSG00000113209","-0.315","predicted"
3,"hsa-miR-106a-3p","UGCAAUG",5,"targetscan","MIMAT0004517","hsa-miR-106a-3p","GNPTG","84572","ENSG00000090581","-0.315","predicted"
3,"hsa-miR-106a-3p","UGCAAUG",5,"targetscan","MIMAT0004517","hsa-miR-106a-3p","KCTD10","83892","ENSG00000110906","-0.316","predicted"
3,"hsa-miR-106a-3p","UGCAAUG",5,"targetscan","MIMAT0004517","hsa-miR-106a-3p","SLAIN1","122060","ENSG00000139737","-0.316","predicted"
3,"hsa-miR-106a-3p","UGCAAUG",5,"targetscan","MIMAT0004517","hsa-miR-106a-3p","KARS1","3735","ENSG00000065427","-0.316","predicted"
3,"hsa-miR-106a-3p","UGCAAUG",5,"targetscan","MIMAT0004517","hsa-miR-106a-3p","TNFSF4","7292","ENSG00000117586","-0.317","predicted"
3,"hsa-miR-106a-3p","UGCAAUG",5,"targetscan","MIMAT0004517","hsa-miR-106a-3p","ZNF709","163051","ENSG00000242852","-0.317","predicted"
3,"hsa-miR-106a-3p","UGCAAUG",5,"targetscan","MIMAT0004517","hsa-miR-106a-3p","QPRT","23475","ENSG00000103485","-0.318","predicted"
3,"hsa-miR-106a-3p","UGCAAUG",5,"targetscan","MIMAT0004517","hsa-miR-106a-3p","SLC22A17","51310","ENSG00000092096","-0.32","predicted"
3,"hsa-miR-106a-3p","UGCAAUG",5,"targetscan","MIMAT0004517","hsa-miR-106a-3p","MRPL50","54534","ENSG00000136897","-0.321","predicted"
3,"hsa-miR-106a-3p","UGCAAUG",5,"targetscan","MIMAT0004517","hsa-miR-106a-3p","MSC","9242","ENSG00000178860","-0.321","predicted"
3,"hsa-miR-106a-3p","UGCAAUG",5,"targetscan","MIMAT0004517","hsa-miR-106a-3p","ZNF701","55762","ENSG00000167562","-0.322","predicted"
3,"hsa-miR-106a-3p","UGCAAUG",5,"targetscan","MIMAT0004517","hsa-miR-106a-3p","DSCR8","84677","ENSG00000198054","-0.322","predicted"
3,"hsa-miR-106a-3p","UGCAAUG",5,"targetscan","MIMAT0004517","hsa-miR-106a-3p","ZNF273","10793","ENSG00000198039","-0.323","predicted"
3,"hsa-miR-106a-3p","UGCAAUG",5,"targetscan","MIMAT0004517","hsa-miR-106a-3p","BCL2L13","23786","ENSG00000099968","-0.323","predicted"
3,"hsa-miR-106a-3p","UGCAAUG",5,"targetscan","MIMAT0004517","hsa-miR-106a-3p","ZDHHC2","51201","ENSG00000104219","-0.324","predicted"
3,"hsa-miR-106a-3p","UGCAAUG",5,"targetscan","MIMAT0004517","hsa-miR-106a-3p","CA13","377677","ENSG00000185015","-0.324","predicted"
3,"hsa-miR-106a-3p","UGCAAUG",5,"targetscan","MIMAT0004517","hsa-miR-106a-3p","GOT2","2806","ENSG00000125166","-0.324","predicted"
3,"hsa-miR-106a-3p","UGCAAUG",5,"targetscan","MIMAT0004517","hsa-miR-106a-3p","PIK3R3","8503","ENSG00000117461","-0.325","predicted"
3,"hsa-miR-106a-3p","UGCAAUG",5,"targetscan","MIMAT0004517","hsa-miR-106a-3p","CYB5R1","51706","ENSG00000159348","-0.325","predicted"
3,"hsa-miR-106a-3p","UGCAAUG",5,"targetscan","MIMAT0004517","hsa-miR-106a-3p","ZNF473","25888","ENSG00000142528","-0.326","predicted"
3,"hsa-miR-106a-3p","UGCAAUG",5,"targetscan","MIMAT0004517","hsa-miR-106a-3p","MGST1","4257","ENSG00000008394","-0.328","predicted"
3,"hsa-miR-106a-3p","UGCAAUG",5,"targetscan","MIMAT0004517","hsa-miR-106a-3p","DNAAF8","146562","ENSG00000166246","-0.329","predicted"
3,"hsa-miR-106a-3p","UGCAAUG",5,"targetscan","MIMAT0004517","hsa-miR-106a-3p","STX11","8676","ENSG00000135604","-0.33","predicted"
3,"hsa-miR-106a-3p","UGCAAUG",5,"targetscan","MIMAT0004517","hsa-miR-106a-3p","UBC","7316","ENSG00000150991","-0.33","predicted"
3,"hsa-miR-106a-3p","UGCAAUG",5,"targetscan","MIMAT0004517","hsa-miR-106a-3p","SRRM1","10250","ENSG00000133226","-0.33","predicted"
3,"hsa-miR-106a-3p","UGCAAUG",5,"targetscan","MIMAT0004517","hsa-miR-106a-3p","ZNF816","125893","ENSG00000180257","-0.333","predicted"
3,"hsa-miR-106a-3p","UGCAAUG",5,"targetscan","MIMAT0004517","hsa-miR-106a-3p","","","ENSG00000255384","-0.335","predicted"
3,"hsa-miR-106a-3p","UGCAAUG",5,"targetscan","MIMAT0004517","hsa-miR-106a-3p","CRLF3","51379","ENSG00000176390","-0.336","predicted"
3,"hsa-miR-106a-3p","UGCAAUG",5,"targetscan","MIMAT0004517","hsa-miR-106a-3p","TMEM242","729515","ENSG00000215712","-0.336","predicted"
3,"hsa-miR-106a-3p","UGCAAUG",5,"targetscan","MIMAT0004517","hsa-miR-106a-3p","C12orf75","387882","ENSG00000235162","-0.338","predicted"
3,"hsa-miR-106a-3p","UGCAAUG",5,"targetscan","MIMAT0004517","hsa-miR-106a-3p","SLC9B2","133308","ENSG00000164038","-0.338","predicted"
3,"hsa-miR-106a-3p","UGCAAUG",5,"targetscan","MIMAT0004517","hsa-miR-106a-3p","ISL1","3670","ENSG00000016082","-0.339","predicted"
3,"hsa-miR-106a-3p","UGCAAUG",5,"targetscan","MIMAT0004517","hsa-miR-106a-3p","MFAP5","8076","ENSG00000197614","-0.34","predicted"
3,"hsa-miR-106a-3p","UGCAAUG",5,"targetscan","MIMAT0004517","hsa-miR-106a-3p","CCAR1","55749","ENSG00000060339","-0.341","predicted"
3,"hsa-miR-106a-3p","UGCAAUG",5,"targetscan","MIMAT0004517","hsa-miR-106a-3p","AMIGO2","347902","ENSG00000139211","-0.341","predicted"
3,"hsa-miR-106a-3p","UGCAAUG",5,"targetscan","MIMAT0004517","hsa-miR-106a-3p","GOLT1B","51026","ENSG00000111711","-0.343","predicted"
3,"hsa-miR-106a-3p","UGCAAUG",5,"targetscan","MIMAT0004517","hsa-miR-106a-3p","DDI1","414301","ENSG00000170967","-0.343","predicted"
3,"hsa-miR-106a-3p","UGCAAUG",5,"targetscan","MIMAT0004517","hsa-miR-106a-3p","AMT","275","ENSG00000145020","-0.344","predicted"
3,"hsa-miR-106a-3p","UGCAAUG",5,"targetscan","MIMAT0004517","hsa-miR-106a-3p","ADRB2","154","ENSG00000169252","-0.346","predicted"
3,"hsa-miR-106a-3p","UGCAAUG",5,"targetscan","MIMAT0004517","hsa-miR-106a-3p","CCN4","8840","ENSG00000104415","-0.346","predicted"
3,"hsa-miR-106a-3p","UGCAAUG",5,"targetscan","MIMAT0004517","hsa-miR-106a-3p","PABPC1L2A","340529","ENSG00000186288","-0.348","predicted"
3,"hsa-miR-106a-3p","UGCAAUG",5,"targetscan","MIMAT0004517","hsa-miR-106a-3p","PCLAF","9768","ENSG00000166803","-0.348","predicted"
3,"hsa-miR-106a-3p","UGCAAUG",5,"targetscan","MIMAT0004517","hsa-miR-106a-3p","HIST2H4B","","ENSG00000182217","-0.348","predicted"
3,"hsa-miR-106a-3p","UGCAAUG",5,"targetscan","MIMAT0004517","hsa-miR-106a-3p","ADGRL4","64123","ENSG00000162618","-0.35","predicted"
3,"hsa-miR-106a-3p","UGCAAUG",5,"targetscan","MIMAT0004517","hsa-miR-106a-3p","WDR37","22884","ENSG00000047056","-0.352","predicted"
3,"hsa-miR-106a-3p","UGCAAUG",5,"targetscan","MIMAT0004517","hsa-miR-106a-3p","GLRX","2745","ENSG00000173221","-0.356","predicted"
3,"hsa-miR-106a-3p","UGCAAUG",5,"targetscan","MIMAT0004517","hsa-miR-106a-3p","CARHSP1","23589","ENSG00000153048","-0.356","predicted"
3,"hsa-miR-106a-3p","UGCAAUG",5,"targetscan","MIMAT0004517","hsa-miR-106a-3p","MLANA","2315","ENSG00000120215","-0.356","predicted"
3,"hsa-miR-106a-3p","UGCAAUG",5,"targetscan","MIMAT0004517","hsa-miR-106a-3p","PLD1","5337","ENSG00000075651","-0.357","predicted"
3,"hsa-miR-106a-3p","UGCAAUG",5,"targetscan","MIMAT0004517","hsa-miR-106a-3p","NFYA","4800","ENSG00000001167","-0.358","predicted"
3,"hsa-miR-106a-3p","UGCAAUG",5,"targetscan","MIMAT0004517","hsa-miR-106a-3p","VSTM4","196740","ENSG00000165633","-0.358","predicted"
3,"hsa-miR-106a-3p","UGCAAUG",5,"targetscan","MIMAT0004517","hsa-miR-106a-3p","PLAC8","51316","ENSG00000145287","-0.359","predicted"
3,"hsa-miR-106a-3p","UGCAAUG",5,"targetscan","MIMAT0004517","hsa-miR-106a-3p","KCTD1","284252","ENSG00000134504","-0.36","predicted"
3,"hsa-miR-106a-3p","UGCAAUG",5,"targetscan","MIMAT0004517","hsa-miR-106a-3p","DLX4","1748","ENSG00000108813","-0.361","predicted"
3,"hsa-miR-106a-3p","UGCAAUG",5,"targetscan","MIMAT0004517","hsa-miR-106a-3p","MTERF1","7978","ENSG00000127989","-0.362","predicted"
3,"hsa-miR-106a-3p","UGCAAUG",5,"targetscan","MIMAT0004517","hsa-miR-106a-3p","GINS3","64785","ENSG00000181938","-0.364","predicted"
3,"hsa-miR-106a-3p","UGCAAUG",5,"targetscan","MIMAT0004517","hsa-miR-106a-3p","TAF1","6872","ENSG00000147133","-0.366","predicted"
3,"hsa-miR-106a-3p","UGCAAUG",5,"targetscan","MIMAT0004517","hsa-miR-106a-3p","TMEM70","54968","ENSG00000175606","-0.367","predicted"
3,"hsa-miR-106a-3p","UGCAAUG",5,"targetscan","MIMAT0004517","hsa-miR-106a-3p","RIPPLY3","53820","ENSG00000183145","-0.367","predicted"
3,"hsa-miR-106a-3p","UGCAAUG",5,"targetscan","MIMAT0004517","hsa-miR-106a-3p","DHX33","56919","ENSG00000005100","-0.368","predicted"
3,"hsa-miR-106a-3p","UGCAAUG",5,"targetscan","MIMAT0004517","hsa-miR-106a-3p","DDIAS","220042","ENSG00000165490","-0.368","predicted"
3,"hsa-miR-106a-3p","UGCAAUG",5,"targetscan","MIMAT0004517","hsa-miR-106a-3p","TOP2A","7153","ENSG00000131747","-0.37","predicted"
3,"hsa-miR-106a-3p","UGCAAUG",5,"targetscan","MIMAT0004517","hsa-miR-106a-3p","CDCA5","113130","ENSG00000146670","-0.373","predicted"
3,"hsa-miR-106a-3p","UGCAAUG",5,"targetscan","MIMAT0004517","hsa-miR-106a-3p","PFN2","5217","ENSG00000070087","-0.373","predicted"
3,"hsa-miR-106a-3p","UGCAAUG",5,"targetscan","MIMAT0004517","hsa-miR-106a-3p","RBMX","27316","ENSG00000147274","-0.374","predicted"
3,"hsa-miR-106a-3p","UGCAAUG",5,"targetscan","MIMAT0004517","hsa-miR-106a-3p","NXT2","55916","ENSG00000101888","-0.375","predicted"
3,"hsa-miR-106a-3p","UGCAAUG",5,"targetscan","MIMAT0004517","hsa-miR-106a-3p","MARVELD3","91862","ENSG00000140832","-0.376","predicted"
3,"hsa-miR-106a-3p","UGCAAUG",5,"targetscan","MIMAT0004517","hsa-miR-106a-3p","ACSBG2","81616","ENSG00000130377","-0.376","predicted"
3,"hsa-miR-106a-3p","UGCAAUG",5,"targetscan","MIMAT0004517","hsa-miR-106a-3p","TMEM38B","55151","ENSG00000095209","-0.377","predicted"
3,"hsa-miR-106a-3p","UGCAAUG",5,"targetscan","MIMAT0004517","hsa-miR-106a-3p","CRISP1","167","ENSG00000124812","-0.379","predicted"
3,"hsa-miR-106a-3p","UGCAAUG",5,"targetscan","MIMAT0004517","hsa-miR-106a-3p","CYB5A","1528","ENSG00000166347","-0.39","predicted"
3,"hsa-miR-106a-3p","UGCAAUG",5,"targetscan","MIMAT0004517","hsa-miR-106a-3p","ELSPBP1","64100","ENSG00000169393","-0.392","predicted"
3,"hsa-miR-106a-3p","UGCAAUG",5,"targetscan","MIMAT0004517","hsa-miR-106a-3p","ISL1","3670","ENSG00000016082","-0.395","predicted"
3,"hsa-miR-106a-3p","UGCAAUG",5,"targetscan","MIMAT0004517","hsa-miR-106a-3p","OR5M8","219484","ENSG00000181371","-0.396","predicted"
3,"hsa-miR-106a-3p","UGCAAUG",5,"targetscan","MIMAT0004517","hsa-miR-106a-3p","THEM6","51337","ENSG00000130193","-0.401","predicted"
3,"hsa-miR-106a-3p","UGCAAUG",5,"targetscan","MIMAT0004517","hsa-miR-106a-3p","MRPL33","9553","ENSG00000243147","-0.401","predicted"
3,"hsa-miR-106a-3p","UGCAAUG",5,"targetscan","MIMAT0004517","hsa-miR-106a-3p","ABI3BP","25890","ENSG00000154175","-0.402","predicted"
3,"hsa-miR-106a-3p","UGCAAUG",5,"targetscan","MIMAT0004517","hsa-miR-106a-3p","LPAR1","1902","ENSG00000198121","-0.403","predicted"
3,"hsa-miR-106a-3p","UGCAAUG",5,"targetscan","MIMAT0004517","hsa-miR-106a-3p","BAALC","79870","ENSG00000164929","-0.403","predicted"
3,"hsa-miR-106a-3p","UGCAAUG",5,"targetscan","MIMAT0004517","hsa-miR-106a-3p","RLN2","6019","ENSG00000107014","-0.403","predicted"
3,"hsa-miR-106a-3p","UGCAAUG",5,"targetscan","MIMAT0004517","hsa-miR-106a-3p","LOH12CR2","503693","ENSG00000205791","-0.404","predicted"
3,"hsa-miR-106a-3p","UGCAAUG",5,"targetscan","MIMAT0004517","hsa-miR-106a-3p","PLPPR5","163404","ENSG00000117598","-0.407","predicted"
3,"hsa-miR-106a-3p","UGCAAUG",5,"targetscan","MIMAT0004517","hsa-miR-106a-3p","OMD","4958","ENSG00000127083","-0.413","predicted"
3,"hsa-miR-106a-3p","UGCAAUG",5,"targetscan","MIMAT0004517","hsa-miR-106a-3p","ZNF382","84911","ENSG00000161298","-0.413","predicted"
3,"hsa-miR-106a-3p","UGCAAUG",5,"targetscan","MIMAT0004517","hsa-miR-106a-3p","UQCC6","728568","ENSG00000204954","-0.415","predicted"
3,"hsa-miR-106a-3p","UGCAAUG",5,"targetscan","MIMAT0004517","hsa-miR-106a-3p","GOLPH3","64083","ENSG00000113384","-0.416","predicted"
3,"hsa-miR-106a-3p","UGCAAUG",5,"targetscan","MIMAT0004517","hsa-miR-106a-3p","ZNHIT3","","ENSG00000108278","-0.418","predicted"
3,"hsa-miR-106a-3p","UGCAAUG",5,"targetscan","MIMAT0004517","hsa-miR-106a-3p","RAB28","9364","ENSG00000157869","-0.419","predicted"
3,"hsa-miR-106a-3p","UGCAAUG",5,"targetscan","MIMAT0004517","hsa-miR-106a-3p","SREK1","140890","ENSG00000153914","-0.419","predicted"
3,"hsa-miR-106a-3p","UGCAAUG",5,"targetscan","MIMAT0004517","hsa-miR-106a-3p","PATE4","399968","ENSG00000237353","-0.42","predicted"
3,"hsa-miR-106a-3p","UGCAAUG",5,"targetscan","MIMAT0004517","hsa-miR-106a-3p","NUGGC","389643","ENSG00000189233","-0.421","predicted"
3,"hsa-miR-106a-3p","UGCAAUG",5,"targetscan","MIMAT0004517","hsa-miR-106a-3p","EIF4G3","8672","ENSG00000075151","-0.423","predicted"
3,"hsa-miR-106a-3p","UGCAAUG",5,"targetscan","MIMAT0004517","hsa-miR-106a-3p","C12orf4","57102","ENSG00000047621","-0.423","predicted"
3,"hsa-miR-106a-3p","UGCAAUG",5,"targetscan","MIMAT0004517","hsa-miR-106a-3p","RWDD2A","112611","ENSG00000013392","-0.424","predicted"
3,"hsa-miR-106a-3p","UGCAAUG",5,"targetscan","MIMAT0004517","hsa-miR-106a-3p","IQCK","124152","ENSG00000174628","-0.428","predicted"
3,"hsa-miR-106a-3p","UGCAAUG",5,"targetscan","MIMAT0004517","hsa-miR-106a-3p","GPX8","493869","ENSG00000164294","-0.431","predicted"
3,"hsa-miR-106a-3p","UGCAAUG",5,"targetscan","MIMAT0004517","hsa-miR-106a-3p","TMEM167B","56900","ENSG00000215717","-0.434","predicted"
3,"hsa-miR-106a-3p","UGCAAUG",5,"targetscan","MIMAT0004517","hsa-miR-106a-3p","FBXL12","54850","ENSG00000127452","-0.435","predicted"
3,"hsa-miR-106a-3p","UGCAAUG",5,"targetscan","MIMAT0004517","hsa-miR-106a-3p","CMC2","56942","ENSG00000103121","-0.437","predicted"
3,"hsa-miR-106a-3p","UGCAAUG",5,"targetscan","MIMAT0004517","hsa-miR-106a-3p","FAM136A","84908","ENSG00000035141","-0.44","predicted"
3,"hsa-miR-106a-3p","UGCAAUG",5,"targetscan","MIMAT0004517","hsa-miR-106a-3p","GRK5","2869","ENSG00000198873","-0.44","predicted"
3,"hsa-miR-106a-3p","UGCAAUG",5,"targetscan","MIMAT0004517","hsa-miR-106a-3p","CCDC43","124808","ENSG00000180329","-0.444","predicted"
3,"hsa-miR-106a-3p","UGCAAUG",5,"targetscan","MIMAT0004517","hsa-miR-106a-3p","GRB14","2888","ENSG00000115290","-0.445","predicted"
3,"hsa-miR-106a-3p","UGCAAUG",5,"targetscan","MIMAT0004517","hsa-miR-106a-3p","ATP5F1E","514","ENSG00000124172","-0.446","predicted"
3,"hsa-miR-106a-3p","UGCAAUG",5,"targetscan","MIMAT0004517","hsa-miR-106a-3p","ZFAND6","54469","ENSG00000086666","-0.447","predicted"
3,"hsa-miR-106a-3p","UGCAAUG",5,"targetscan","MIMAT0004517","hsa-miR-106a-3p","TJP2","9414","ENSG00000119139","-0.448","predicted"
3,"hsa-miR-106a-3p","UGCAAUG",5,"targetscan","MIMAT0004517","hsa-miR-106a-3p","ZSCAN31","64288","ENSG00000235109","-0.448","predicted"
3,"hsa-miR-106a-3p","UGCAAUG",5,"targetscan","MIMAT0004517","hsa-miR-106a-3p","GJB6","10804","ENSG00000121742","-0.452","predicted"
3,"hsa-miR-106a-3p","UGCAAUG",5,"targetscan","MIMAT0004517","hsa-miR-106a-3p","CLDN11","5010","ENSG00000013297","-0.454","predicted"
3,"hsa-miR-106a-3p","UGCAAUG",5,"targetscan","MIMAT0004517","hsa-miR-106a-3p","SNCA","6622","ENSG00000145335","-0.456","predicted"
3,"hsa-miR-106a-3p","UGCAAUG",5,"targetscan","MIMAT0004517","hsa-miR-106a-3p","SVOP","55530","ENSG00000166111","-0.46","predicted"
3,"hsa-miR-106a-3p","UGCAAUG",5,"targetscan","MIMAT0004517","hsa-miR-106a-3p","NPVF","64111","ENSG00000105954","-0.472","predicted"
3,"hsa-miR-106a-3p","UGCAAUG",5,"targetscan","MIMAT0004517","hsa-miR-106a-3p","PABPC1","26986","ENSG00000070756","-0.479","predicted"
3,"hsa-miR-106a-3p","UGCAAUG",5,"targetscan","MIMAT0004517","hsa-miR-106a-3p","CMSS1","84319","ENSG00000184220","-0.487","predicted"
3,"hsa-miR-106a-3p","UGCAAUG",5,"targetscan","MIMAT0004517","hsa-miR-106a-3p","CAPZA2","830","ENSG00000198898","-0.49","predicted"
3,"hsa-miR-106a-3p","UGCAAUG",5,"targetscan","MIMAT0004517","hsa-miR-106a-3p","ZNF595","","ENSG00000197701","-0.491","predicted"
3,"hsa-miR-106a-3p","UGCAAUG",5,"targetscan","MIMAT0004517","hsa-miR-106a-3p","ARPC5","10092","ENSG00000162704","-0.496","predicted"
3,"hsa-miR-106a-3p","UGCAAUG",5,"targetscan","MIMAT0004517","hsa-miR-106a-3p","ACRBP","84519","ENSG00000111644","-0.496","predicted"
3,"hsa-miR-106a-3p","UGCAAUG",5,"targetscan","MIMAT0004517","hsa-miR-106a-3p","KRTAP4-12","83755","ENSG00000213416","-0.508","predicted"
3,"hsa-miR-106a-3p","UGCAAUG",5,"targetscan","MIMAT0004517","hsa-miR-106a-3p","PLAC9","219348","ENSG00000189129","-0.515","predicted"
3,"hsa-miR-106a-3p","UGCAAUG",5,"targetscan","MIMAT0004517","hsa-miR-106a-3p","TMEM35B","100506144","ENSG00000243749","-0.516","predicted"
3,"hsa-miR-106a-3p","UGCAAUG",5,"targetscan","MIMAT0004517","hsa-miR-106a-3p","CLEC9A","283420","ENSG00000197992","-0.518","predicted"
3,"hsa-miR-106a-3p","UGCAAUG",5,"targetscan","MIMAT0004517","hsa-miR-106a-3p","ELOC","6921","ENSG00000154582","-0.525","predicted"
3,"hsa-miR-106a-3p","UGCAAUG",5,"targetscan","MIMAT0004517","hsa-miR-106a-3p","PRL","5617","ENSG00000172179","-0.53","predicted"
3,"hsa-miR-106a-3p","UGCAAUG",5,"targetscan","MIMAT0004517","hsa-miR-106a-3p","ODF4","146852","ENSG00000184650","-0.538","predicted"
3,"hsa-miR-106a-3p","UGCAAUG",5,"targetscan","MIMAT0004517","hsa-miR-106a-3p","LINC00239","145200","ENSG00000258512","-0.542","predicted"
3,"hsa-miR-106a-3p","UGCAAUG",5,"targetscan","MIMAT0004517","hsa-miR-106a-3p","ZNF600","162966","ENSG00000189190","-0.545","predicted"
3,"hsa-miR-106a-3p","UGCAAUG",5,"targetscan","MIMAT0004517","hsa-miR-106a-3p","GUF1","60558","ENSG00000151806","-0.554","predicted"
3,"hsa-miR-106a-3p","UGCAAUG",5,"targetscan","MIMAT0004517","hsa-miR-106a-3p","BAALC","79870","ENSG00000164929","-0.557","predicted"
3,"hsa-miR-106a-3p","UGCAAUG",5,"targetscan","MIMAT0004517","hsa-miR-106a-3p","KIAA0040","9674","ENSG00000235750","-0.565","predicted"
3,"hsa-miR-106a-3p","UGCAAUG",5,"targetscan","MIMAT0004517","hsa-miR-106a-3p","PHLDA2","7262","ENSG00000181649","-0.568","predicted"
3,"hsa-miR-106a-3p","UGCAAUG",5,"targetscan","MIMAT0004517","hsa-miR-106a-3p","MYF5","4617","ENSG00000111049","-0.577","predicted"
3,"hsa-miR-106a-3p","UGCAAUG",5,"targetscan","MIMAT0004517","hsa-miR-106a-3p","EXOSC3","51010","ENSG00000107371","-0.578","predicted"
3,"hsa-miR-106a-3p","UGCAAUG",5,"targetscan","MIMAT0004517","hsa-miR-106a-3p","KRTAP11-1","337880","ENSG00000182591","-0.58","predicted"
3,"hsa-miR-106a-3p","UGCAAUG",5,"targetscan","MIMAT0004517","hsa-miR-106a-3p","DKK4","27121","ENSG00000104371","-0.581","predicted"
3,"hsa-miR-106a-3p","UGCAAUG",5,"targetscan","MIMAT0004517","hsa-miR-106a-3p","SFXN2","118980","ENSG00000156398","-0.59","predicted"
3,"hsa-miR-106a-3p","UGCAAUG",5,"targetscan","MIMAT0004517","hsa-miR-106a-3p","IFI35","3430","ENSG00000068079","-0.59","predicted"
3,"hsa-miR-106a-3p","UGCAAUG",5,"targetscan","MIMAT0004517","hsa-miR-106a-3p","KRTAP6-3","337968","ENSG00000212938","-0.629","predicted"
3,"hsa-miR-106a-3p","UGCAAUG",5,"targetscan","MIMAT0004517","hsa-miR-106a-3p","DPY30","84661","ENSG00000162961","-0.637","predicted"
3,"hsa-miR-106a-3p","UGCAAUG",5,"targetscan","MIMAT0004517","hsa-miR-106a-3p","HBB","3043","ENSG00000244734","-0.96","predicted"
