rank_within_circRNA,circRNA,circRNA_length_nt,miRNA,miRNA_sequence,seed_2_8,n_8mer,n_7mer_m8,n_7mer_A1,n_canonical_sites,n_junction_spanning_sites,site_density_per_kb,weighted_seed_score
1,hsa_circ_0087640|CDC14B|TransCirc_TC-hsa-CDC14B_0017,1183,hsa-miR-217-5p,UACUGCAUCAGGAACUGAUUGGA,ACUGCAU,2,0,1,3,0,2.5359,7
2,hsa_circ_0087640|CDC14B|TransCirc_TC-hsa-CDC14B_0017,1183,hsa-miR-6807-3p,CACUGCAUUCCUGCUUGGCCCAG,ACUGCAU,2,0,1,3,0,2.5359,7
3,hsa_circ_0087640|CDC14B|TransCirc_TC-hsa-CDC14B_0017,1183,hsa-miR-5197-5p,CAAUGGCACAAACUCAUUCUUGA,AAUGGCA,0,3,0,3,0,2.5359,6
4,hsa_circ_0087640|CDC14B|TransCirc_TC-hsa-CDC14B_0017,1183,hsa-miR-106a-3p,CUGCAAUGUAAGCACUUCUUAC,UGCAAUG,1,1,0,2,0,1.6906,5
5,hsa_circ_0087640|CDC14B|TransCirc_TC-hsa-CDC14B_0017,1183,hsa-miR-136-5p,ACUCCAUUUGUUUUGAUGAUGGA,CUCCAUU,1,1,0,2,0,1.6906,5
6,hsa_circ_0087640|CDC14B|TransCirc_TC-hsa-CDC14B_0017,1183,hsa-miR-3143,AUAACAUUGUAAAGCGCUUCUUUCG,UAACAUU,1,1,0,2,0,1.6906,5
7,hsa_circ_0087640|CDC14B|TransCirc_TC-hsa-CDC14B_0017,1183,hsa-miR-3922-5p,UCAAGGCCAGAGGUCCCACAGCA,CAAGGCC,1,1,0,2,0,1.6906,5
8,hsa_circ_0087640|CDC14B|TransCirc_TC-hsa-CDC14B_0017,1183,hsa-miR-3977,GUGCUUCAUCGUAAUUAACCUUA,UGCUUCA,1,1,0,2,0,1.6906,5
9,hsa_circ_0087640|CDC14B|TransCirc_TC-hsa-CDC14B_0017,1183,hsa-miR-4310,GCAGCAUUCAUGUCCC,CAGCAUU,1,1,0,2,0,1.6906,5
10,hsa_circ_0087640|CDC14B|TransCirc_TC-hsa-CDC14B_0017,1183,hsa-miR-4527,UGGUCUGCAAAGAGAUGACUGU,GGUCUGC,1,1,0,2,0,1.6906,5
11,hsa_circ_0087640|CDC14B|TransCirc_TC-hsa-CDC14B_0017,1183,hsa-miR-4642,AUGGCAUCGUCCCCUGGUGGCU,UGGCAUC,1,1,0,2,0,1.6906,5
12,hsa_circ_0087640|CDC14B|TransCirc_TC-hsa-CDC14B_0017,1183,hsa-miR-6503-5p,AGGUCUGCAUUCAAAUCCCCAGA,GGUCUGC,1,1,0,2,0,1.6906,5
13,hsa_circ_0087640|CDC14B|TransCirc_TC-hsa-CDC14B_0017,1183,hsa-miR-7157-5p,UCAGCAUUCAUUGGCACCAGAGA,CAGCAUU,1,1,0,2,0,1.6906,5
14,hsa_circ_0087640|CDC14B|TransCirc_TC-hsa-CDC14B_0017,1183,hsa-miR-146a-3p,CCUCUGAAAUUCAGUUCUUCAG,CUCUGAA,1,0,1,2,0,1.6906,4
15,hsa_circ_0087640|CDC14B|TransCirc_TC-hsa-CDC14B_0017,1183,hsa-miR-6071,UUCUGCUGCCGGCCAAGGC,UCUGCUG,0,1,2,3,0,2.5359,4
16,hsa_circ_0087640|CDC14B|TransCirc_TC-hsa-CDC14B_0017,1183,hsa-miR-103a-3p,AGCAGCAUUGUACAGGGCUAUGA,GCAGCAU,0,2,0,2,0,1.6906,4
17,hsa_circ_0087640|CDC14B|TransCirc_TC-hsa-CDC14B_0017,1183,hsa-miR-107,AGCAGCAUUGUACAGGGCUAUCA,GCAGCAU,0,2,0,2,0,1.6906,4
18,hsa_circ_0087640|CDC14B|TransCirc_TC-hsa-CDC14B_0017,1183,hsa-miR-1250-3p,ACAUUUUCCAGCCCAUUCA,CAUUUUC,0,2,0,2,0,1.6906,4
19,hsa_circ_0087640|CDC14B|TransCirc_TC-hsa-CDC14B_0017,1183,hsa-miR-4317,ACAUUGCCAGGGAGUUU,CAUUGCC,0,2,0,2,0,1.6906,4
20,hsa_circ_0087640|CDC14B|TransCirc_TC-hsa-CDC14B_0017,1183,hsa-miR-4786-3p,UGAAGCCAGCUCUGGUCUGGGC,GAAGCCA,0,2,0,2,0,1.6906,4
21,hsa_circ_0087640|CDC14B|TransCirc_TC-hsa-CDC14B_0017,1183,hsa-miR-605-3p,AGAAGGCACUAUGAGAUUUAGA,GAAGGCA,0,2,0,2,0,1.6906,4
22,hsa_circ_0087640|CDC14B|TransCirc_TC-hsa-CDC14B_0017,1183,hsa-miR-6074,GAUAUUCAGAGGCUAGGUGG,AUAUUCA,0,2,0,2,0,1.6906,4
23,hsa_circ_0087640|CDC14B|TransCirc_TC-hsa-CDC14B_0017,1183,hsa-miR-6762-3p,UGGCUGCUUCCCUUGGUCUCCAG,GGCUGCU,0,2,0,2,0,1.6906,4
24,hsa_circ_0087640|CDC14B|TransCirc_TC-hsa-CDC14B_0017,1183,hsa-miR-6885-3p,CUUUGCUUCCUGCUCCCCUAG,UUUGCUU,0,2,0,2,0,1.6906,4
25,hsa_circ_0087640|CDC14B|TransCirc_TC-hsa-CDC14B_0017,1183,hsa-miR-103a-1-5p,GGCUUCUUUACAGUGCUGCCUUG,GCUUCUU,1,0,0,1,0,0.8453,3
26,hsa_circ_0087640|CDC14B|TransCirc_TC-hsa-CDC14B_0017,1183,hsa-miR-103a-2-5p,AGCUUCUUUACAGUGCUGCCUUG,GCUUCUU,1,0,0,1,0,0.8453,3
27,hsa_circ_0087640|CDC14B|TransCirc_TC-hsa-CDC14B_0017,1183,hsa-miR-1180-5p,GGACCCACCCGGCCGGGAAUA,GACCCAC,1,0,0,1,0,0.8453,3
28,hsa_circ_0087640|CDC14B|TransCirc_TC-hsa-CDC14B_0017,1183,hsa-miR-12131,UUUGGAGAGGUGUACUCCCA,UUGGAGA,1,0,0,1,0,0.8453,3
29,hsa_circ_0087640|CDC14B|TransCirc_TC-hsa-CDC14B_0017,1183,hsa-miR-1238-5p,GUGAGUGGGAGCCCCAGUGUGUG,UGAGUGG,1,0,0,1,0,0.8453,3
30,hsa_circ_0087640|CDC14B|TransCirc_TC-hsa-CDC14B_0017,1183,hsa-miR-1252-3p,CAAAUGAGCUUAAUUUCCUUUU,AAAUGAG,1,0,0,1,0,0.8453,3
31,hsa_circ_0087640|CDC14B|TransCirc_TC-hsa-CDC14B_0017,1183,hsa-miR-1265,CAGGAUGUGGUCAAGUGUUGUU,AGGAUGU,1,0,0,1,0,0.8453,3
32,hsa_circ_0087640|CDC14B|TransCirc_TC-hsa-CDC14B_0017,1183,hsa-miR-149-5p,UCUGGCUCCGUGUCUUCACUCCC,CUGGCUC,1,0,0,1,0,0.8453,3
33,hsa_circ_0087640|CDC14B|TransCirc_TC-hsa-CDC14B_0017,1183,hsa-miR-1976,CCUCCUGCCCUCCUUGCUGU,CUCCUGC,1,0,0,1,0,0.8453,3
34,hsa_circ_0087640|CDC14B|TransCirc_TC-hsa-CDC14B_0017,1183,hsa-miR-219a-1-3p,AGAGUUGAGUCUGGACGUCCCG,GAGUUGA,1,0,0,1,0,0.8453,3
35,hsa_circ_0087640|CDC14B|TransCirc_TC-hsa-CDC14B_0017,1183,hsa-miR-3123,CAGAGAAUUGUUUAAUC,AGAGAAU,1,0,0,1,0,0.8453,3
36,hsa_circ_0087640|CDC14B|TransCirc_TC-hsa-CDC14B_0017,1183,hsa-miR-3127-3p,UCCCCUUCUGCAGGCCUGCUGG,CCCCUUC,1,0,0,1,0,0.8453,3
37,hsa_circ_0087640|CDC14B|TransCirc_TC-hsa-CDC14B_0017,1183,hsa-miR-3158-5p,CCUGCAGAGAGGAAGCCCUUC,CUGCAGA,1,0,0,1,0,0.8453,3
38,hsa_circ_0087640|CDC14B|TransCirc_TC-hsa-CDC14B_0017,1183,hsa-miR-3184-3p,AAAGUCUCGCUCUCUGCCCCUCA,AAGUCUC,1,0,0,1,0,0.8453,3
39,hsa_circ_0087640|CDC14B|TransCirc_TC-hsa-CDC14B_0017,1183,hsa-miR-335-3p,UUUUUCAUUAUUGCUCCUGACC,UUUUCAU,1,0,0,1,0,0.8453,3
40,hsa_circ_0087640|CDC14B|TransCirc_TC-hsa-CDC14B_0017,1183,hsa-miR-3662,GAAAAUGAUGAGUAGUGACUGAUG,AAAAUGA,1,0,0,1,0,0.8453,3
41,hsa_circ_0087640|CDC14B|TransCirc_TC-hsa-CDC14B_0017,1183,hsa-miR-3664-3p,UCUCAGGAGUAAAGACAGAGUU,CUCAGGA,1,0,0,1,0,0.8453,3
42,hsa_circ_0087640|CDC14B|TransCirc_TC-hsa-CDC14B_0017,1183,hsa-miR-3688-3p,UAUGGAAAGACUUUGCCACUCU,AUGGAAA,1,0,0,1,0,0.8453,3
43,hsa_circ_0087640|CDC14B|TransCirc_TC-hsa-CDC14B_0017,1183,hsa-miR-383-5p,AGAUCAGAAGGUGAUUGUGGCU,GAUCAGA,1,0,0,1,0,0.8453,3
44,hsa_circ_0087640|CDC14B|TransCirc_TC-hsa-CDC14B_0017,1183,hsa-miR-3912-5p,AUGUCCAUAUUAUGGGUUAGU,UGUCCAU,1,0,0,1,0,0.8453,3
45,hsa_circ_0087640|CDC14B|TransCirc_TC-hsa-CDC14B_0017,1183,hsa-miR-410-3p,AAUAUAACACAGAUGGCCUGU,AUAUAAC,1,0,0,1,0,0.8453,3
46,hsa_circ_0087640|CDC14B|TransCirc_TC-hsa-CDC14B_0017,1183,hsa-miR-4255,CAGUGUUCAGAGAUGGA,AGUGUUC,1,0,0,1,0,0.8453,3
47,hsa_circ_0087640|CDC14B|TransCirc_TC-hsa-CDC14B_0017,1183,hsa-miR-433-3p,AUCAUGAUGGGCUCCUCGGUGU,UCAUGAU,1,0,0,1,0,0.8453,3
48,hsa_circ_0087640|CDC14B|TransCirc_TC-hsa-CDC14B_0017,1183,hsa-miR-4434,AGGAGAAGUAAAGUAGAA,GGAGAAG,1,0,0,1,0,0.8453,3
49,hsa_circ_0087640|CDC14B|TransCirc_TC-hsa-CDC14B_0017,1183,hsa-miR-4516,GGGAGAAGGGUCGGGGC,GGAGAAG,1,0,0,1,0,0.8453,3
50,hsa_circ_0087640|CDC14B|TransCirc_TC-hsa-CDC14B_0017,1183,hsa-miR-4531,AUGGAGAAGGCUUCUGA,UGGAGAA,1,0,0,1,0,0.8453,3
51,hsa_circ_0087640|CDC14B|TransCirc_TC-hsa-CDC14B_0017,1183,hsa-miR-4638-5p,ACUCGGCUGCGGUGGACAAGU,CUCGGCU,1,0,0,1,0,0.8453,3
52,hsa_circ_0087640|CDC14B|TransCirc_TC-hsa-CDC14B_0017,1183,hsa-miR-4690-5p,GAGCAGGCGAGGCUGGGCUGAA,AGCAGGC,1,0,0,1,0,0.8453,3
53,hsa_circ_0087640|CDC14B|TransCirc_TC-hsa-CDC14B_0017,1183,hsa-miR-4728-3p,CAUGCUGACCUCCCUCCUGCCCCAG,AUGCUGA,1,0,0,1,0,0.8453,3
54,hsa_circ_0087640|CDC14B|TransCirc_TC-hsa-CDC14B_0017,1183,hsa-miR-4758-5p,GUGAGUGGGAGCCGGUGGGGCUG,UGAGUGG,1,0,0,1,0,0.8453,3
55,hsa_circ_0087640|CDC14B|TransCirc_TC-hsa-CDC14B_0017,1183,hsa-miR-4766-5p,UCUGAAAGAGCAGUUGGUGUU,CUGAAAG,1,0,0,1,0,0.8453,3
56,hsa_circ_0087640|CDC14B|TransCirc_TC-hsa-CDC14B_0017,1183,hsa-miR-4768-3p,CCAGGAGAUCCAGAGAGAAU,CAGGAGA,1,0,0,1,0,0.8453,3
57,hsa_circ_0087640|CDC14B|TransCirc_TC-hsa-CDC14B_0017,1183,hsa-miR-4774-5p,UCUGGUAUGUAGUAGGUAAUAA,CUGGUAU,1,0,0,1,0,0.8453,3
58,hsa_circ_0087640|CDC14B|TransCirc_TC-hsa-CDC14B_0017,1183,hsa-miR-4793-5p,ACAUCCUGCUCCACAGGGCAGAGG,CAUCCUG,1,0,0,1,0,0.8453,3
59,hsa_circ_0087640|CDC14B|TransCirc_TC-hsa-CDC14B_0017,1183,hsa-miR-5004-3p,CUUGGAUUUUCCUGGGCCUCAG,UUGGAUU,1,0,0,1,0,0.8453,3
60,hsa_circ_0087640|CDC14B|TransCirc_TC-hsa-CDC14B_0017,1183,hsa-miR-5008-5p,UGAGGCCCUUGGGGCACAGUGG,GAGGCCC,1,0,0,1,0,0.8453,3
61,hsa_circ_0087640|CDC14B|TransCirc_TC-hsa-CDC14B_0017,1183,hsa-miR-5093,AGGAAAUGAGGCUGGCUAGGAGC,GGAAAUG,1,0,0,1,0,0.8453,3
62,hsa_circ_0087640|CDC14B|TransCirc_TC-hsa-CDC14B_0017,1183,hsa-miR-519d-5p,CCUCCAAAGGGAAGCGCUUUCUGUU,CUCCAAA,1,0,0,1,0,0.8453,3
63,hsa_circ_0087640|CDC14B|TransCirc_TC-hsa-CDC14B_0017,1183,hsa-miR-570-3p,CGAAAACAGCAAUUACCUUUGC,GAAAACA,1,0,0,1,0,0.8453,3
64,hsa_circ_0087640|CDC14B|TransCirc_TC-hsa-CDC14B_0017,1183,hsa-miR-5703,AGGAGAAGUCGGGAAGGU,GGAGAAG,1,0,0,1,0,0.8453,3
65,hsa_circ_0087640|CDC14B|TransCirc_TC-hsa-CDC14B_0017,1183,hsa-miR-592,UUGUGUCAAUAUGCGAUGAUGU,UGUGUCA,1,0,0,1,0,0.8453,3
66,hsa_circ_0087640|CDC14B|TransCirc_TC-hsa-CDC14B_0017,1183,hsa-miR-597-5p,UGUGUCACUCGAUGACCACUGU,GUGUCAC,1,0,0,1,0,0.8453,3
67,hsa_circ_0087640|CDC14B|TransCirc_TC-hsa-CDC14B_0017,1183,hsa-miR-6512-3p,UUCCAGCCCUUCUAAUGGUAGG,UCCAGCC,1,0,0,1,0,0.8453,3
68,hsa_circ_0087640|CDC14B|TransCirc_TC-hsa-CDC14B_0017,1183,hsa-miR-668-3p,UGUCACUCGGCUCGGCCCACUAC,GUCACUC,1,0,0,1,0,0.8453,3
69,hsa_circ_0087640|CDC14B|TransCirc_TC-hsa-CDC14B_0017,1183,hsa-miR-6720-5p,UUCCAGCCCUGGUAGGCGCCGCG,UCCAGCC,1,0,0,1,0,0.8453,3
70,hsa_circ_0087640|CDC14B|TransCirc_TC-hsa-CDC14B_0017,1183,hsa-miR-6740-3p,UGUCUUCUCUCCUCCCAAACAG,GUCUUCU,1,0,0,1,0,0.8453,3
71,hsa_circ_0087640|CDC14B|TransCirc_TC-hsa-CDC14B_0017,1183,hsa-miR-6756-3p,UCCCCUUCCUCCCUGCCCAG,CCCCUUC,1,0,0,1,0,0.8453,3
72,hsa_circ_0087640|CDC14B|TransCirc_TC-hsa-CDC14B_0017,1183,hsa-miR-6782-5p,UAGGGGUGGGGGAAUUCAGGGGUGU,AGGGGUG,1,0,0,1,0,0.8453,3
73,hsa_circ_0087640|CDC14B|TransCirc_TC-hsa-CDC14B_0017,1183,hsa-miR-6832-5p,AGUAGAGAGGAAAAGUUAGGGUC,GUAGAGA,1,0,0,1,0,0.8453,3
74,hsa_circ_0087640|CDC14B|TransCirc_TC-hsa-CDC14B_0017,1183,hsa-miR-6875-3p,AUUCUUCCUGCCCUGGCUCCAU,UUCUUCC,1,0,0,1,0,0.8453,3
75,hsa_circ_0087640|CDC14B|TransCirc_TC-hsa-CDC14B_0017,1183,hsa-miR-6895-3p,UGUCUCUCGCCCUUGGCCUUAG,GUCUCUC,1,0,0,1,0,0.8453,3
76,hsa_circ_0087640|CDC14B|TransCirc_TC-hsa-CDC14B_0017,1183,hsa-miR-7114-3p,UGACCCACCCCUCUCCACCAG,GACCCAC,1,0,0,1,0,0.8453,3
77,hsa_circ_0087640|CDC14B|TransCirc_TC-hsa-CDC14B_0017,1183,hsa-miR-7155-5p,UCUGGGGUCUUGGGCCAUC,CUGGGGU,1,0,0,1,0,0.8453,3
78,hsa_circ_0087640|CDC14B|TransCirc_TC-hsa-CDC14B_0017,1183,hsa-miR-7160-5p,UGCUGAGGUCCGGGCUGUGCC,GCUGAGG,1,0,0,1,0,0.8453,3
79,hsa_circ_0087640|CDC14B|TransCirc_TC-hsa-CDC14B_0017,1183,hsa-miR-759,GCAGAGUGCAAACAAUUUUGAC,CAGAGUG,1,0,0,1,0,0.8453,3
80,hsa_circ_0087640|CDC14B|TransCirc_TC-hsa-CDC14B_0017,1183,hsa-miR-802,CAGUAACAAAGAUUCAUCCUUGU,AGUAACA,1,0,0,1,0,0.8453,3
81,hsa_circ_0087640|CDC14B|TransCirc_TC-hsa-CDC14B_0017,1183,hsa-miR-8070,AUGUGAUUGACGGCUGACUCCA,UGUGAUU,1,0,0,1,0,0.8453,3
82,hsa_circ_0087640|CDC14B|TransCirc_TC-hsa-CDC14B_0017,1183,hsa-miR-891b,UGCAACUUACCUGAGUCAUUGA,GCAACUU,1,0,0,1,0,0.8453,3
83,hsa_circ_0087640|CDC14B|TransCirc_TC-hsa-CDC14B_0017,1183,hsa-miR-892c-5p,UAUUCAGAAAGGUGCCAGUCA,AUUCAGA,1,0,0,1,0,0.8453,3
84,hsa_circ_0087640|CDC14B|TransCirc_TC-hsa-CDC14B_0017,1183,hsa-miR-9-5p,UCUUUGGUUAUCUAGCUGUAUGA,CUUUGGU,1,0,0,1,0,0.8453,3
85,hsa_circ_0087640|CDC14B|TransCirc_TC-hsa-CDC14B_0017,1183,hsa-miR-4418,CACUGCAGGACUCAGCAG,ACUGCAG,0,0,3,3,0,2.5359,3
86,hsa_circ_0087640|CDC14B|TransCirc_TC-hsa-CDC14B_0017,1183,hsa-miR-509-3-5p,UACUGCAGACGUGGCAAUCAUG,ACUGCAG,0,0,3,3,0,2.5359,3
87,hsa_circ_0087640|CDC14B|TransCirc_TC-hsa-CDC14B_0017,1183,hsa-miR-509-5p,UACUGCAGACAGUGGCAAUCA,ACUGCAG,0,0,3,3,0,2.5359,3
88,hsa_circ_0087640|CDC14B|TransCirc_TC-hsa-CDC14B_0017,1183,hsa-miR-12123,UUAUUCAUUCACAAAAGCUUUA,UAUUCAU,0,1,1,2,0,1.6906,3
89,hsa_circ_0087640|CDC14B|TransCirc_TC-hsa-CDC14B_0017,1183,hsa-miR-3646,AAAAUGAAAUGAGCCCAGCCCA,AAAUGAA,0,1,1,2,0,1.6906,3
90,hsa_circ_0087640|CDC14B|TransCirc_TC-hsa-CDC14B_0017,1183,hsa-miR-4659a-3p,UUUCUUCUUAGACAUGGCAACG,UUCUUCU,0,1,1,2,0,1.6906,3
91,hsa_circ_0087640|CDC14B|TransCirc_TC-hsa-CDC14B_0017,1183,hsa-miR-4659b-3p,UUUCUUCUUAGACAUGGCAGCU,UUCUUCU,0,1,1,2,0,1.6906,3
92,hsa_circ_0087640|CDC14B|TransCirc_TC-hsa-CDC14B_0017,1183,hsa-miR-6843-3p,AUGGUCUCCUGUUCUCUGCAG,UGGUCUC,0,1,1,2,0,1.6906,3
93,hsa_circ_0087640|CDC14B|TransCirc_TC-hsa-CDC14B_0017,1183,hsa-miR-6848-3p,GUGGUCUCUUGGCCCCCAG,UGGUCUC,0,1,1,2,0,1.6906,3
94,hsa_circ_0087640|CDC14B|TransCirc_TC-hsa-CDC14B_0017,1183,hsa-miR-6853-3p,UGUUCAUUGGAACCCUGCGCAG,GUUCAUU,0,1,1,2,0,1.6906,3
95,hsa_circ_0087640|CDC14B|TransCirc_TC-hsa-CDC14B_0017,1183,hsa-miR-93-3p,ACUGCUGAGCUAGCACUUCCCG,CUGCUGA,0,1,1,2,0,1.6906,3
96,hsa_circ_0087640|CDC14B|TransCirc_TC-hsa-CDC14B_0017,1183,hsa-miR-1279,UCAUAUUGCUUCUUUCU,CAUAUUG,0,0,2,2,0,1.6906,2
97,hsa_circ_0087640|CDC14B|TransCirc_TC-hsa-CDC14B_0017,1183,hsa-miR-1297,UUCAAGUAAUUCAGGUG,UCAAGUA,0,0,2,2,0,1.6906,2
98,hsa_circ_0087640|CDC14B|TransCirc_TC-hsa-CDC14B_0017,1183,hsa-miR-26a-5p,UUCAAGUAAUCCAGGAUAGGCU,UCAAGUA,0,0,2,2,0,1.6906,2
99,hsa_circ_0087640|CDC14B|TransCirc_TC-hsa-CDC14B_0017,1183,hsa-miR-26b-5p,UUCAAGUAAUUCAGGAUAGGU,UCAAGUA,0,0,2,2,0,1.6906,2
100,hsa_circ_0087640|CDC14B|TransCirc_TC-hsa-CDC14B_0017,1183,hsa-miR-301a-5p,GCUCUGACUUUAUUGCACUACU,CUCUGAC,0,0,2,2,0,1.6906,2
101,hsa_circ_0087640|CDC14B|TransCirc_TC-hsa-CDC14B_0017,1183,hsa-miR-301b-5p,GCUCUGACGAGGUUGCACUACU,CUCUGAC,0,0,2,2,0,1.6906,2
102,hsa_circ_0087640|CDC14B|TransCirc_TC-hsa-CDC14B_0017,1183,hsa-miR-3140-3p,AGCUUUUGGGAAUUCAGGUAGU,GCUUUUG,0,0,2,2,0,1.6906,2
103,hsa_circ_0087640|CDC14B|TransCirc_TC-hsa-CDC14B_0017,1183,hsa-miR-3182,GCUUCUGUAGUGUAGUC,CUUCUGU,0,0,2,2,0,1.6906,2
104,hsa_circ_0087640|CDC14B|TransCirc_TC-hsa-CDC14B_0017,1183,hsa-miR-3921,UCUCUGAGUACCAUAUGCCUUGU,CUCUGAG,0,0,2,2,0,1.6906,2
105,hsa_circ_0087640|CDC14B|TransCirc_TC-hsa-CDC14B_0017,1183,hsa-miR-4465,CUCAAGUAGUCUGACCAGGGGA,UCAAGUA,0,0,2,2,0,1.6906,2
106,hsa_circ_0087640|CDC14B|TransCirc_TC-hsa-CDC14B_0017,1183,hsa-miR-4653-5p,UCUCUGAGCAAGGCUUAACACC,CUCUGAG,0,0,2,2,0,1.6906,2
107,hsa_circ_0087640|CDC14B|TransCirc_TC-hsa-CDC14B_0017,1183,hsa-miR-498-5p,UUUCAAGCCAGGGGGCGUUUUUC,UUCAAGC,0,0,2,2,0,1.6906,2
108,hsa_circ_0087640|CDC14B|TransCirc_TC-hsa-CDC14B_0017,1183,hsa-miR-543,AAACAUUCGCGGUGCACUUCUU,AACAUUC,0,0,2,2,0,1.6906,2
109,hsa_circ_0087640|CDC14B|TransCirc_TC-hsa-CDC14B_0017,1183,hsa-miR-6828-3p,AUCUGCUCUCUUGUUCCCAG,UCUGCUC,0,0,2,2,0,1.6906,2
110,hsa_circ_0087640|CDC14B|TransCirc_TC-hsa-CDC14B_0017,1183,hsa-miR-10393-5p,AGAAUUCUCUUAUCCAACAUCAACA,GAAUUCU,0,1,0,1,0,0.8453,2
111,hsa_circ_0087640|CDC14B|TransCirc_TC-hsa-CDC14B_0017,1183,hsa-miR-12127,UAGAGGUUCUAAUGGUCCAGGGUUA,AGAGGUU,0,1,0,1,0,0.8453,2
112,hsa_circ_0087640|CDC14B|TransCirc_TC-hsa-CDC14B_0017,1183,hsa-miR-12129,GAUGUACUGAACUGGGUCAGAC,AUGUACU,0,1,0,1,0,0.8453,2
113,hsa_circ_0087640|CDC14B|TransCirc_TC-hsa-CDC14B_0017,1183,hsa-miR-124-5p,CGUGUUCACAGCGGACCUUGAU,GUGUUCA,0,1,0,1,0,0.8453,2
114,hsa_circ_0087640|CDC14B|TransCirc_TC-hsa-CDC14B_0017,1183,hsa-miR-1248,ACCUUCUUGUAUAAGCACUGUGCUAAA,CCUUCUU,0,1,0,1,0,0.8453,2
115,hsa_circ_0087640|CDC14B|TransCirc_TC-hsa-CDC14B_0017,1183,hsa-miR-1251-3p,CGCUUUGCUCAGCCAGUGUAG,GCUUUGC,0,1,0,1,0,0.8453,2
116,hsa_circ_0087640|CDC14B|TransCirc_TC-hsa-CDC14B_0017,1183,hsa-miR-1255b-2-3p,AACCACUUUCUUUGCUCAUCCA,ACCACUU,0,1,0,1,0,0.8453,2
117,hsa_circ_0087640|CDC14B|TransCirc_TC-hsa-CDC14B_0017,1183,hsa-miR-1277-5p,AAAUAUAUAUAUAUAUGUACGUAU,AAUAUAU,0,1,0,1,0,0.8453,2
118,hsa_circ_0087640|CDC14B|TransCirc_TC-hsa-CDC14B_0017,1183,hsa-miR-132-3p,UAACAGUCUACAGCCAUGGUCG,AACAGUC,0,1,0,1,0,0.8453,2
119,hsa_circ_0087640|CDC14B|TransCirc_TC-hsa-CDC14B_0017,1183,hsa-miR-148a-5p,AAAGUUCUGAGACACUCCGACU,AAGUUCU,0,1,0,1,0,0.8453,2
120,hsa_circ_0087640|CDC14B|TransCirc_TC-hsa-CDC14B_0017,1183,hsa-miR-154-3p,AAUCAUACACGGUUGACCUAUU,AUCAUAC,0,1,0,1,0,0.8453,2
121,hsa_circ_0087640|CDC14B|TransCirc_TC-hsa-CDC14B_0017,1183,hsa-miR-155-5p,UUAAUGCUAAUCGUGAUAGGGGUU,UAAUGCU,0,1,0,1,0,0.8453,2
122,hsa_circ_0087640|CDC14B|TransCirc_TC-hsa-CDC14B_0017,1183,hsa-miR-183-5p,UAUGGCACUGGUAGAAUUCACU,AUGGCAC,0,1,0,1,0,0.8453,2
123,hsa_circ_0087640|CDC14B|TransCirc_TC-hsa-CDC14B_0017,1183,hsa-miR-1909-5p,UGAGUGCCGGUGCCUGCCCUG,GAGUGCC,0,1,0,1,0,0.8453,2
124,hsa_circ_0087640|CDC14B|TransCirc_TC-hsa-CDC14B_0017,1183,hsa-miR-1913,UCUGCCCCCUCCGCUGCUGCCA,CUGCCCC,0,1,0,1,0,0.8453,2
125,hsa_circ_0087640|CDC14B|TransCirc_TC-hsa-CDC14B_0017,1183,hsa-miR-203b-5p,UAGUGGUCCUAAACAUUUCACA,AGUGGUC,0,1,0,1,0,0.8453,2
126,hsa_circ_0087640|CDC14B|TransCirc_TC-hsa-CDC14B_0017,1183,hsa-miR-20a-3p,ACUGCAUUAUGAGCACUUAAAG,CUGCAUU,0,1,0,1,0,0.8453,2
127,hsa_circ_0087640|CDC14B|TransCirc_TC-hsa-CDC14B_0017,1183,hsa-miR-212-3p,UAACAGUCUCCAGUCACGGCC,AACAGUC,0,1,0,1,0,0.8453,2
128,hsa_circ_0087640|CDC14B|TransCirc_TC-hsa-CDC14B_0017,1183,hsa-miR-215-3p,UCUGUCAUUUCUUUAGGCCAAUA,CUGUCAU,0,1,0,1,0,0.8453,2
129,hsa_circ_0087640|CDC14B|TransCirc_TC-hsa-CDC14B_0017,1183,hsa-miR-219a-5p,UGAUUGUCCAAACGCAAUUCU,GAUUGUC,0,1,0,1,0,0.8453,2
130,hsa_circ_0087640|CDC14B|TransCirc_TC-hsa-CDC14B_0017,1183,hsa-miR-222-5p,CUCAGUAGCCAGUGUAGAUCCU,UCAGUAG,0,1,0,1,0,0.8453,2
131,hsa_circ_0087640|CDC14B|TransCirc_TC-hsa-CDC14B_0017,1183,hsa-miR-2681-3p,UAUCAUGGAGUUGGUAAAGCAC,AUCAUGG,0,1,0,1,0,0.8453,2
132,hsa_circ_0087640|CDC14B|TransCirc_TC-hsa-CDC14B_0017,1183,hsa-miR-302b-5p,ACUUUAACAUGGAAGUGCUUUC,CUUUAAC,0,1,0,1,0,0.8453,2
133,hsa_circ_0087640|CDC14B|TransCirc_TC-hsa-CDC14B_0017,1183,hsa-miR-302c-5p,UUUAACAUGGGGGUACCUGCUG,UUAACAU,0,1,0,1,0,0.8453,2
134,hsa_circ_0087640|CDC14B|TransCirc_TC-hsa-CDC14B_0017,1183,hsa-miR-302d-5p,ACUUUAACAUGGAGGCACUUGC,CUUUAAC,0,1,0,1,0,0.8453,2
135,hsa_circ_0087640|CDC14B|TransCirc_TC-hsa-CDC14B_0017,1183,hsa-miR-3125,UAGAGGAAGCUGUGGAGAGA,AGAGGAA,0,1,0,1,0,0.8453,2
136,hsa_circ_0087640|CDC14B|TransCirc_TC-hsa-CDC14B_0017,1183,hsa-miR-3136-3p,UGGCCCAACCUAUUCAGUUAGU,GGCCCAA,0,1,0,1,0,0.8453,2
137,hsa_circ_0087640|CDC14B|TransCirc_TC-hsa-CDC14B_0017,1183,hsa-miR-3170,CUGGGGUUCUGAGACAGACAGU,UGGGGUU,0,1,0,1,0,0.8453,2
138,hsa_circ_0087640|CDC14B|TransCirc_TC-hsa-CDC14B_0017,1183,hsa-miR-3192-3p,CUCUGAUCGCCCUCUCAGCUC,UCUGAUC,0,1,0,1,0,0.8453,2
139,hsa_circ_0087640|CDC14B|TransCirc_TC-hsa-CDC14B_0017,1183,hsa-miR-338-3p,UCCAGCAUCAGUGAUUUUGUUG,CCAGCAU,0,1,0,1,0,0.8453,2
140,hsa_circ_0087640|CDC14B|TransCirc_TC-hsa-CDC14B_0017,1183,hsa-miR-338-5p,AACAAUAUCCUGGUGCUGAGUG,ACAAUAU,0,1,0,1,0,0.8453,2
141,hsa_circ_0087640|CDC14B|TransCirc_TC-hsa-CDC14B_0017,1183,hsa-miR-33a-5p,GUGCAUUGUAGUUGCAUUGCA,UGCAUUG,0,1,0,1,0,0.8453,2
142,hsa_circ_0087640|CDC14B|TransCirc_TC-hsa-CDC14B_0017,1183,hsa-miR-33b-5p,GUGCAUUGCUGUUGCAUUGC,UGCAUUG,0,1,0,1,0,0.8453,2
143,hsa_circ_0087640|CDC14B|TransCirc_TC-hsa-CDC14B_0017,1183,hsa-miR-342-5p,AGGGGUGCUAUCUGUGAUUGA,GGGGUGC,0,1,0,1,0,0.8453,2
144,hsa_circ_0087640|CDC14B|TransCirc_TC-hsa-CDC14B_0017,1183,hsa-miR-361-5p,UUAUCAGAAUCUCCAGGGGUAC,UAUCAGA,0,1,0,1,0,0.8453,2
145,hsa_circ_0087640|CDC14B|TransCirc_TC-hsa-CDC14B_0017,1183,hsa-miR-3668,AAUGUAGAGAUUGAUCAAAAU,AUGUAGA,0,1,0,1,0,0.8453,2
146,hsa_circ_0087640|CDC14B|TransCirc_TC-hsa-CDC14B_0017,1183,hsa-miR-3686,AUCUGUAAGAGAAAGUAAAUGA,UCUGUAA,0,1,0,1,0,0.8453,2
147,hsa_circ_0087640|CDC14B|TransCirc_TC-hsa-CDC14B_0017,1183,hsa-miR-3714,GAAGGCAGCAGUGCUCCCCUGU,AAGGCAG,0,1,0,1,0,0.8453,2
148,hsa_circ_0087640|CDC14B|TransCirc_TC-hsa-CDC14B_0017,1183,hsa-miR-371b-3p,AAGUGCCCCCACAGUUUGAGUGC,AGUGCCC,0,1,0,1,0,0.8453,2
149,hsa_circ_0087640|CDC14B|TransCirc_TC-hsa-CDC14B_0017,1183,hsa-miR-377-5p,AGAGGUUGCCCUUGGUGAAUUC,GAGGUUG,0,1,0,1,0,0.8453,2
150,hsa_circ_0087640|CDC14B|TransCirc_TC-hsa-CDC14B_0017,1183,hsa-miR-378a-5p,CUCCUGACUCCAGGUCCUGUGU,UCCUGAC,0,1,0,1,0,0.8453,2
151,hsa_circ_0087640|CDC14B|TransCirc_TC-hsa-CDC14B_0017,1183,hsa-miR-3916,AAGAGGAAGAAAUGGCUGGUUCUCAG,AGAGGAA,0,1,0,1,0,0.8453,2
152,hsa_circ_0087640|CDC14B|TransCirc_TC-hsa-CDC14B_0017,1183,hsa-miR-409-3p,GAAUGUUGCUCGGUGAACCCCU,AAUGUUG,0,1,0,1,0,0.8453,2
153,hsa_circ_0087640|CDC14B|TransCirc_TC-hsa-CDC14B_0017,1183,hsa-miR-4257,CCAGAGGUGGGGACUGAG,CAGAGGU,0,1,0,1,0,0.8453,2
154,hsa_circ_0087640|CDC14B|TransCirc_TC-hsa-CDC14B_0017,1183,hsa-miR-4289,GCAUUGUGCAGGGCUAUCA,CAUUGUG,0,1,0,1,0,0.8453,2
155,hsa_circ_0087640|CDC14B|TransCirc_TC-hsa-CDC14B_0017,1183,hsa-miR-4476,CAGGAAGGAUUUAGGGACAGGC,AGGAAGG,0,1,0,1,0,0.8453,2
156,hsa_circ_0087640|CDC14B|TransCirc_TC-hsa-CDC14B_0017,1183,hsa-miR-4477b,AUUAAGGACAUUUGUGAUUGAU,UUAAGGA,0,1,0,1,0,0.8453,2
157,hsa_circ_0087640|CDC14B|TransCirc_TC-hsa-CDC14B_0017,1183,hsa-miR-4484,AAAAGGCGGGAGAAGCCCCA,AAAGGCG,0,1,0,1,0,0.8453,2
158,hsa_circ_0087640|CDC14B|TransCirc_TC-hsa-CDC14B_0017,1183,hsa-miR-450b-5p,UUUUGCAAUAUGUUCCUGAAUA,UUUGCAA,0,1,0,1,0,0.8453,2
159,hsa_circ_0087640|CDC14B|TransCirc_TC-hsa-CDC14B_0017,1183,hsa-miR-4649-3p,UCUGAGGCCUGCCUCUCCCCA,CUGAGGC,0,1,0,1,0,0.8453,2
160,hsa_circ_0087640|CDC14B|TransCirc_TC-hsa-CDC14B_0017,1183,hsa-miR-4664-5p,UGGGGUGCCCACUCCGCAAGUU,GGGGUGC,0,1,0,1,0,0.8453,2
161,hsa_circ_0087640|CDC14B|TransCirc_TC-hsa-CDC14B_0017,1183,hsa-miR-4676-5p,GAGCCAGUGGUGAGACAGUGA,AGCCAGU,0,1,0,1,0,0.8453,2
162,hsa_circ_0087640|CDC14B|TransCirc_TC-hsa-CDC14B_0017,1183,hsa-miR-4705,UCAAUCACUUGGUAAUUGCUGU,CAAUCAC,0,1,0,1,0,0.8453,2
163,hsa_circ_0087640|CDC14B|TransCirc_TC-hsa-CDC14B_0017,1183,hsa-miR-4711-5p,UGCAUCAGGCCAGAAGACAUGAG,GCAUCAG,0,1,0,1,0,0.8453,2
164,hsa_circ_0087640|CDC14B|TransCirc_TC-hsa-CDC14B_0017,1183,hsa-miR-4729,UCAUUUAUCUGUUGGGAAGCUA,CAUUUAU,0,1,0,1,0,0.8453,2
165,hsa_circ_0087640|CDC14B|TransCirc_TC-hsa-CDC14B_0017,1183,hsa-miR-4747-3p,AAGGCCCGGGCUUUCCUCCCAG,AGGCCCG,0,1,0,1,0,0.8453,2
166,hsa_circ_0087640|CDC14B|TransCirc_TC-hsa-CDC14B_0017,1183,hsa-miR-4750-3p,CCUGACCCACCCCCUCCCGCAG,CUGACCC,0,1,0,1,0,0.8453,2
167,hsa_circ_0087640|CDC14B|TransCirc_TC-hsa-CDC14B_0017,1183,hsa-miR-4753-5p,CAAGGCCAAAGGAAGAGAACAG,AAGGCCA,0,1,0,1,0,0.8453,2
168,hsa_circ_0087640|CDC14B|TransCirc_TC-hsa-CDC14B_0017,1183,hsa-miR-4769-3p,UCUGCCAUCCUCCCUCCCCUAC,CUGCCAU,0,1,0,1,0,0.8453,2
169,hsa_circ_0087640|CDC14B|TransCirc_TC-hsa-CDC14B_0017,1183,hsa-miR-4778-3p,UCUUCUUCCUUUGCAGAGUUGA,CUUCUUC,0,1,0,1,0,0.8453,2
170,hsa_circ_0087640|CDC14B|TransCirc_TC-hsa-CDC14B_0017,1183,hsa-miR-4781-3p,AAUGUUGGAAUCCUCGCUAGAG,AUGUUGG,0,1,0,1,0,0.8453,2
171,hsa_circ_0087640|CDC14B|TransCirc_TC-hsa-CDC14B_0017,1183,hsa-miR-4782-3p,UGAUUGUCUUCAUAUCUAGAAC,GAUUGUC,0,1,0,1,0,0.8453,2
172,hsa_circ_0087640|CDC14B|TransCirc_TC-hsa-CDC14B_0017,1183,hsa-miR-485-3p,GUCAUACACGGCUCUCCUCUCU,UCAUACA,0,1,0,1,0,0.8453,2
173,hsa_circ_0087640|CDC14B|TransCirc_TC-hsa-CDC14B_0017,1183,hsa-miR-487a-3p,AAUCAUACAGGGACAUCCAGUU,AUCAUAC,0,1,0,1,0,0.8453,2
174,hsa_circ_0087640|CDC14B|TransCirc_TC-hsa-CDC14B_0017,1183,hsa-miR-488-3p,UUGAAAGGCUAUUUCUUGGUC,UGAAAGG,0,1,0,1,0,0.8453,2
175,hsa_circ_0087640|CDC14B|TransCirc_TC-hsa-CDC14B_0017,1183,hsa-miR-493-5p,UUGUACAUGGUAGGCUUUCAUU,UGUACAU,0,1,0,1,0,0.8453,2
176,hsa_circ_0087640|CDC14B|TransCirc_TC-hsa-CDC14B_0017,1183,hsa-miR-5009-5p,UUGGACUUUUUCAGAUUUGGGGAU,UGGACUU,0,1,0,1,0,0.8453,2
177,hsa_circ_0087640|CDC14B|TransCirc_TC-hsa-CDC14B_0017,1183,hsa-miR-501-5p,AAUCCUUUGUCCCUGGGUGAGA,AUCCUUU,0,1,0,1,0,0.8453,2
178,hsa_circ_0087640|CDC14B|TransCirc_TC-hsa-CDC14B_0017,1183,hsa-miR-5011-5p,UAUAUAUACAGCCAUGCACUC,AUAUAUA,0,1,0,1,0,0.8453,2
179,hsa_circ_0087640|CDC14B|TransCirc_TC-hsa-CDC14B_0017,1183,hsa-miR-513b-3p,AAAUGUCACCUUUUUGAGAGGA,AAUGUCA,0,1,0,1,0,0.8453,2
180,hsa_circ_0087640|CDC14B|TransCirc_TC-hsa-CDC14B_0017,1183,hsa-miR-515-5p,UUCUCCAAAAGAAAGCACUUUCUG,UCUCCAA,0,1,0,1,0,0.8453,2
181,hsa_circ_0087640|CDC14B|TransCirc_TC-hsa-CDC14B_0017,1183,hsa-miR-519e-5p,UUCUCCAAAAGGGAGCACUUUC,UCUCCAA,0,1,0,1,0,0.8453,2
182,hsa_circ_0087640|CDC14B|TransCirc_TC-hsa-CDC14B_0017,1183,hsa-miR-539-3p,AUCAUACAAGGACAAUUUCUUU,UCAUACA,0,1,0,1,0,0.8453,2
183,hsa_circ_0087640|CDC14B|TransCirc_TC-hsa-CDC14B_0017,1183,hsa-miR-545-5p,UCAGUAAAUGUUUAUUAGAUGA,CAGUAAA,0,1,0,1,0,0.8453,2
184,hsa_circ_0087640|CDC14B|TransCirc_TC-hsa-CDC14B_0017,1183,hsa-miR-548a-3p,CAAAACUGGCAAUUACUUUUGC,AAAACUG,0,1,0,1,0,0.8453,2
185,hsa_circ_0087640|CDC14B|TransCirc_TC-hsa-CDC14B_0017,1183,hsa-miR-548ae-3p,CAAAAACUGCAAUUACUUUCA,AAAAACU,0,1,0,1,0,0.8453,2
186,hsa_circ_0087640|CDC14B|TransCirc_TC-hsa-CDC14B_0017,1183,hsa-miR-548ah-3p,CAAAAACUGCAGUUACUUUUGC,AAAAACU,0,1,0,1,0,0.8453,2
187,hsa_circ_0087640|CDC14B|TransCirc_TC-hsa-CDC14B_0017,1183,hsa-miR-548aj-3p,UAAAAACUGCAAUUACUUUUA,AAAAACU,0,1,0,1,0,0.8453,2
188,hsa_circ_0087640|CDC14B|TransCirc_TC-hsa-CDC14B_0017,1183,hsa-miR-548am-3p,CAAAAACUGCAGUUACUUUUGU,AAAAACU,0,1,0,1,0,0.8453,2
189,hsa_circ_0087640|CDC14B|TransCirc_TC-hsa-CDC14B_0017,1183,hsa-miR-548aq-3p,CAAAAACUGCAAUUACUUUUGC,AAAAACU,0,1,0,1,0,0.8453,2
190,hsa_circ_0087640|CDC14B|TransCirc_TC-hsa-CDC14B_0017,1183,hsa-miR-548ar-3p,UAAAACUGCAGUUAUUUUUGC,AAAACUG,0,1,0,1,0,0.8453,2
191,hsa_circ_0087640|CDC14B|TransCirc_TC-hsa-CDC14B_0017,1183,hsa-miR-548av-3p,AAAACUGCAGUUACUUUUGC,AAACUGC,0,1,0,1,0,0.8453,2
192,hsa_circ_0087640|CDC14B|TransCirc_TC-hsa-CDC14B_0017,1183,hsa-miR-548az-3p,AAAAACUGCAAUCACUUUUGC,AAAACUG,0,1,0,1,0,0.8453,2
193,hsa_circ_0087640|CDC14B|TransCirc_TC-hsa-CDC14B_0017,1183,hsa-miR-548bc,AAAAACUGUGAUUACUUUUGC,AAAACUG,0,1,0,1,0,0.8453,2
194,hsa_circ_0087640|CDC14B|TransCirc_TC-hsa-CDC14B_0017,1183,hsa-miR-548e-3p,AAAAACUGAGACUACUUUUGCA,AAAACUG,0,1,0,1,0,0.8453,2
195,hsa_circ_0087640|CDC14B|TransCirc_TC-hsa-CDC14B_0017,1183,hsa-miR-548f-3p,AAAAACUGUAAUUACUUUU,AAAACUG,0,1,0,1,0,0.8453,2
196,hsa_circ_0087640|CDC14B|TransCirc_TC-hsa-CDC14B_0017,1183,hsa-miR-548j-3p,CAAAAACUGCAUUACUUUUGC,AAAAACU,0,1,0,1,0,0.8453,2
197,hsa_circ_0087640|CDC14B|TransCirc_TC-hsa-CDC14B_0017,1183,hsa-miR-548x-3p,UAAAAACUGCAAUUACUUUC,AAAAACU,0,1,0,1,0,0.8453,2
198,hsa_circ_0087640|CDC14B|TransCirc_TC-hsa-CDC14B_0017,1183,hsa-miR-5691,UUGCUCUGAGCUCCGAGAAAGC,UGCUCUG,0,1,0,1,0,0.8453,2
199,hsa_circ_0087640|CDC14B|TransCirc_TC-hsa-CDC14B_0017,1183,hsa-miR-5692a,CAAAUAAUACCACAGUGGGUGU,AAAUAAU,0,1,0,1,0,0.8453,2
200,hsa_circ_0087640|CDC14B|TransCirc_TC-hsa-CDC14B_0017,1183,hsa-miR-5694,CAGAUCAUGGGACUGUCUCAG,AGAUCAU,0,1,0,1,0,0.8453,2
201,hsa_circ_0087640|CDC14B|TransCirc_TC-hsa-CDC14B_0017,1183,hsa-miR-575,GAGCCAGUUGGACAGGAGC,AGCCAGU,0,1,0,1,0,0.8453,2
202,hsa_circ_0087640|CDC14B|TransCirc_TC-hsa-CDC14B_0017,1183,hsa-miR-581,UCUUGUGUUCUCUAGAUCAGU,CUUGUGU,0,1,0,1,0,0.8453,2
203,hsa_circ_0087640|CDC14B|TransCirc_TC-hsa-CDC14B_0017,1183,hsa-miR-587,UUUCCAUAGGUGAUGAGUCAC,UUCCAUA,0,1,0,1,0,0.8453,2
204,hsa_circ_0087640|CDC14B|TransCirc_TC-hsa-CDC14B_0017,1183,hsa-miR-597-3p,UGGUUCUCUUGUGGCUCAAGCGU,GGUUCUC,0,1,0,1,0,0.8453,2
205,hsa_circ_0087640|CDC14B|TransCirc_TC-hsa-CDC14B_0017,1183,hsa-miR-599,GUUGUGUCAGUUUAUCAAAC,UUGUGUC,0,1,0,1,0,0.8453,2
206,hsa_circ_0087640|CDC14B|TransCirc_TC-hsa-CDC14B_0017,1183,hsa-miR-6086,GGAGGUUGGGAAGGGCAGAG,GAGGUUG,0,1,0,1,0,0.8453,2
207,hsa_circ_0087640|CDC14B|TransCirc_TC-hsa-CDC14B_0017,1183,hsa-miR-615-3p,UCCGAGCCUGGGUCUCCCUCUU,CCGAGCC,0,1,0,1,0,0.8453,2
208,hsa_circ_0087640|CDC14B|TransCirc_TC-hsa-CDC14B_0017,1183,hsa-miR-629-3p,GUUCUCCCAACGUAAGCCCAGC,UUCUCCC,0,1,0,1,0,0.8453,2
209,hsa_circ_0087640|CDC14B|TransCirc_TC-hsa-CDC14B_0017,1183,hsa-miR-671-5p,AGGAAGCCCUGGAGGGGCUGGAG,GGAAGCC,0,1,0,1,0,0.8453,2
210,hsa_circ_0087640|CDC14B|TransCirc_TC-hsa-CDC14B_0017,1183,hsa-miR-6717-5p,AGGCGAUGUGGGGAUGUAGAGA,GGCGAUG,0,1,0,1,1,0.8453,2
211,hsa_circ_0087640|CDC14B|TransCirc_TC-hsa-CDC14B_0017,1183,hsa-miR-6718-5p,UAGUGGUCAGAGGGCUUAUGA,AGUGGUC,0,1,0,1,0,0.8453,2
212,hsa_circ_0087640|CDC14B|TransCirc_TC-hsa-CDC14B_0017,1183,hsa-miR-6766-3p,UGAUUGUCUUCCCCCACCCUCA,GAUUGUC,0,1,0,1,0,0.8453,2
213,hsa_circ_0087640|CDC14B|TransCirc_TC-hsa-CDC14B_0017,1183,hsa-miR-6770-5p,UGAGAAGGCACAGCUUGCACGUGA,GAGAAGG,0,1,0,1,0,0.8453,2
214,hsa_circ_0087640|CDC14B|TransCirc_TC-hsa-CDC14B_0017,1183,hsa-miR-6805-3p,UUGCUCUGCUCCCCCGCCCCCAG,UGCUCUG,0,1,0,1,0,0.8453,2
215,hsa_circ_0087640|CDC14B|TransCirc_TC-hsa-CDC14B_0017,1183,hsa-miR-6817-5p,UCUGCCAUAGGAAGCUUGGAGUGG,CUGCCAU,0,1,0,1,0,0.8453,2
216,hsa_circ_0087640|CDC14B|TransCirc_TC-hsa-CDC14B_0017,1183,hsa-miR-6818-3p,UUGUCUCUUGUUCCUCACACAG,UGUCUCU,0,1,0,1,0,0.8453,2
217,hsa_circ_0087640|CDC14B|TransCirc_TC-hsa-CDC14B_0017,1183,hsa-miR-6830-5p,CCAAGGAAGGAGGCUGGACAUC,CAAGGAA,0,1,0,1,0,0.8453,2
218,hsa_circ_0087640|CDC14B|TransCirc_TC-hsa-CDC14B_0017,1183,hsa-miR-6855-5p,UUGGGGUUUGGGGUGCAGACAUUGC,UGGGGUU,0,1,0,1,0,0.8453,2
219,hsa_circ_0087640|CDC14B|TransCirc_TC-hsa-CDC14B_0017,1183,hsa-miR-6858-3p,CAGCCAGCCCCUGCUCACCCCU,AGCCAGC,0,1,0,1,0,0.8453,2
220,hsa_circ_0087640|CDC14B|TransCirc_TC-hsa-CDC14B_0017,1183,hsa-miR-6859-5p,GAGAGGAACAUGGGCUCAGGACA,AGAGGAA,0,1,0,1,0,0.8453,2
221,hsa_circ_0087640|CDC14B|TransCirc_TC-hsa-CDC14B_0017,1183,hsa-miR-6865-3p,ACACCCUCUUUCCCUACCGCC,CACCCUC,0,1,0,1,0,0.8453,2
222,hsa_circ_0087640|CDC14B|TransCirc_TC-hsa-CDC14B_0017,1183,hsa-miR-6876-5p,CAGGAAGGAGACAGGCAGUUCA,AGGAAGG,0,1,0,1,0,0.8453,2
223,hsa_circ_0087640|CDC14B|TransCirc_TC-hsa-CDC14B_0017,1183,hsa-miR-7155-3p,UGGCCCAAGACCUCAGACC,GGCCCAA,0,1,0,1,0,0.8453,2
224,hsa_circ_0087640|CDC14B|TransCirc_TC-hsa-CDC14B_0017,1183,hsa-miR-7703,UUGCACUCUGGCCUUCUCCCAGG,UGCACUC,0,1,0,1,0,0.8453,2
225,hsa_circ_0087640|CDC14B|TransCirc_TC-hsa-CDC14B_0017,1183,hsa-miR-8057,GUGGCUCUGUAGUAAGAUGGA,UGGCUCU,0,1,0,1,0,0.8453,2
226,hsa_circ_0087640|CDC14B|TransCirc_TC-hsa-CDC14B_0017,1183,hsa-miR-8058,CUGGACUUUGAUCUUGCCAUAA,UGGACUU,0,1,0,1,0,0.8453,2
227,hsa_circ_0087640|CDC14B|TransCirc_TC-hsa-CDC14B_0017,1183,hsa-miR-8063,UCAAAAUCAGGAGUCGGGGCUU,CAAAAUC,0,1,0,1,0,0.8453,2
228,hsa_circ_0087640|CDC14B|TransCirc_TC-hsa-CDC14B_0017,1183,hsa-miR-8068,UGUUUGUUGUAAGGAUCGUUGU,GUUUGUU,0,1,0,1,0,0.8453,2
229,hsa_circ_0087640|CDC14B|TransCirc_TC-hsa-CDC14B_0017,1183,hsa-miR-95-5p,UCAAUAAAUGUCUGUUGAAUU,CAAUAAA,0,1,0,1,0,0.8453,2
230,hsa_circ_0087640|CDC14B|TransCirc_TC-hsa-CDC14B_0017,1183,hsa-miR-10394-5p,UCUGCAGGUCCUGGUGAACGCCAU,CUGCAGG,0,0,1,1,0,0.8453,1
231,hsa_circ_0087640|CDC14B|TransCirc_TC-hsa-CDC14B_0017,1183,hsa-miR-10524-5p,CAGGAUGCCAGCAUAGU,AGGAUGC,0,0,1,1,0,0.8453,1
232,hsa_circ_0087640|CDC14B|TransCirc_TC-hsa-CDC14B_0017,1183,hsa-miR-11181-5p,GUCUGACCAACCUCCUCCCGC,UCUGACC,0,0,1,1,0,0.8453,1
233,hsa_circ_0087640|CDC14B|TransCirc_TC-hsa-CDC14B_0017,1183,hsa-miR-11400,UCGGCUGUGUAUCUCUGUGUC,CGGCUGU,0,0,1,1,0,0.8453,1
234,hsa_circ_0087640|CDC14B|TransCirc_TC-hsa-CDC14B_0017,1183,hsa-miR-1184,CCUGCAGCGACUUGAUGGCUUCC,CUGCAGC,0,0,1,1,0,0.8453,1
235,hsa_circ_0087640|CDC14B|TransCirc_TC-hsa-CDC14B_0017,1183,hsa-miR-1202,GUGCCAGCUGCAGUGGGGGAG,UGCCAGC,0,0,1,1,0,0.8453,1
236,hsa_circ_0087640|CDC14B|TransCirc_TC-hsa-CDC14B_0017,1183,hsa-miR-1205,UCUGCAGGGUUUGCUUUGAG,CUGCAGG,0,0,1,1,0,0.8453,1
237,hsa_circ_0087640|CDC14B|TransCirc_TC-hsa-CDC14B_0017,1183,hsa-miR-1206,UGUUCAUGUAGAUGUUUAAGC,GUUCAUG,0,0,1,1,0,0.8453,1
238,hsa_circ_0087640|CDC14B|TransCirc_TC-hsa-CDC14B_0017,1183,hsa-miR-1208,UCACUGUUCAGACAGGCGGA,CACUGUU,0,0,1,1,0,0.8453,1
239,hsa_circ_0087640|CDC14B|TransCirc_TC-hsa-CDC14B_0017,1183,hsa-miR-12120,UAAGGAACGCGGGGCCUUGGUAGAGC,AAGGAAC,0,0,1,1,0,0.8453,1
240,hsa_circ_0087640|CDC14B|TransCirc_TC-hsa-CDC14B_0017,1183,hsa-miR-12133,CUUGGCACCAUUAAAAAGUACA,UUGGCAC,0,0,1,1,0,0.8453,1
241,hsa_circ_0087640|CDC14B|TransCirc_TC-hsa-CDC14B_0017,1183,hsa-miR-125b-1-3p,ACGGGUUAGGCUCUUGGGAGCU,CGGGUUA,0,0,1,1,0,0.8453,1
242,hsa_circ_0087640|CDC14B|TransCirc_TC-hsa-CDC14B_0017,1183,hsa-miR-1264,CAAGUCUUAUUUGAGCACCUGUU,AAGUCUU,0,0,1,1,0,0.8453,1
243,hsa_circ_0087640|CDC14B|TransCirc_TC-hsa-CDC14B_0017,1183,hsa-miR-1266-5p,CCUCAGGGCUGUAGAACAGGGCU,CUCAGGG,0,0,1,1,0,0.8453,1
244,hsa_circ_0087640|CDC14B|TransCirc_TC-hsa-CDC14B_0017,1183,hsa-miR-1270,CUGGAGAUAUGGAAGAGCUGUGU,UGGAGAU,0,0,1,1,0,0.8453,1
245,hsa_circ_0087640|CDC14B|TransCirc_TC-hsa-CDC14B_0017,1183,hsa-miR-1271-5p,CUUGGCACCUAGCAAGCACUCA,UUGGCAC,0,0,1,1,0,0.8453,1
246,hsa_circ_0087640|CDC14B|TransCirc_TC-hsa-CDC14B_0017,1183,hsa-miR-1305,UUUUCAACUCUAAUGGGAGAGA,UUUCAAC,0,0,1,1,0,0.8453,1
247,hsa_circ_0087640|CDC14B|TransCirc_TC-hsa-CDC14B_0017,1183,hsa-miR-1307-3p,ACUCGGCGUGGCGUCGGUCGUG,CUCGGCG,0,0,1,1,0,0.8453,1
248,hsa_circ_0087640|CDC14B|TransCirc_TC-hsa-CDC14B_0017,1183,hsa-miR-133a-3p,UUUGGUCCCCUUCAACCAGCUG,UUGGUCC,0,0,1,1,0,0.8453,1
249,hsa_circ_0087640|CDC14B|TransCirc_TC-hsa-CDC14B_0017,1183,hsa-miR-133b,UUUGGUCCCCUUCAACCAGCUA,UUGGUCC,0,0,1,1,0,0.8453,1
250,hsa_circ_0087640|CDC14B|TransCirc_TC-hsa-CDC14B_0017,1183,hsa-miR-1537-5p,AGCUGUAAUUAGUCAGUUUUCU,GCUGUAA,0,0,1,1,0,0.8453,1
251,hsa_circ_0087640|CDC14B|TransCirc_TC-hsa-CDC14B_0017,1183,hsa-miR-17-3p,ACUGCAGUGAAGGCACUUGUAG,CUGCAGU,0,0,1,1,0,0.8453,1
252,hsa_circ_0087640|CDC14B|TransCirc_TC-hsa-CDC14B_0017,1183,hsa-miR-182-5p,UUUGGCAAUGGUAGAACUCACACU,UUGGCAA,0,0,1,1,0,0.8453,1
253,hsa_circ_0087640|CDC14B|TransCirc_TC-hsa-CDC14B_0017,1183,hsa-miR-1910-3p,GAGGCAGAAGCAGGAUGACA,AGGCAGA,0,0,1,1,0,0.8453,1
254,hsa_circ_0087640|CDC14B|TransCirc_TC-hsa-CDC14B_0017,1183,hsa-miR-193b-5p,CGGGGUUUUGAGGGCGAGAUGA,GGGGUUU,0,0,1,1,0,0.8453,1
255,hsa_circ_0087640|CDC14B|TransCirc_TC-hsa-CDC14B_0017,1183,hsa-miR-199a-3p,ACAGUAGUCUGCACAUUGGUUA,CAGUAGU,0,0,1,1,0,0.8453,1
256,hsa_circ_0087640|CDC14B|TransCirc_TC-hsa-CDC14B_0017,1183,hsa-miR-199b-3p,ACAGUAGUCUGCACAUUGGUUA,CAGUAGU,0,0,1,1,0,0.8453,1
257,hsa_circ_0087640|CDC14B|TransCirc_TC-hsa-CDC14B_0017,1183,hsa-miR-19a-5p,AGUUUUGCAUAGUUGCACUACA,GUUUUGC,0,0,1,1,0,0.8453,1
258,hsa_circ_0087640|CDC14B|TransCirc_TC-hsa-CDC14B_0017,1183,hsa-miR-19b-1-5p,AGUUUUGCAGGUUUGCAUCCAGC,GUUUUGC,0,0,1,1,0,0.8453,1
259,hsa_circ_0087640|CDC14B|TransCirc_TC-hsa-CDC14B_0017,1183,hsa-miR-19b-2-5p,AGUUUUGCAGGUUUGCAUUUCA,GUUUUGC,0,0,1,1,0,0.8453,1
260,hsa_circ_0087640|CDC14B|TransCirc_TC-hsa-CDC14B_0017,1183,hsa-miR-203a-3p,GUGAAAUGUUUAGGACCACUAG,UGAAAUG,0,0,1,1,0,0.8453,1
261,hsa_circ_0087640|CDC14B|TransCirc_TC-hsa-CDC14B_0017,1183,hsa-miR-2052,UGUUUUGAUAACAGUAAUGU,GUUUUGA,0,0,1,1,0,0.8453,1
262,hsa_circ_0087640|CDC14B|TransCirc_TC-hsa-CDC14B_0017,1183,hsa-miR-2054,CUGUAAUAUAAAUUUAAUUUAUU,UGUAAUA,0,0,1,1,0,0.8453,1
263,hsa_circ_0087640|CDC14B|TransCirc_TC-hsa-CDC14B_0017,1183,hsa-miR-210-5p,AGCCCCUGCCCACCGCACACUG,GCCCCUG,0,0,1,1,0,0.8453,1
264,hsa_circ_0087640|CDC14B|TransCirc_TC-hsa-CDC14B_0017,1183,hsa-miR-2114-5p,UAGUCCCUUCCUUGAAGCGGUC,AGUCCCU,0,0,1,1,0,0.8453,1
265,hsa_circ_0087640|CDC14B|TransCirc_TC-hsa-CDC14B_0017,1183,hsa-miR-2115-3p,CAUCAGAAUUCAUGGAGGCUAG,AUCAGAA,0,0,1,1,0,0.8453,1
266,hsa_circ_0087640|CDC14B|TransCirc_TC-hsa-CDC14B_0017,1183,hsa-miR-224-5p,UCAAGUCACUAGUGGUUCCGUUUAG,CAAGUCA,0,0,1,1,0,0.8453,1
267,hsa_circ_0087640|CDC14B|TransCirc_TC-hsa-CDC14B_0017,1183,hsa-miR-2392,UAGGAUGGGGGUGAGAGGUG,AGGAUGG,0,0,1,1,0,0.8453,1
268,hsa_circ_0087640|CDC14B|TransCirc_TC-hsa-CDC14B_0017,1183,hsa-miR-2682-5p,CAGGCAGUGACUGUUCAGACGUC,AGGCAGU,0,0,1,1,0,0.8453,1
269,hsa_circ_0087640|CDC14B|TransCirc_TC-hsa-CDC14B_0017,1183,hsa-miR-27a-3p,UUCACAGUGGCUAAGUUCCGC,UCACAGU,0,0,1,1,0,0.8453,1
270,hsa_circ_0087640|CDC14B|TransCirc_TC-hsa-CDC14B_0017,1183,hsa-miR-27b-3p,UUCACAGUGGCUAAGUUCUGC,UCACAGU,0,0,1,1,0,0.8453,1
271,hsa_circ_0087640|CDC14B|TransCirc_TC-hsa-CDC14B_0017,1183,hsa-miR-29b-2-5p,CUGGUUUCACAUGGUGGCUUAG,UGGUUUC,0,0,1,1,0,0.8453,1
272,hsa_circ_0087640|CDC14B|TransCirc_TC-hsa-CDC14B_0017,1183,hsa-miR-302a-5p,ACUUAAACGUGGAUGUACUUGCU,CUUAAAC,0,0,1,1,0,0.8453,1
273,hsa_circ_0087640|CDC14B|TransCirc_TC-hsa-CDC14B_0017,1183,hsa-miR-3064-5p,UCUGGCUGUUGUGGUGUGCAA,CUGGCUG,0,0,1,1,0,0.8453,1
274,hsa_circ_0087640|CDC14B|TransCirc_TC-hsa-CDC14B_0017,1183,hsa-miR-3085-3p,UCUGGCUGCUAUGGCCCCCUC,CUGGCUG,0,0,1,1,0,0.8453,1
275,hsa_circ_0087640|CDC14B|TransCirc_TC-hsa-CDC14B_0017,1183,hsa-miR-30a-5p,UGUAAACAUCCUCGACUGGAAG,GUAAACA,0,0,1,1,0,0.8453,1
276,hsa_circ_0087640|CDC14B|TransCirc_TC-hsa-CDC14B_0017,1183,hsa-miR-30b-5p,UGUAAACAUCCUACACUCAGCU,GUAAACA,0,0,1,1,0,0.8453,1
277,hsa_circ_0087640|CDC14B|TransCirc_TC-hsa-CDC14B_0017,1183,hsa-miR-30c-5p,UGUAAACAUCCUACACUCUCAGC,GUAAACA,0,0,1,1,0,0.8453,1
278,hsa_circ_0087640|CDC14B|TransCirc_TC-hsa-CDC14B_0017,1183,hsa-miR-30d-5p,UGUAAACAUCCCCGACUGGAAG,GUAAACA,0,0,1,1,0,0.8453,1
279,hsa_circ_0087640|CDC14B|TransCirc_TC-hsa-CDC14B_0017,1183,hsa-miR-30e-5p,UGUAAACAUCCUUGACUGGAAG,GUAAACA,0,0,1,1,0,0.8453,1
280,hsa_circ_0087640|CDC14B|TransCirc_TC-hsa-CDC14B_0017,1183,hsa-miR-3129-5p,GCAGUAGUGUAGAGAUUGGUUU,CAGUAGU,0,0,1,1,0,0.8453,1
281,hsa_circ_0087640|CDC14B|TransCirc_TC-hsa-CDC14B_0017,1183,hsa-miR-3151-3p,CCUGAUCCCACAGCCCACCU,CUGAUCC,0,0,1,1,0,0.8453,1
282,hsa_circ_0087640|CDC14B|TransCirc_TC-hsa-CDC14B_0017,1183,hsa-miR-3171,AGAUGUAUGGAAUCUGUAUAUAUC,GAUGUAU,0,0,1,1,0,0.8453,1
283,hsa_circ_0087640|CDC14B|TransCirc_TC-hsa-CDC14B_0017,1183,hsa-miR-3191-5p,CUCUCUGGCCGUCUACCUUCCA,UCUCUGG,0,0,1,1,0,0.8453,1
284,hsa_circ_0087640|CDC14B|TransCirc_TC-hsa-CDC14B_0017,1183,hsa-miR-3194-3p,AGCUCUGCUGCUCACUGGCAGU,GCUCUGC,0,0,1,1,0,0.8453,1
285,hsa_circ_0087640|CDC14B|TransCirc_TC-hsa-CDC14B_0017,1183,hsa-miR-323a-5p,AGGUGGUCCGUGGCGCGUUCGC,GGUGGUC,0,0,1,1,0,0.8453,1
286,hsa_circ_0087640|CDC14B|TransCirc_TC-hsa-CDC14B_0017,1183,hsa-miR-34b-5p,UAGGCAGUGUCAUUAGCUGAUUG,AGGCAGU,0,0,1,1,0,0.8453,1
287,hsa_circ_0087640|CDC14B|TransCirc_TC-hsa-CDC14B_0017,1183,hsa-miR-369-5p,AGAUCGACCGUGUUAUAUUCGC,GAUCGAC,0,0,1,1,0,0.8453,1
288,hsa_circ_0087640|CDC14B|TransCirc_TC-hsa-CDC14B_0017,1183,hsa-miR-3692-5p,CCUGCUGGUCAGGAGUGGAUACUG,CUGCUGG,0,0,1,1,0,0.8453,1
289,hsa_circ_0087640|CDC14B|TransCirc_TC-hsa-CDC14B_0017,1183,hsa-miR-376a-3p,AUCAUAGAGGAAAAUCCACGU,UCAUAGA,0,0,1,1,0,0.8453,1
290,hsa_circ_0087640|CDC14B|TransCirc_TC-hsa-CDC14B_0017,1183,hsa-miR-376b-3p,AUCAUAGAGGAAAAUCCAUGUU,UCAUAGA,0,0,1,1,0,0.8453,1
291,hsa_circ_0087640|CDC14B|TransCirc_TC-hsa-CDC14B_0017,1183,hsa-miR-3925-5p,AAGAGAACUGAAAGUGGAGCCU,AGAGAAC,0,0,1,1,0,0.8453,1
292,hsa_circ_0087640|CDC14B|TransCirc_TC-hsa-CDC14B_0017,1183,hsa-miR-3972,CUGCCAGCCCCGUUCCAGGGCA,UGCCAGC,0,0,1,1,0,0.8453,1
293,hsa_circ_0087640|CDC14B|TransCirc_TC-hsa-CDC14B_0017,1183,hsa-miR-4256,AUCUGACCUGAUGAAGGU,UCUGACC,0,0,1,1,0,0.8453,1
294,hsa_circ_0087640|CDC14B|TransCirc_TC-hsa-CDC14B_0017,1183,hsa-miR-4272,CAUUCAACUAGUGAUUGU,AUUCAAC,0,0,1,1,0,0.8453,1
295,hsa_circ_0087640|CDC14B|TransCirc_TC-hsa-CDC14B_0017,1183,hsa-miR-4279,CUCUCCUCCCGGCUUC,UCUCCUC,0,0,1,1,0,0.8453,1
296,hsa_circ_0087640|CDC14B|TransCirc_TC-hsa-CDC14B_0017,1183,hsa-miR-4297,UGCCUUCCUGUCUGUG,GCCUUCC,0,0,1,1,0,0.8453,1
297,hsa_circ_0087640|CDC14B|TransCirc_TC-hsa-CDC14B_0017,1183,hsa-miR-4314,CUCUGGGAAAUGGGACAG,UCUGGGA,0,0,1,1,0,0.8453,1
298,hsa_circ_0087640|CDC14B|TransCirc_TC-hsa-CDC14B_0017,1183,hsa-miR-4433a-3p,ACAGGAGUGGGGGUGGGACAU,CAGGAGU,0,0,1,1,0,0.8453,1
299,hsa_circ_0087640|CDC14B|TransCirc_TC-hsa-CDC14B_0017,1183,hsa-miR-4470,UGGCAAACGUGGAAGCCGAGA,GGCAAAC,0,0,1,1,0,0.8453,1
300,hsa_circ_0087640|CDC14B|TransCirc_TC-hsa-CDC14B_0017,1183,hsa-miR-4481,GGAGUGGGCUGGUGGUU,GAGUGGG,0,0,1,1,0,0.8453,1
301,hsa_circ_0087640|CDC14B|TransCirc_TC-hsa-CDC14B_0017,1183,hsa-miR-4490,UCUGGUAAGAGAUUUGGGCAUA,CUGGUAA,0,0,1,1,0,0.8453,1
302,hsa_circ_0087640|CDC14B|TransCirc_TC-hsa-CDC14B_0017,1183,hsa-miR-449c-5p,UAGGCAGUGUAUUGCUAGCGGCUGU,AGGCAGU,0,0,1,1,0,0.8453,1
303,hsa_circ_0087640|CDC14B|TransCirc_TC-hsa-CDC14B_0017,1183,hsa-miR-4518,GCUCAGGGAUGAUAACUGUGCUGAGA,CUCAGGG,0,0,1,1,0,0.8453,1
304,hsa_circ_0087640|CDC14B|TransCirc_TC-hsa-CDC14B_0017,1183,hsa-miR-4520-5p,CCUGCGUGUUUUCUGUCCAA,CUGCGUG,0,0,1,1,0,0.8453,1
305,hsa_circ_0087640|CDC14B|TransCirc_TC-hsa-CDC14B_0017,1183,hsa-miR-4528,UCAUUAUAUGUAUGAUCUGGAC,CAUUAUA,0,0,1,1,0,0.8453,1
306,hsa_circ_0087640|CDC14B|TransCirc_TC-hsa-CDC14B_0017,1183,hsa-miR-4635,UCUUGAAGUCAGAACCCGCAA,CUUGAAG,0,0,1,1,0,0.8453,1
307,hsa_circ_0087640|CDC14B|TransCirc_TC-hsa-CDC14B_0017,1183,hsa-miR-4658,GUGAGUGUGGAUCCUGGAGGAAU,UGAGUGU,0,0,1,1,0,0.8453,1
308,hsa_circ_0087640|CDC14B|TransCirc_TC-hsa-CDC14B_0017,1183,hsa-miR-4663,AGCUGAGCUCCAUGGACGUGCAGU,GCUGAGC,0,0,1,1,0,0.8453,1
309,hsa_circ_0087640|CDC14B|TransCirc_TC-hsa-CDC14B_0017,1183,hsa-miR-4667-5p,ACUGGGGAGCAGAAGGAGAACC,CUGGGGA,0,0,1,1,0,0.8453,1
310,hsa_circ_0087640|CDC14B|TransCirc_TC-hsa-CDC14B_0017,1183,hsa-miR-4700-5p,UCUGGGGAUGAGGACAGUGUGU,CUGGGGA,0,0,1,1,0,0.8453,1
311,hsa_circ_0087640|CDC14B|TransCirc_TC-hsa-CDC14B_0017,1183,hsa-miR-4713-5p,UUCUCCCACUACCAGGCUCCCA,UCUCCCA,0,0,1,1,0,0.8453,1
312,hsa_circ_0087640|CDC14B|TransCirc_TC-hsa-CDC14B_0017,1183,hsa-miR-4718,AGCUGUACCUGAAACCAAGCA,GCUGUAC,0,0,1,1,0,0.8453,1
313,hsa_circ_0087640|CDC14B|TransCirc_TC-hsa-CDC14B_0017,1183,hsa-miR-4722-3p,ACCUGCCAGCACCUCCCUGCAG,CCUGCCA,0,0,1,1,0,0.8453,1
314,hsa_circ_0087640|CDC14B|TransCirc_TC-hsa-CDC14B_0017,1183,hsa-miR-4732-5p,UGUAGAGCAGGGAGCAGGAAGCU,GUAGAGC,0,0,1,1,0,0.8453,1
315,hsa_circ_0087640|CDC14B|TransCirc_TC-hsa-CDC14B_0017,1183,hsa-miR-4745-5p,UGAGUGGGGCUCCCGGGACGGCG,GAGUGGG,0,0,1,1,0,0.8453,1
316,hsa_circ_0087640|CDC14B|TransCirc_TC-hsa-CDC14B_0017,1183,hsa-miR-4749-3p,CGCCCCUCCUGCCCCCACAG,GCCCCUC,0,0,1,1,0,0.8453,1
317,hsa_circ_0087640|CDC14B|TransCirc_TC-hsa-CDC14B_0017,1183,hsa-miR-4761-5p,ACAAGGUGUGCAUGCCUGACC,CAAGGUG,0,0,1,1,0,0.8453,1
318,hsa_circ_0087640|CDC14B|TransCirc_TC-hsa-CDC14B_0017,1183,hsa-miR-4768-5p,AUUCUCUCUGGAUCCCAUGGAU,UUCUCUC,0,0,1,1,0,0.8453,1
319,hsa_circ_0087640|CDC14B|TransCirc_TC-hsa-CDC14B_0017,1183,hsa-miR-4772-5p,UGAUCAGGCAAAAUUGCAGACU,GAUCAGG,0,0,1,1,0,0.8453,1
320,hsa_circ_0087640|CDC14B|TransCirc_TC-hsa-CDC14B_0017,1183,hsa-miR-4775,UUAAUUUUUUGUUUCGGUCACU,UAAUUUU,0,0,1,1,0,0.8453,1
321,hsa_circ_0087640|CDC14B|TransCirc_TC-hsa-CDC14B_0017,1183,hsa-miR-4794,UCUGGCUAUCUCACGAGACUGU,CUGGCUA,0,0,1,1,0,0.8453,1
322,hsa_circ_0087640|CDC14B|TransCirc_TC-hsa-CDC14B_0017,1183,hsa-miR-483-3p,UCACUCCUCUCCUCCCGUCUU,CACUCCU,0,0,1,1,0,0.8453,1
323,hsa_circ_0087640|CDC14B|TransCirc_TC-hsa-CDC14B_0017,1183,hsa-miR-486-5p,UCCUGUACUGAGCUGCCCCGAG,CCUGUAC,0,0,1,1,0,0.8453,1
324,hsa_circ_0087640|CDC14B|TransCirc_TC-hsa-CDC14B_0017,1183,hsa-miR-497-3p,CAAACCACACUGUGGUGUUAGA,AAACCAC,0,0,1,1,0,0.8453,1
325,hsa_circ_0087640|CDC14B|TransCirc_TC-hsa-CDC14B_0017,1183,hsa-miR-4999-5p,UGCUGUAUUGUCAGGUAGUGA,GCUGUAU,0,0,1,1,0,0.8453,1
326,hsa_circ_0087640|CDC14B|TransCirc_TC-hsa-CDC14B_0017,1183,hsa-miR-5006-5p,UUGCCAGGGCAGGAGGUGGAA,UGCCAGG,0,0,1,1,0,0.8453,1
327,hsa_circ_0087640|CDC14B|TransCirc_TC-hsa-CDC14B_0017,1183,hsa-miR-5007-3p,AUCAUAUGAACCAAACUCUAAU,UCAUAUG,0,0,1,1,0,0.8453,1
328,hsa_circ_0087640|CDC14B|TransCirc_TC-hsa-CDC14B_0017,1183,hsa-miR-506-5p,UAUUCAGGAAGGUGUUACUUAA,AUUCAGG,0,0,1,1,0,0.8453,1
329,hsa_circ_0087640|CDC14B|TransCirc_TC-hsa-CDC14B_0017,1183,hsa-miR-5087,GGGUUUGUAGCUUUGCUGGCAUG,GGUUUGU,0,0,1,1,0,0.8453,1
330,hsa_circ_0087640|CDC14B|TransCirc_TC-hsa-CDC14B_0017,1183,hsa-miR-511-5p,GUGUCUUUUGCUCUGCAGUCA,UGUCUUU,0,0,1,1,0,0.8453,1
331,hsa_circ_0087640|CDC14B|TransCirc_TC-hsa-CDC14B_0017,1183,hsa-miR-513a-5p,UUCACAGGGAGGUGUCAU,UCACAGG,0,0,1,1,0,0.8453,1
332,hsa_circ_0087640|CDC14B|TransCirc_TC-hsa-CDC14B_0017,1183,hsa-miR-514a-3p,AUUGACACUUCUGUGAGUAGA,UUGACAC,0,0,1,1,0,0.8453,1
333,hsa_circ_0087640|CDC14B|TransCirc_TC-hsa-CDC14B_0017,1183,hsa-miR-514b-3p,AUUGACACCUCUGUGAGUGGA,UUGACAC,0,0,1,1,0,0.8453,1
334,hsa_circ_0087640|CDC14B|TransCirc_TC-hsa-CDC14B_0017,1183,hsa-miR-516a-5p,UUCUCGAGGAAAGAAGCACUUUC,UCUCGAG,0,0,1,1,0,0.8453,1
335,hsa_circ_0087640|CDC14B|TransCirc_TC-hsa-CDC14B_0017,1183,hsa-miR-518a-3p,GAAAGCGCUUCCCUUUGCUGGA,AAAGCGC,0,0,1,1,0,0.8453,1
336,hsa_circ_0087640|CDC14B|TransCirc_TC-hsa-CDC14B_0017,1183,hsa-miR-518b,CAAAGCGCUCCCCUUUAGAGGU,AAAGCGC,0,0,1,1,0,0.8453,1
337,hsa_circ_0087640|CDC14B|TransCirc_TC-hsa-CDC14B_0017,1183,hsa-miR-518c-3p,CAAAGCGCUUCUCUUUAGAGUGU,AAAGCGC,0,0,1,1,0,0.8453,1
338,hsa_circ_0087640|CDC14B|TransCirc_TC-hsa-CDC14B_0017,1183,hsa-miR-518d-3p,CAAAGCGCUUCCCUUUGGAGC,AAAGCGC,0,0,1,1,0,0.8453,1
339,hsa_circ_0087640|CDC14B|TransCirc_TC-hsa-CDC14B_0017,1183,hsa-miR-518f-3p,GAAAGCGCUUCUCUUUAGAGG,AAAGCGC,0,0,1,1,0,0.8453,1
340,hsa_circ_0087640|CDC14B|TransCirc_TC-hsa-CDC14B_0017,1183,hsa-miR-5196-3p,UCAUCCUCGUCUCCCUCCCAG,CAUCCUC,0,0,1,1,0,0.8453,1
341,hsa_circ_0087640|CDC14B|TransCirc_TC-hsa-CDC14B_0017,1183,hsa-miR-526a-3p,GAAAGCGCUUCCUUUUAGAGGA,AAAGCGC,0,0,1,1,0,0.8453,1
342,hsa_circ_0087640|CDC14B|TransCirc_TC-hsa-CDC14B_0017,1183,hsa-miR-544a,AUUCUGCAUUUUUAGCAAGUUC,UUCUGCA,0,0,1,1,0,0.8453,1
343,hsa_circ_0087640|CDC14B|TransCirc_TC-hsa-CDC14B_0017,1183,hsa-miR-551a,GCGACCCACUCUUGGUUUCCA,CGACCCA,0,0,1,1,0,0.8453,1
344,hsa_circ_0087640|CDC14B|TransCirc_TC-hsa-CDC14B_0017,1183,hsa-miR-551b-3p,GCGACCCAUACUUGGUUUCAG,CGACCCA,0,0,1,1,0,0.8453,1
345,hsa_circ_0087640|CDC14B|TransCirc_TC-hsa-CDC14B_0017,1183,hsa-miR-5581-5p,AGCCUUCCAGGAGAAAUGGAGA,GCCUUCC,0,0,1,1,0,0.8453,1
346,hsa_circ_0087640|CDC14B|TransCirc_TC-hsa-CDC14B_0017,1183,hsa-miR-5585-3p,CUGAAUAGCUGGGACUACAGGU,UGAAUAG,0,0,1,1,0,0.8453,1
347,hsa_circ_0087640|CDC14B|TransCirc_TC-hsa-CDC14B_0017,1183,hsa-miR-5588-3p,AAGUCCCACUAAUGCCAGC,AGUCCCA,0,0,1,1,0,0.8453,1
348,hsa_circ_0087640|CDC14B|TransCirc_TC-hsa-CDC14B_0017,1183,hsa-miR-561-5p,AUCAAGGAUCUUAAACUUUGCC,UCAAGGA,0,0,1,1,0,0.8453,1
349,hsa_circ_0087640|CDC14B|TransCirc_TC-hsa-CDC14B_0017,1183,hsa-miR-5680,GAGAAAUGCUGGACUAAUCUGC,AGAAAUG,0,0,1,1,0,0.8453,1
350,hsa_circ_0087640|CDC14B|TransCirc_TC-hsa-CDC14B_0017,1183,hsa-miR-5681a,AGAAAGGGUGGCAAUACCUCUU,GAAAGGG,0,0,1,1,0,0.8453,1
351,hsa_circ_0087640|CDC14B|TransCirc_TC-hsa-CDC14B_0017,1183,hsa-miR-5681b,AGGUAUUGCCACCCUUUCUAGU,GGUAUUG,0,0,1,1,0,0.8453,1
352,hsa_circ_0087640|CDC14B|TransCirc_TC-hsa-CDC14B_0017,1183,hsa-miR-5695,ACUCCAAGAAGAAUCUAGACAG,CUCCAAG,0,0,1,1,0,0.8453,1
353,hsa_circ_0087640|CDC14B|TransCirc_TC-hsa-CDC14B_0017,1183,hsa-miR-571,UGAGUUGGCCAUCUGAGUGAG,GAGUUGG,0,0,1,1,0,0.8453,1
354,hsa_circ_0087640|CDC14B|TransCirc_TC-hsa-CDC14B_0017,1183,hsa-miR-593-3p,UGUCUCUGCUGGGGUUUCU,GUCUCUG,0,0,1,1,0,0.8453,1
355,hsa_circ_0087640|CDC14B|TransCirc_TC-hsa-CDC14B_0017,1183,hsa-miR-593-5p,AGGCACCAGCCAGGCAUUGCUCAGC,GGCACCA,0,0,1,1,0,0.8453,1
356,hsa_circ_0087640|CDC14B|TransCirc_TC-hsa-CDC14B_0017,1183,hsa-miR-6076,AGCAUGACAGAGGAGAGGUGG,GCAUGAC,0,0,1,1,0,0.8453,1
357,hsa_circ_0087640|CDC14B|TransCirc_TC-hsa-CDC14B_0017,1183,hsa-miR-6089,GGAGGCCGGGGUGGGGCGGGGCGG,GAGGCCG,0,0,1,1,0,0.8453,1
358,hsa_circ_0087640|CDC14B|TransCirc_TC-hsa-CDC14B_0017,1183,hsa-miR-6165,CAGCAGGAGGUGAGGGGAG,AGCAGGA,0,0,1,1,0,0.8453,1
359,hsa_circ_0087640|CDC14B|TransCirc_TC-hsa-CDC14B_0017,1183,hsa-miR-620,AUGGAGAUAGAUAUAGAAAU,UGGAGAU,0,0,1,1,0,0.8453,1
360,hsa_circ_0087640|CDC14B|TransCirc_TC-hsa-CDC14B_0017,1183,hsa-miR-626,AGCUGUCUGAAAAUGUCUU,GCUGUCU,0,0,1,1,0,0.8453,1
361,hsa_circ_0087640|CDC14B|TransCirc_TC-hsa-CDC14B_0017,1183,hsa-miR-628-5p,AUGCUGACAUAUUUACUAGAGG,UGCUGAC,0,0,1,1,0,0.8453,1
362,hsa_circ_0087640|CDC14B|TransCirc_TC-hsa-CDC14B_0017,1183,hsa-miR-637,ACUGGGGGCUUUCGGGCUCUGCGU,CUGGGGG,0,0,1,1,0,0.8453,1
363,hsa_circ_0087640|CDC14B|TransCirc_TC-hsa-CDC14B_0017,1183,hsa-miR-6501-3p,CCAGAGCAGCCUGCGGUAACAGU,CAGAGCA,0,0,1,1,0,0.8453,1
364,hsa_circ_0087640|CDC14B|TransCirc_TC-hsa-CDC14B_0017,1183,hsa-miR-6504-5p,UCUGGCUGUGCUGUAAUGCAG,CUGGCUG,0,0,1,1,0,0.8453,1
365,hsa_circ_0087640|CDC14B|TransCirc_TC-hsa-CDC14B_0017,1183,hsa-miR-651-3p,AAAGGAAAGUGUAUCCUAAAAG,AAGGAAA,0,0,1,1,0,0.8453,1
366,hsa_circ_0087640|CDC14B|TransCirc_TC-hsa-CDC14B_0017,1183,hsa-miR-6510-5p,CAGCAGGGGAGAGAGAGGAGUC,AGCAGGG,0,0,1,1,0,0.8453,1
367,hsa_circ_0087640|CDC14B|TransCirc_TC-hsa-CDC14B_0017,1183,hsa-miR-6511a-5p,CAGGCAGAAGUGGGGCUGACAGG,AGGCAGA,0,0,1,1,0,0.8453,1
368,hsa_circ_0087640|CDC14B|TransCirc_TC-hsa-CDC14B_0017,1183,hsa-miR-664a-3p,UAUUCAUUUAUCCCCAGCCUACA,AUUCAUU,0,0,1,1,0,0.8453,1
369,hsa_circ_0087640|CDC14B|TransCirc_TC-hsa-CDC14B_0017,1183,hsa-miR-664a-5p,ACUGGCUAGGGAAAAUGAUUGGAU,CUGGCUA,0,0,1,1,0,0.8453,1
370,hsa_circ_0087640|CDC14B|TransCirc_TC-hsa-CDC14B_0017,1183,hsa-miR-6727-3p,UCCUGCCACCUCCUCCGCAG,CCUGCCA,0,0,1,1,0,0.8453,1
371,hsa_circ_0087640|CDC14B|TransCirc_TC-hsa-CDC14B_0017,1183,hsa-miR-6730-5p,AGAAAGGUGGAGGGGUUGUCAGA,GAAAGGU,0,0,1,1,0,0.8453,1
372,hsa_circ_0087640|CDC14B|TransCirc_TC-hsa-CDC14B_0017,1183,hsa-miR-6738-3p,CUUCUGCCUGCAUUCUACUCCCAG,UUCUGCC,0,0,1,1,0,0.8453,1
373,hsa_circ_0087640|CDC14B|TransCirc_TC-hsa-CDC14B_0017,1183,hsa-miR-6747-3p,UCCUGCCUUCCUCUGCACCAG,CCUGCCU,0,0,1,1,0,0.8453,1
374,hsa_circ_0087640|CDC14B|TransCirc_TC-hsa-CDC14B_0017,1183,hsa-miR-6753-3p,UGGUCUGUCUCUGCCCUGGCAC,GGUCUGU,0,0,1,1,0,0.8453,1
375,hsa_circ_0087640|CDC14B|TransCirc_TC-hsa-CDC14B_0017,1183,hsa-miR-6755-3p,UGUUGUCAUGUUUUUUCCCUAG,GUUGUCA,0,0,1,1,0,0.8453,1
376,hsa_circ_0087640|CDC14B|TransCirc_TC-hsa-CDC14B_0017,1183,hsa-miR-6760-3p,ACACUGUCCCCUUCUCCCCAG,CACUGUC,0,0,1,1,0,0.8453,1
377,hsa_circ_0087640|CDC14B|TransCirc_TC-hsa-CDC14B_0017,1183,hsa-miR-6776-3p,CAACCACCACUGUCUCUCCCCAG,AACCACC,0,0,1,1,0,0.8453,1
378,hsa_circ_0087640|CDC14B|TransCirc_TC-hsa-CDC14B_0017,1183,hsa-miR-6790-5p,GUGAGUGUGGAUUUGGCGGGGUU,UGAGUGU,0,0,1,1,0,0.8453,1
379,hsa_circ_0087640|CDC14B|TransCirc_TC-hsa-CDC14B_0017,1183,hsa-miR-6793-3p,UCCCCAACCCCUGCCCGCAG,CCCCAAC,0,0,1,1,0,0.8453,1
380,hsa_circ_0087640|CDC14B|TransCirc_TC-hsa-CDC14B_0017,1183,hsa-miR-6797-3p,UGCAUGACCCUUCCCUCCCCAC,GCAUGAC,0,0,1,1,0,0.8453,1
381,hsa_circ_0087640|CDC14B|TransCirc_TC-hsa-CDC14B_0017,1183,hsa-miR-6808-5p,CAGGCAGGGAGGUGGGACCAUG,AGGCAGG,0,0,1,1,0,0.8453,1
382,hsa_circ_0087640|CDC14B|TransCirc_TC-hsa-CDC14B_0017,1183,hsa-miR-6809-3p,CUUCUCUUCUCUCCUUCCCAG,UUCUCUU,0,0,1,1,0,0.8453,1
383,hsa_circ_0087640|CDC14B|TransCirc_TC-hsa-CDC14B_0017,1183,hsa-miR-6822-3p,AGGCUCUAACUGGCUUUCCCUGCA,GGCUCUA,0,0,1,1,0,0.8453,1
384,hsa_circ_0087640|CDC14B|TransCirc_TC-hsa-CDC14B_0017,1183,hsa-miR-6833-3p,UUUCUCUCUCCACUUCCUCAG,UUCUCUC,0,0,1,1,0,0.8453,1
385,hsa_circ_0087640|CDC14B|TransCirc_TC-hsa-CDC14B_0017,1183,hsa-miR-6844,UUCUUUGUUUUUAAUUCACAG,UCUUUGU,0,0,1,1,0,0.8453,1
386,hsa_circ_0087640|CDC14B|TransCirc_TC-hsa-CDC14B_0017,1183,hsa-miR-6845-3p,CCUCUCCUCCCUGUGCCCCAG,CUCUCCU,0,0,1,1,0,0.8453,1
387,hsa_circ_0087640|CDC14B|TransCirc_TC-hsa-CDC14B_0017,1183,hsa-miR-6849-3p,ACCAGCCUGUGUCCACCUCCAG,CCAGCCU,0,0,1,1,0,0.8453,1
388,hsa_circ_0087640|CDC14B|TransCirc_TC-hsa-CDC14B_0017,1183,hsa-miR-6867-3p,CUCUCCCUCUUUACCCACUAG,UCUCCCU,0,0,1,1,0,0.8453,1
389,hsa_circ_0087640|CDC14B|TransCirc_TC-hsa-CDC14B_0017,1183,hsa-miR-6876-3p,AGCUGUCUGUGUUUUCCUUCUCAG,GCUGUCU,0,0,1,1,0,0.8453,1
390,hsa_circ_0087640|CDC14B|TransCirc_TC-hsa-CDC14B_0017,1183,hsa-miR-6882-3p,UGCUGCCUCUCCUCUUGCCUGCAG,GCUGCCU,0,0,1,1,0,0.8453,1
391,hsa_circ_0087640|CDC14B|TransCirc_TC-hsa-CDC14B_0017,1183,hsa-miR-6893-5p,CAGGCAGGUGUAGGGUGGAGC,AGGCAGG,0,0,1,1,0,0.8453,1
392,hsa_circ_0087640|CDC14B|TransCirc_TC-hsa-CDC14B_0017,1183,hsa-miR-7107-3p,UGGUCUGUUCAUUCUCUCUUUUUGGCC,GGUCUGU,0,0,1,1,0,0.8453,1
393,hsa_circ_0087640|CDC14B|TransCirc_TC-hsa-CDC14B_0017,1183,hsa-miR-7154-5p,UUCAUGAACUGGGUCUAGCUUGG,UCAUGAA,0,0,1,1,0,0.8453,1
394,hsa_circ_0087640|CDC14B|TransCirc_TC-hsa-CDC14B_0017,1183,hsa-miR-760,CGGCUCUGGGUCUGUGGGGA,GGCUCUG,0,0,1,1,0,0.8453,1
395,hsa_circ_0087640|CDC14B|TransCirc_TC-hsa-CDC14B_0017,1183,hsa-miR-7850-5p,GUUUGGACAUAGUGUGGCUGG,UUUGGAC,0,0,1,1,0,0.8453,1
396,hsa_circ_0087640|CDC14B|TransCirc_TC-hsa-CDC14B_0017,1183,hsa-miR-8075,UGCUGAUGGCAGAUGUCGGGUCUG,GCUGAUG,0,0,1,1,0,0.8453,1
397,hsa_circ_0087640|CDC14B|TransCirc_TC-hsa-CDC14B_0017,1183,hsa-miR-8077,GGCUGAGUGGGGUUCUGACUCC,GCUGAGU,0,0,1,1,0,0.8453,1
398,hsa_circ_0087640|CDC14B|TransCirc_TC-hsa-CDC14B_0017,1183,hsa-miR-8089,CCUGGGGACAGGGGAUUGGGGCAG,CUGGGGA,0,0,1,1,0,0.8453,1
399,hsa_circ_0087640|CDC14B|TransCirc_TC-hsa-CDC14B_0017,1183,hsa-miR-876-3p,UGGUGGUUUACAAAGUAAUUCA,GGUGGUU,0,0,1,1,0,0.8453,1
400,hsa_circ_0087640|CDC14B|TransCirc_TC-hsa-CDC14B_0017,1183,hsa-miR-889-3p,UUAAUAUCGGACAACCAUUGU,UAAUAUC,0,0,1,1,0,0.8453,1
401,hsa_circ_0087640|CDC14B|TransCirc_TC-hsa-CDC14B_0017,1183,hsa-miR-936,ACAGUAGAGGGAGGAAUCGCAG,CAGUAGA,0,0,1,1,0,0.8453,1
402,hsa_circ_0087640|CDC14B|TransCirc_TC-hsa-CDC14B_0017,1183,hsa-miR-940,AAGGCAGGGCCCCCGCUCCCC,AGGCAGG,0,0,1,1,0,0.8453,1
403,hsa_circ_0087640|CDC14B|TransCirc_TC-hsa-CDC14B_0017,1183,hsa-miR-96-5p,UUUGGCACUAGCACAUUUUUGCU,UUGGCAC,0,0,1,1,0,0.8453,1
404,hsa_circ_0087640|CDC14B|TransCirc_TC-hsa-CDC14B_0017,1183,hsa-miR-9718,UUGCUGACCUGGGUGGUGGU,UGCUGAC,0,0,1,1,0,0.8453,1
405,hsa_circ_0087640|CDC14B|TransCirc_TC-hsa-CDC14B_0017,1183,hsa-miR-9851-3p,UGGCACCAGCACUGGCGGUGUC,GGCACCA,0,0,1,1,0,0.8453,1
406,hsa_circ_0087640|CDC14B|TransCirc_TC-hsa-CDC14B_0017,1183,hsa-miR-9985,UUCACAGUGGCUAAGCUAU,UCACAGU,0,0,1,1,0,0.8453,1
